Cycle start time,Cycle end time,Cycle timezone,Question text,Answered yes,Notes
2026-05-01 00:21:19,2026-05-02 01:01:32,UTC+01:00,Experienced decreased libido?,false,
2026-05-01 00:21:19,2026-05-02 01:01:32,UTC+01:00,Wore mouth tape while sleeping?,false,
2026-05-01 00:21:19,2026-05-02 01:01:32,UTC+01:00,Took a hot shower before bed?,false,
2026-05-01 00:21:19,2026-05-02 01:01:32,UTC+01:00,Took a magnesium supplement?,false,
2026-05-01 00:21:19,2026-05-02 01:01:32,UTC+01:00,Consumed caffeine?,false,
2026-05-01 00:21:19,2026-05-02 01:01:32,UTC+01:00,Masturbated?,false,
2026-05-01 00:21:19,2026-05-02 01:01:32,UTC+01:00,Consumed nuts?,false,
2026-05-01 00:21:19,2026-05-02 01:01:32,UTC+01:00,Walked after a meal?,false,
2026-05-01 00:21:19,2026-05-02 01:01:32,UTC+01:00,Experienced bloating?,false,
2026-05-01 00:21:19,2026-05-02 01:01:32,UTC+01:00,Took omega 3 supplement?,false,
2026-05-01 00:21:19,2026-05-02 01:01:32,UTC+01:00,Spent time stretching?,false,
2026-05-01 00:21:19,2026-05-02 01:01:32,UTC+01:00,Ate food close to bedtime?,false,
2026-05-01 00:21:19,2026-05-02 01:01:32,UTC+01:00,Took creatine?,false,
2026-05-01 00:21:19,2026-05-02 01:01:32,UTC+01:00,Took vitamin D?,false,
2026-05-01 00:21:19,2026-05-02 01:01:32,UTC+01:00,Took a zinc supplement?,false,
2026-05-01 00:21:19,2026-05-02 01:01:32,UTC+01:00,Ate breakfast?,false,
2026-05-01 00:21:19,2026-05-02 01:01:32,UTC+01:00,Engaged in sexual activity?,false,
2026-05-01 00:21:19,2026-05-02 01:01:32,UTC+01:00,Took electrolyte supplements?,false,
2026-03-18 00:37:23,2026-03-19 00:47:48,UTCZ,Took a magnesium supplement?,false,
2026-03-18 00:37:23,2026-03-19 00:47:48,UTCZ,Took omega 3 supplement?,false,
2026-03-18 00:37:23,2026-03-19 00:47:48,UTCZ,Took vitamin D?,false,
2026-03-18 00:37:23,2026-03-19 00:47:48,UTCZ,Took creatine?,false,
2026-03-18 00:37:23,2026-03-19 00:47:48,UTCZ,Experienced decreased libido?,false,
2026-03-18 00:37:23,2026-03-19 00:47:48,UTCZ,Took a zinc supplement?,false,
2026-03-18 00:37:23,2026-03-19 00:47:48,UTCZ,Experienced bloating?,false,
2026-03-18 00:37:23,2026-03-19 00:47:48,UTCZ,Took a hot shower before bed?,false,
2026-03-18 00:37:23,2026-03-19 00:47:48,UTCZ,Spent time stretching?,false,
2026-03-18 00:37:23,2026-03-19 00:47:48,UTCZ,Ate breakfast?,false,
2026-03-18 00:37:23,2026-03-19 00:47:48,UTCZ,Wore mouth tape while sleeping?,false,
2026-03-18 00:37:23,2026-03-19 00:47:48,UTCZ,Masturbated?,false,
2026-03-18 00:37:23,2026-03-19 00:47:48,UTCZ,Took electrolyte supplements?,false,
2026-03-18 00:37:23,2026-03-19 00:47:48,UTCZ,Walked after a meal?,false,
2026-03-18 00:37:23,2026-03-19 00:47:48,UTCZ,Engaged in sexual activity?,false,
2026-03-18 00:37:23,2026-03-19 00:47:48,UTCZ,Consumed caffeine?,true,
2026-03-18 00:37:23,2026-03-19 00:47:48,UTCZ,Consumed nuts?,true,
2026-03-18 00:37:23,2026-03-19 00:47:48,UTCZ,Ate food close to bedtime?,false,
2026-03-16 00:28:04,2026-03-17 00:13:23,UTCZ,Experienced bloating?,false,
2026-03-16 00:28:04,2026-03-17 00:13:23,UTCZ,Engaged in sexual activity?,false,
2026-03-16 00:28:04,2026-03-17 00:13:23,UTCZ,Took a zinc supplement?,false,
2026-03-16 00:28:04,2026-03-17 00:13:23,UTCZ,Wore mouth tape while sleeping?,false,
2026-03-16 00:28:04,2026-03-17 00:13:23,UTCZ,Walked after a meal?,false,
2026-03-16 00:28:04,2026-03-17 00:13:23,UTCZ,Took a magnesium supplement?,false,
2026-03-16 00:28:04,2026-03-17 00:13:23,UTCZ,Took vitamin D?,false,
2026-03-16 00:28:04,2026-03-17 00:13:23,UTCZ,Took electrolyte supplements?,false,
2026-03-16 00:28:04,2026-03-17 00:13:23,UTCZ,Spent time stretching?,false,
2026-03-16 00:28:04,2026-03-17 00:13:23,UTCZ,Took omega 3 supplement?,false,
2026-03-16 00:28:04,2026-03-17 00:13:23,UTCZ,Took creatine?,false,
2026-03-16 00:28:04,2026-03-17 00:13:23,UTCZ,Ate food close to bedtime?,false,
2026-03-16 00:28:04,2026-03-17 00:13:23,UTCZ,Consumed nuts?,true,
2026-03-16 00:28:04,2026-03-17 00:13:23,UTCZ,Masturbated?,false,
2026-03-16 00:28:04,2026-03-17 00:13:23,UTCZ,Consumed caffeine?,true,
2026-03-16 00:28:04,2026-03-17 00:13:23,UTCZ,Took a hot shower before bed?,false,
2026-03-16 00:28:04,2026-03-17 00:13:23,UTCZ,Experienced decreased libido?,false,
2026-03-16 00:28:04,2026-03-17 00:13:23,UTCZ,Ate breakfast?,false,
2026-03-14 23:01:31,2026-03-16 00:28:04,UTCZ,Took electrolyte supplements?,false,
2026-03-14 23:01:31,2026-03-16 00:28:04,UTCZ,Took creatine?,false,
2026-03-14 23:01:31,2026-03-16 00:28:04,UTCZ,Took a hot shower before bed?,false,
2026-03-14 23:01:31,2026-03-16 00:28:04,UTCZ,Consumed caffeine?,true,
2026-03-14 23:01:31,2026-03-16 00:28:04,UTCZ,Took a magnesium supplement?,false,
2026-03-14 23:01:31,2026-03-16 00:28:04,UTCZ,Ate food close to bedtime?,false,
2026-03-14 23:01:31,2026-03-16 00:28:04,UTCZ,Took a zinc supplement?,false,
2026-03-14 23:01:31,2026-03-16 00:28:04,UTCZ,Experienced decreased libido?,false,
2026-03-14 23:01:31,2026-03-16 00:28:04,UTCZ,Wore mouth tape while sleeping?,false,
2026-03-14 23:01:31,2026-03-16 00:28:04,UTCZ,Experienced bloating?,true,
2026-03-14 23:01:31,2026-03-16 00:28:04,UTCZ,Spent time stretching?,false,
2026-03-14 23:01:31,2026-03-16 00:28:04,UTCZ,Took vitamin D?,false,
2026-03-14 23:01:31,2026-03-16 00:28:04,UTCZ,Masturbated?,false,
2026-03-14 23:01:31,2026-03-16 00:28:04,UTCZ,Consumed nuts?,false,
2026-03-14 23:01:31,2026-03-16 00:28:04,UTCZ,Walked after a meal?,true,
2026-03-14 23:01:31,2026-03-16 00:28:04,UTCZ,Engaged in sexual activity?,false,
2026-03-14 23:01:31,2026-03-16 00:28:04,UTCZ,Took omega 3 supplement?,false,
2026-03-14 23:01:31,2026-03-16 00:28:04,UTCZ,Ate breakfast?,true,
2026-03-09 01:00:30,2026-03-10 01:04:32,UTCZ,Ate breakfast?,true,
2026-03-09 01:00:30,2026-03-10 01:04:32,UTCZ,Experienced bloating?,false,
2026-03-09 01:00:30,2026-03-10 01:04:32,UTCZ,Ate food close to bedtime?,true,
2026-03-09 01:00:30,2026-03-10 01:04:32,UTCZ,Took a zinc supplement?,false,
2026-03-09 01:00:30,2026-03-10 01:04:32,UTCZ,Took vitamin D?,false,
2026-03-09 01:00:30,2026-03-10 01:04:32,UTCZ,Engaged in sexual activity?,false,
2026-03-09 01:00:30,2026-03-10 01:04:32,UTCZ,Took omega 3 supplement?,false,
2026-03-09 01:00:30,2026-03-10 01:04:32,UTCZ,Walked after a meal?,true,
2026-03-09 01:00:30,2026-03-10 01:04:32,UTCZ,Spent time stretching?,false,
2026-03-09 01:00:30,2026-03-10 01:04:32,UTCZ,Took a magnesium supplement?,false,
2026-03-09 01:00:30,2026-03-10 01:04:32,UTCZ,Masturbated?,true,
2026-03-09 01:00:30,2026-03-10 01:04:32,UTCZ,Wore mouth tape while sleeping?,false,
2026-03-09 01:00:30,2026-03-10 01:04:32,UTCZ,Took creatine?,false,
2026-03-09 01:00:30,2026-03-10 01:04:32,UTCZ,Consumed nuts?,true,
2026-03-09 01:00:30,2026-03-10 01:04:32,UTCZ,Experienced decreased libido?,false,
2026-03-09 01:00:30,2026-03-10 01:04:32,UTCZ,Took electrolyte supplements?,false,
2026-03-09 01:00:30,2026-03-10 01:04:32,UTCZ,Took a hot shower before bed?,false,
2026-03-09 01:00:30,2026-03-10 01:04:32,UTCZ,Consumed caffeine?,true,
2026-02-13 22:31:01,2026-02-15 01:44:34,UTCZ,Took a zinc supplement?,false,
2026-02-13 22:31:01,2026-02-15 01:44:34,UTCZ,Avoided processed foods?,false,
2026-02-13 22:31:01,2026-02-15 01:44:34,UTCZ,Took vitamin D?,false,
2026-02-13 22:31:01,2026-02-15 01:44:34,UTCZ,Took omega 3 supplement?,false,
2026-02-13 22:31:01,2026-02-15 01:44:34,UTCZ,Consumed nuts?,false,
2026-02-13 22:31:01,2026-02-15 01:44:34,UTCZ,Engaged in sexual activity?,false,
2026-02-13 22:31:01,2026-02-15 01:44:34,UTCZ,Took a multivitamin?,false,
2026-02-13 22:31:01,2026-02-15 01:44:34,UTCZ,Wore mouth tape while sleeping?,false,
2026-02-13 22:31:01,2026-02-15 01:44:34,UTCZ,Spent time stretching?,false,
2026-02-13 22:31:01,2026-02-15 01:44:34,UTCZ,Ate food close to bedtime?,false,
2026-02-13 22:31:01,2026-02-15 01:44:34,UTCZ,Took a hot shower before bed?,true,
2026-02-13 22:31:01,2026-02-15 01:44:34,UTCZ,Experienced decreased libido?,false,
2026-02-13 22:31:01,2026-02-15 01:44:34,UTCZ,Took creatine?,false,
2026-02-13 22:31:01,2026-02-15 01:44:34,UTCZ,Consumed carbohydrates?,true,
2026-02-13 22:31:01,2026-02-15 01:44:34,UTCZ,Walked after a meal?,true,
2026-02-13 22:31:01,2026-02-15 01:44:34,UTCZ,Consumed added sugar?,true,
2026-02-13 22:31:01,2026-02-15 01:44:34,UTCZ,Ate home-cooked food?,true,
2026-02-13 22:31:01,2026-02-15 01:44:34,UTCZ,Took a magnesium supplement?,false,
2026-02-13 22:31:01,2026-02-15 01:44:34,UTCZ,Consumed caffeine?,true,
2026-02-13 22:31:01,2026-02-15 01:44:34,UTCZ,Consumed meat?,true,
2026-02-13 22:31:01,2026-02-15 01:44:34,UTCZ,Took electrolyte supplements?,false,
2026-02-13 22:31:01,2026-02-15 01:44:34,UTCZ,Ate breakfast?,false,
2026-02-13 22:31:01,2026-02-15 01:44:34,UTCZ,Experienced bloating?,false,
2026-02-09 00:41:02,2026-02-10 00:34:13,UTCZ,Ate food close to bedtime?,false,
2026-02-09 00:41:02,2026-02-10 00:34:13,UTCZ,Took a hot shower before bed?,true,
2026-02-09 00:41:02,2026-02-10 00:34:13,UTCZ,Ate home-cooked food?,true,
2026-02-09 00:41:02,2026-02-10 00:34:13,UTCZ,Took electrolyte supplements?,false,
2026-02-09 00:41:02,2026-02-10 00:34:13,UTCZ,Ate breakfast?,false,
2026-02-09 00:41:02,2026-02-10 00:34:13,UTCZ,Consumed caffeine?,true,
2026-02-09 00:41:02,2026-02-10 00:34:13,UTCZ,Avoided processed foods?,true,
2026-02-09 00:41:02,2026-02-10 00:34:13,UTCZ,Consumed meat?,true,
2026-02-09 00:41:02,2026-02-10 00:34:13,UTCZ,Took creatine?,false,
2026-02-09 00:41:02,2026-02-10 00:34:13,UTCZ,Consumed carbohydrates?,true,
2026-02-09 00:41:02,2026-02-10 00:34:13,UTCZ,Experienced decreased libido?,false,
2026-02-09 00:41:02,2026-02-10 00:34:13,UTCZ,Took a magnesium supplement?,true,
2026-02-09 00:41:02,2026-02-10 00:34:13,UTCZ,Experienced bloating?,false,
2026-02-09 00:41:02,2026-02-10 00:34:13,UTCZ,Consumed nuts?,false,
2026-02-09 00:41:02,2026-02-10 00:34:13,UTCZ,Consumed added sugar?,true,
2026-02-09 00:41:02,2026-02-10 00:34:13,UTCZ,Wore mouth tape while sleeping?,false,
2026-02-09 00:41:02,2026-02-10 00:34:13,UTCZ,Took a multivitamin?,false,
2026-02-09 00:41:02,2026-02-10 00:34:13,UTCZ,Spent time stretching?,false,
2026-02-09 00:41:02,2026-02-10 00:34:13,UTCZ,Took vitamin D?,true,
2026-02-09 00:41:02,2026-02-10 00:34:13,UTCZ,Engaged in sexual activity?,false,
2026-02-09 00:41:02,2026-02-10 00:34:13,UTCZ,Walked after a meal?,true,
2026-02-09 00:41:02,2026-02-10 00:34:13,UTCZ,Took a zinc supplement?,true,
2026-02-09 00:41:02,2026-02-10 00:34:13,UTCZ,Took omega 3 supplement?,true,
2026-02-08 00:27:33,2026-02-09 00:41:02,UTCZ,Consumed added sugar?,true,
2026-02-08 00:27:33,2026-02-09 00:41:02,UTCZ,Wore mouth tape while sleeping?,false,
2026-02-08 00:27:33,2026-02-09 00:41:02,UTCZ,Experienced bloating?,false,
2026-02-08 00:27:33,2026-02-09 00:41:02,UTCZ,Consumed meat?,true,
2026-02-08 00:27:33,2026-02-09 00:41:02,UTCZ,Spent time stretching?,true,
2026-02-08 00:27:33,2026-02-09 00:41:02,UTCZ,Engaged in sexual activity?,false,
2026-02-08 00:27:33,2026-02-09 00:41:02,UTCZ,Took a zinc supplement?,true,
2026-02-08 00:27:33,2026-02-09 00:41:02,UTCZ,Took a multivitamin?,false,
2026-02-08 00:27:33,2026-02-09 00:41:02,UTCZ,Consumed nuts?,false,
2026-02-08 00:27:33,2026-02-09 00:41:02,UTCZ,Took vitamin D?,true,
2026-02-08 00:27:33,2026-02-09 00:41:02,UTCZ,Ate food close to bedtime?,false,
2026-02-08 00:27:33,2026-02-09 00:41:02,UTCZ,Took a hot shower before bed?,true,
2026-02-08 00:27:33,2026-02-09 00:41:02,UTCZ,Experienced decreased libido?,false,
2026-02-08 00:27:33,2026-02-09 00:41:02,UTCZ,Ate home-cooked food?,true,
2026-02-08 00:27:33,2026-02-09 00:41:02,UTCZ,Took creatine?,false,
2026-02-08 00:27:33,2026-02-09 00:41:02,UTCZ,Took a magnesium supplement?,true,
2026-02-08 00:27:33,2026-02-09 00:41:02,UTCZ,Took omega 3 supplement?,true,
2026-02-08 00:27:33,2026-02-09 00:41:02,UTCZ,Walked after a meal?,false,
2026-02-08 00:27:33,2026-02-09 00:41:02,UTCZ,Avoided processed foods?,true,
2026-02-08 00:27:33,2026-02-09 00:41:02,UTCZ,Took electrolyte supplements?,false,
2026-02-08 00:27:33,2026-02-09 00:41:02,UTCZ,Consumed carbohydrates?,true,
2026-02-08 00:27:33,2026-02-09 00:41:02,UTCZ,Consumed caffeine?,true,
2026-02-08 00:27:33,2026-02-09 00:41:02,UTCZ,Ate breakfast?,false,
2026-02-07 01:34:31,2026-02-08 00:27:33,UTCZ,Walked after a meal?,false,
2026-02-07 01:34:31,2026-02-08 00:27:33,UTCZ,Engaged in sexual activity?,false,
2026-02-07 01:34:31,2026-02-08 00:27:33,UTCZ,Consumed caffeine?,true,
2026-02-07 01:34:31,2026-02-08 00:27:33,UTCZ,Took omega 3 supplement?,true,
2026-02-07 01:34:31,2026-02-08 00:27:33,UTCZ,Consumed nuts?,false,
2026-02-07 01:34:31,2026-02-08 00:27:33,UTCZ,Experienced decreased libido?,false,
2026-02-07 01:34:31,2026-02-08 00:27:33,UTCZ,Ate home-cooked food?,true,
2026-02-07 01:34:31,2026-02-08 00:27:33,UTCZ,Ate food close to bedtime?,false,
2026-02-07 01:34:31,2026-02-08 00:27:33,UTCZ,Ate breakfast?,false,
2026-02-07 01:34:31,2026-02-08 00:27:33,UTCZ,Took vitamin D?,true,
2026-02-07 01:34:31,2026-02-08 00:27:33,UTCZ,Took a multivitamin?,false,
2026-02-07 01:34:31,2026-02-08 00:27:33,UTCZ,Took creatine?,false,
2026-02-07 01:34:31,2026-02-08 00:27:33,UTCZ,Took a zinc supplement?,true,
2026-02-07 01:34:31,2026-02-08 00:27:33,UTCZ,Avoided processed foods?,true,
2026-02-07 01:34:31,2026-02-08 00:27:33,UTCZ,Consumed added sugar?,true,
2026-02-07 01:34:31,2026-02-08 00:27:33,UTCZ,Consumed carbohydrates?,true,
2026-02-07 01:34:31,2026-02-08 00:27:33,UTCZ,Experienced bloating?,false,
2026-02-07 01:34:31,2026-02-08 00:27:33,UTCZ,Took electrolyte supplements?,false,
2026-02-07 01:34:31,2026-02-08 00:27:33,UTCZ,Took a hot shower before bed?,true,
2026-02-07 01:34:31,2026-02-08 00:27:33,UTCZ,Took a magnesium supplement?,true,
2026-02-07 01:34:31,2026-02-08 00:27:33,UTCZ,Wore mouth tape while sleeping?,false,
2026-02-07 01:34:31,2026-02-08 00:27:33,UTCZ,Consumed meat?,true,
2026-02-07 01:34:31,2026-02-08 00:27:33,UTCZ,Spent time stretching?,true,
2026-02-05 23:14:11,2026-02-07 01:34:31,UTCZ,Consumed caffeine?,true,
2026-02-05 23:14:11,2026-02-07 01:34:31,UTCZ,Consumed nuts?,false,
2026-02-05 23:14:11,2026-02-07 01:34:31,UTCZ,Took a multivitamin?,false,
2026-02-05 23:14:11,2026-02-07 01:34:31,UTCZ,Took omega 3 supplement?,true,
2026-02-05 23:14:11,2026-02-07 01:34:31,UTCZ,Took creatine?,false,
2026-02-05 23:14:11,2026-02-07 01:34:31,UTCZ,Ate breakfast?,false,
2026-02-05 23:14:11,2026-02-07 01:34:31,UTCZ,Walked after a meal?,false,
2026-02-05 23:14:11,2026-02-07 01:34:31,UTCZ,Experienced decreased libido?,false,
2026-02-05 23:14:11,2026-02-07 01:34:31,UTCZ,Wore mouth tape while sleeping?,false,
2026-02-05 23:14:11,2026-02-07 01:34:31,UTCZ,Took a zinc supplement?,true,
2026-02-05 23:14:11,2026-02-07 01:34:31,UTCZ,Ate home-cooked food?,true,
2026-02-05 23:14:11,2026-02-07 01:34:31,UTCZ,Consumed added sugar?,true,
2026-02-05 23:14:11,2026-02-07 01:34:31,UTCZ,Took vitamin D?,true,
2026-02-05 23:14:11,2026-02-07 01:34:31,UTCZ,Took a magnesium supplement?,true,
2026-02-05 23:14:11,2026-02-07 01:34:31,UTCZ,Took a hot shower before bed?,false,
2026-02-05 23:14:11,2026-02-07 01:34:31,UTCZ,Took electrolyte supplements?,false,
2026-02-05 23:14:11,2026-02-07 01:34:31,UTCZ,Spent time stretching?,true,
2026-02-05 23:14:11,2026-02-07 01:34:31,UTCZ,Consumed carbohydrates?,true,
2026-02-05 23:14:11,2026-02-07 01:34:31,UTCZ,Experienced bloating?,false,
2026-02-05 23:14:11,2026-02-07 01:34:31,UTCZ,Avoided processed foods?,false,
2026-02-05 23:14:11,2026-02-07 01:34:31,UTCZ,Consumed meat?,true,
2026-02-05 23:14:11,2026-02-07 01:34:31,UTCZ,Ate food close to bedtime?,false,
2026-02-05 23:14:11,2026-02-07 01:34:31,UTCZ,Engaged in sexual activity?,false,
2026-02-04 00:55:08,2026-02-05 01:04:55,UTCZ,Ate home-cooked food?,true,
2026-02-04 00:55:08,2026-02-05 01:04:55,UTCZ,Took omega 3 supplement?,false,
2026-02-04 00:55:08,2026-02-05 01:04:55,UTCZ,Ate breakfast?,false,
2026-02-04 00:55:08,2026-02-05 01:04:55,UTCZ,Engaged in sexual activity?,false,
2026-02-04 00:55:08,2026-02-05 01:04:55,UTCZ,Consumed nuts?,false,
2026-02-04 00:55:08,2026-02-05 01:04:55,UTCZ,Walked after a meal?,false,
2026-02-04 00:55:08,2026-02-05 01:04:55,UTCZ,Wore mouth tape while sleeping?,false,
2026-02-04 00:55:08,2026-02-05 01:04:55,UTCZ,Avoided processed foods?,false,
2026-02-04 00:55:08,2026-02-05 01:04:55,UTCZ,Took a multivitamin?,false,
2026-02-04 00:55:08,2026-02-05 01:04:55,UTCZ,Took vitamin D?,false,
2026-02-04 00:55:08,2026-02-05 01:04:55,UTCZ,Consumed added sugar?,true,
2026-02-04 00:55:08,2026-02-05 01:04:55,UTCZ,Took a zinc supplement?,false,
2026-02-04 00:55:08,2026-02-05 01:04:55,UTCZ,Took creatine?,false,
2026-02-04 00:55:08,2026-02-05 01:04:55,UTCZ,Took a hot shower before bed?,false,
2026-02-04 00:55:08,2026-02-05 01:04:55,UTCZ,Consumed carbohydrates?,true,
2026-02-04 00:55:08,2026-02-05 01:04:55,UTCZ,Experienced bloating?,false,
2026-02-04 00:55:08,2026-02-05 01:04:55,UTCZ,Experienced decreased libido?,false,
2026-02-04 00:55:08,2026-02-05 01:04:55,UTCZ,Took electrolyte supplements?,false,
2026-02-04 00:55:08,2026-02-05 01:04:55,UTCZ,Consumed meat?,true,
2026-02-04 00:55:08,2026-02-05 01:04:55,UTCZ,Took a magnesium supplement?,false,
2026-02-04 00:55:08,2026-02-05 01:04:55,UTCZ,Spent time stretching?,true,
2026-02-04 00:55:08,2026-02-05 01:04:55,UTCZ,Ate food close to bedtime?,false,
2026-02-04 00:55:08,2026-02-05 01:04:55,UTCZ,Consumed caffeine?,true,
2026-02-05 01:04:55,2026-02-05 23:14:11,UTCZ,Ate breakfast?,false,
2026-02-05 01:04:55,2026-02-05 23:14:11,UTCZ,Engaged in sexual activity?,false,
2026-02-05 01:04:55,2026-02-05 23:14:11,UTCZ,Experienced bloating?,false,
2026-02-05 01:04:55,2026-02-05 23:14:11,UTCZ,Took vitamin D?,false,
2026-02-05 01:04:55,2026-02-05 23:14:11,UTCZ,Spent time stretching?,false,
2026-02-05 01:04:55,2026-02-05 23:14:11,UTCZ,Took a hot shower before bed?,false,
2026-02-05 01:04:55,2026-02-05 23:14:11,UTCZ,Took a multivitamin?,false,
2026-02-05 01:04:55,2026-02-05 23:14:11,UTCZ,Consumed nuts?,false,
2026-02-05 01:04:55,2026-02-05 23:14:11,UTCZ,Walked after a meal?,false,
2026-02-05 01:04:55,2026-02-05 23:14:11,UTCZ,Wore mouth tape while sleeping?,false,
2026-02-05 01:04:55,2026-02-05 23:14:11,UTCZ,Took omega 3 supplement?,false,
2026-02-05 01:04:55,2026-02-05 23:14:11,UTCZ,Took a magnesium supplement?,false,
2026-02-05 01:04:55,2026-02-05 23:14:11,UTCZ,Consumed meat?,true,
2026-02-05 01:04:55,2026-02-05 23:14:11,UTCZ,Ate food close to bedtime?,false,
2026-02-05 01:04:55,2026-02-05 23:14:11,UTCZ,Experienced decreased libido?,false,
2026-02-05 01:04:55,2026-02-05 23:14:11,UTCZ,Consumed carbohydrates?,true,
2026-02-05 01:04:55,2026-02-05 23:14:11,UTCZ,Avoided processed foods?,false,
2026-02-05 01:04:55,2026-02-05 23:14:11,UTCZ,Took creatine?,false,
2026-02-05 01:04:55,2026-02-05 23:14:11,UTCZ,Ate home-cooked food?,true,
2026-02-05 01:04:55,2026-02-05 23:14:11,UTCZ,Consumed added sugar?,true,
2026-02-05 01:04:55,2026-02-05 23:14:11,UTCZ,Took electrolyte supplements?,false,
2026-02-05 01:04:55,2026-02-05 23:14:11,UTCZ,Took a zinc supplement?,false,
2026-02-05 01:04:55,2026-02-05 23:14:11,UTCZ,Consumed caffeine?,true,
2026-02-03 02:01:20,2026-02-04 00:55:08,UTCZ,Consumed caffeine?,true,
2026-02-03 02:01:20,2026-02-04 00:55:08,UTCZ,Ate breakfast?,false,
2026-02-03 02:01:20,2026-02-04 00:55:08,UTCZ,Experienced bloating?,false,
2026-02-03 02:01:20,2026-02-04 00:55:08,UTCZ,Took creatine?,false,
2026-02-03 02:01:20,2026-02-04 00:55:08,UTCZ,Avoided processed foods?,false,
2026-02-03 02:01:20,2026-02-04 00:55:08,UTCZ,Spent time stretching?,false,
2026-02-03 02:01:20,2026-02-04 00:55:08,UTCZ,Consumed carbohydrates?,true,
2026-02-03 02:01:20,2026-02-04 00:55:08,UTCZ,Took a zinc supplement?,true,
2026-02-03 02:01:20,2026-02-04 00:55:08,UTCZ,Took vitamin D?,true,
2026-02-03 02:01:20,2026-02-04 00:55:08,UTCZ,Consumed added sugar?,true,
2026-02-03 02:01:20,2026-02-04 00:55:08,UTCZ,Walked after a meal?,false,
2026-02-03 02:01:20,2026-02-04 00:55:08,UTCZ,Took omega 3 supplement?,true,
2026-02-03 02:01:20,2026-02-04 00:55:08,UTCZ,Consumed nuts?,false,
2026-02-03 02:01:20,2026-02-04 00:55:08,UTCZ,Took a multivitamin?,false,
2026-02-03 02:01:20,2026-02-04 00:55:08,UTCZ,Wore mouth tape while sleeping?,false,
2026-02-03 02:01:20,2026-02-04 00:55:08,UTCZ,Consumed meat?,true,
2026-02-03 02:01:20,2026-02-04 00:55:08,UTCZ,Took a magnesium supplement?,true,
2026-02-03 02:01:20,2026-02-04 00:55:08,UTCZ,Ate food close to bedtime?,true,
2026-02-03 02:01:20,2026-02-04 00:55:08,UTCZ,Engaged in sexual activity?,false,
2026-02-03 02:01:20,2026-02-04 00:55:08,UTCZ,Took a hot shower before bed?,true,
2026-02-03 02:01:20,2026-02-04 00:55:08,UTCZ,Ate home-cooked food?,true,
2026-02-03 02:01:20,2026-02-04 00:55:08,UTCZ,Took electrolyte supplements?,false,
2026-02-03 02:01:20,2026-02-04 00:55:08,UTCZ,Experienced decreased libido?,false,
2026-02-01 23:18:49,2026-02-03 02:01:20,UTCZ,Ate breakfast?,false,
2026-02-01 23:18:49,2026-02-03 02:01:20,UTCZ,Experienced bloating?,false,
2026-02-01 23:18:49,2026-02-03 02:01:20,UTCZ,Consumed meat?,true,
2026-02-01 23:18:49,2026-02-03 02:01:20,UTCZ,Consumed added sugar?,true,
2026-02-01 23:18:49,2026-02-03 02:01:20,UTCZ,Took a zinc supplement?,true,
2026-02-01 23:18:49,2026-02-03 02:01:20,UTCZ,Took vitamin D?,true,
2026-02-01 23:18:49,2026-02-03 02:01:20,UTCZ,Wore mouth tape while sleeping?,false,
2026-02-01 23:18:49,2026-02-03 02:01:20,UTCZ,Engaged in sexual activity?,false,
2026-02-01 23:18:49,2026-02-03 02:01:20,UTCZ,Walked after a meal?,false,
2026-02-01 23:18:49,2026-02-03 02:01:20,UTCZ,Took omega 3 supplement?,true,
2026-02-01 23:18:49,2026-02-03 02:01:20,UTCZ,Consumed nuts?,true,
2026-02-01 23:18:49,2026-02-03 02:01:20,UTCZ,Took a multivitamin?,false,
2026-02-01 23:18:49,2026-02-03 02:01:20,UTCZ,Took a magnesium supplement?,true,
2026-02-01 23:18:49,2026-02-03 02:01:20,UTCZ,Ate food close to bedtime?,false,
2026-02-01 23:18:49,2026-02-03 02:01:20,UTCZ,Took a hot shower before bed?,true,
2026-02-01 23:18:49,2026-02-03 02:01:20,UTCZ,Ate home-cooked food?,true,
2026-02-01 23:18:49,2026-02-03 02:01:20,UTCZ,Took electrolyte supplements?,false,
2026-02-01 23:18:49,2026-02-03 02:01:20,UTCZ,Experienced decreased libido?,false,
2026-02-01 23:18:49,2026-02-03 02:01:20,UTCZ,Took creatine?,false,
2026-02-01 23:18:49,2026-02-03 02:01:20,UTCZ,Spent time stretching?,false,
2026-02-01 23:18:49,2026-02-03 02:01:20,UTCZ,Avoided processed foods?,false,
2026-02-01 23:18:49,2026-02-03 02:01:20,UTCZ,Consumed carbohydrates?,true,
2026-02-01 23:18:49,2026-02-03 02:01:20,UTCZ,Consumed caffeine?,true,
2026-01-27 00:32:06,2026-01-28 00:08:38,UTCZ,Consumed caffeine?,true,
2026-01-27 00:32:06,2026-01-28 00:08:38,UTCZ,Have any alcoholic drinks?,false,
2026-01-27 00:32:06,2026-01-28 00:08:38,UTCZ,Consumed nuts?,true,
2026-01-27 00:32:06,2026-01-28 00:08:38,UTCZ,Walked after a meal?,true,
2026-01-27 00:32:06,2026-01-28 00:08:38,UTCZ,Took omega 3 supplement?,false,
2026-01-27 00:32:06,2026-01-28 00:08:38,UTCZ,Ate home-cooked food?,true,
2026-01-27 00:32:06,2026-01-28 00:08:38,UTCZ,Ate breakfast?,true,
2026-01-27 00:32:06,2026-01-28 00:08:38,UTCZ,Experienced increased libido?,true,
2026-01-27 00:32:06,2026-01-28 00:08:38,UTCZ,Took electrolyte supplements?,false,
2026-01-27 00:32:06,2026-01-28 00:08:38,UTCZ,Took a hot shower before bed?,false,
2026-01-27 00:32:06,2026-01-28 00:08:38,UTCZ,Wore mouth tape while sleeping?,false,
2026-01-27 00:32:06,2026-01-28 00:08:38,UTCZ,Took a zinc supplement?,false,
2026-01-27 00:32:06,2026-01-28 00:08:38,UTCZ,Took vitamin D?,false,
2026-01-27 00:32:06,2026-01-28 00:08:38,UTCZ,Took a multivitamin?,false,
2026-01-27 00:32:06,2026-01-28 00:08:38,UTCZ,Took creatine?,false,
2026-01-27 00:32:06,2026-01-28 00:08:38,UTCZ,Consumed added sugar?,true,
2026-01-27 00:32:06,2026-01-28 00:08:38,UTCZ,Avoided processed foods?,false,
2026-01-27 00:32:06,2026-01-28 00:08:38,UTCZ,Consumed carbohydrates?,true,
2026-01-27 00:32:06,2026-01-28 00:08:38,UTCZ,Experienced bloating?,false,
2026-01-27 00:32:06,2026-01-28 00:08:38,UTCZ,Practiced breathwork?,false,
2026-01-27 00:32:06,2026-01-28 00:08:38,UTCZ,Experienced decreased libido?,false,
2026-01-27 00:32:06,2026-01-28 00:08:38,UTCZ,Hydrated sufficiently?,false,
2026-01-27 00:32:06,2026-01-28 00:08:38,UTCZ,Took a magnesium supplement?,false,
2026-01-27 00:32:06,2026-01-28 00:08:38,UTCZ,Spent time stretching?,false,
2026-01-27 00:32:06,2026-01-28 00:08:38,UTCZ,Consumed meat?,true,
2026-01-27 00:32:06,2026-01-28 00:08:38,UTCZ,Ate food close to bedtime?,false,
2026-01-27 00:32:06,2026-01-28 00:08:38,UTCZ,Engaged in sexual activity?,true,
2026-01-25 23:34:19,2026-01-27 00:32:06,UTCZ,Have any alcoholic drinks?,false,
2026-01-25 23:34:19,2026-01-27 00:32:06,UTCZ,Took vitamin D?,false,
2026-01-25 23:34:19,2026-01-27 00:32:06,UTCZ,Traveled on a plane?,false,
2026-01-25 23:34:19,2026-01-27 00:32:06,UTCZ,Took a zinc supplement?,false,
2026-01-25 23:34:19,2026-01-27 00:32:06,UTCZ,Consumed added sugar?,true,
2026-01-25 23:34:19,2026-01-27 00:32:06,UTCZ,Used a sauna?,false,
2026-01-25 23:34:19,2026-01-27 00:32:06,UTCZ,Walked after a meal?,true,
2026-01-25 23:34:19,2026-01-27 00:32:06,UTCZ,Took omega 3 supplement?,false,
2026-01-25 23:34:19,2026-01-27 00:32:06,UTCZ,Took a multivitamin?,false,
2026-01-25 23:34:19,2026-01-27 00:32:06,UTCZ,Wore mouth tape while sleeping?,false,
2026-01-25 23:34:19,2026-01-27 00:32:06,UTCZ,Consumed meat?,true,
2026-01-25 23:34:19,2026-01-27 00:32:06,UTCZ,Took a magnesium supplement?,false,
2026-01-25 23:34:19,2026-01-27 00:32:06,UTCZ,Ate food close to bedtime?,false,
2026-01-25 23:34:19,2026-01-27 00:32:06,UTCZ,Experienced increased libido?,true,
2026-01-25 23:34:19,2026-01-27 00:32:06,UTCZ,Hydrated sufficiently?,false,
2026-01-25 23:34:19,2026-01-27 00:32:06,UTCZ,Took a hot shower before bed?,false,
2026-01-25 23:34:19,2026-01-27 00:32:06,UTCZ,Ate home-cooked food?,true,
2026-01-25 23:34:19,2026-01-27 00:32:06,UTCZ,Took fish oil?,false,
2026-01-25 23:34:19,2026-01-27 00:32:06,UTCZ,Took electrolyte supplements?,false,
2026-01-25 23:34:19,2026-01-27 00:32:06,UTCZ,Experienced decreased libido?,false,
2026-01-25 23:34:19,2026-01-27 00:32:06,UTCZ,Took creatine?,false,
2026-01-25 23:34:19,2026-01-27 00:32:06,UTCZ,Consumed nuts?,true,
2026-01-25 23:34:19,2026-01-27 00:32:06,UTCZ,Avoided processed foods?,false,
2026-01-25 23:34:19,2026-01-27 00:32:06,UTCZ,Consumed carbohydrates?,true,
2026-01-25 23:34:19,2026-01-27 00:32:06,UTCZ,Consumed caffeine?,true,
2026-01-25 23:34:19,2026-01-27 00:32:06,UTCZ,Engaged in sexual activity?,false,
2026-01-25 23:34:19,2026-01-27 00:32:06,UTCZ,Practiced breathwork?,false,
2026-01-25 23:34:19,2026-01-27 00:32:06,UTCZ,Ate breakfast?,true,
2026-01-25 23:34:19,2026-01-27 00:32:06,UTCZ,Experienced bloating?,false,
2026-01-25 23:34:19,2026-01-27 00:32:06,UTCZ,Spent time stretching?,false,
2026-01-25 00:59:16,2026-01-25 23:34:19,UTCZ,Took a zinc supplement?,false,
2026-01-25 00:59:16,2026-01-25 23:34:19,UTCZ,Consumed added sugar?,true,
2026-01-25 00:59:16,2026-01-25 23:34:19,UTCZ,Spent time stretching?,false,
2026-01-25 00:59:16,2026-01-25 23:34:19,UTCZ,Engaged in sexual activity?,false,
2026-01-25 00:59:16,2026-01-25 23:34:19,UTCZ,Used a sauna?,false,
2026-01-25 00:59:16,2026-01-25 23:34:19,UTCZ,Took omega 3 supplement?,false,
2026-01-25 00:59:16,2026-01-25 23:34:19,UTCZ,Consumed nuts?,true,
2026-01-25 00:59:16,2026-01-25 23:34:19,UTCZ,Took a multivitamin?,false,
2026-01-25 00:59:16,2026-01-25 23:34:19,UTCZ,Consumed meat?,true,
2026-01-25 00:59:16,2026-01-25 23:34:19,UTCZ,Took a magnesium supplement?,false,
2026-01-25 00:59:16,2026-01-25 23:34:19,UTCZ,Ate food close to bedtime?,false,
2026-01-25 00:59:16,2026-01-25 23:34:19,UTCZ,Experienced increased libido?,true,
2026-01-25 00:59:16,2026-01-25 23:34:19,UTCZ,Hydrated sufficiently?,false,
2026-01-25 00:59:16,2026-01-25 23:34:19,UTCZ,Took a hot shower before bed?,false,
2026-01-25 00:59:16,2026-01-25 23:34:19,UTCZ,Ate home-cooked food?,true,
2026-01-25 00:59:16,2026-01-25 23:34:19,UTCZ,Took fish oil?,false,
2026-01-25 00:59:16,2026-01-25 23:34:19,UTCZ,Took electrolyte supplements?,false,
2026-01-25 00:59:16,2026-01-25 23:34:19,UTCZ,Experienced decreased libido?,false,
2026-01-25 00:59:16,2026-01-25 23:34:19,UTCZ,Took creatine?,false,
2026-01-25 00:59:16,2026-01-25 23:34:19,UTCZ,Wore mouth tape while sleeping?,false,
2026-01-25 00:59:16,2026-01-25 23:34:19,UTCZ,Avoided processed foods?,false,
2026-01-25 00:59:16,2026-01-25 23:34:19,UTCZ,Consumed carbohydrates?,true,
2026-01-25 00:59:16,2026-01-25 23:34:19,UTCZ,Consumed caffeine?,true,
2026-01-25 00:59:16,2026-01-25 23:34:19,UTCZ,Walked after a meal?,false,
2026-01-25 00:59:16,2026-01-25 23:34:19,UTCZ,Practiced breathwork?,false,
2026-01-25 00:59:16,2026-01-25 23:34:19,UTCZ,Ate breakfast?,true,
2026-01-25 00:59:16,2026-01-25 23:34:19,UTCZ,Experienced bloating?,false,
2026-01-25 00:59:16,2026-01-25 23:34:19,UTCZ,Took vitamin D?,false,
2026-01-25 00:59:16,2026-01-25 23:34:19,UTCZ,Have any alcoholic drinks?,false,
2026-01-25 00:59:16,2026-01-25 23:34:19,UTCZ,Traveled on a plane?,false,
2026-01-19 00:46:56,2026-01-20 01:14:45,UTCZ,Consumed added sugar?,true,
2026-01-19 00:46:56,2026-01-20 01:14:45,UTCZ,Traveled on a plane?,false,
2026-01-19 00:46:56,2026-01-20 01:14:45,UTCZ,Spent time stretching?,false,
2026-01-19 00:46:56,2026-01-20 01:14:45,UTCZ,Took vitamin D?,false,
2026-01-19 00:46:56,2026-01-20 01:14:45,UTCZ,Took omega 3 supplement?,false,
2026-01-19 00:46:56,2026-01-20 01:14:45,UTCZ,Used a sauna?,false,
2026-01-19 00:46:56,2026-01-20 01:14:45,UTCZ,Walked after a meal?,true,
2026-01-19 00:46:56,2026-01-20 01:14:45,UTCZ,Hydrated sufficiently?,false,
2026-01-19 00:46:56,2026-01-20 01:14:45,UTCZ,Took a multivitamin?,false,
2026-01-19 00:46:56,2026-01-20 01:14:45,UTCZ,Wore mouth tape while sleeping?,false,
2026-01-19 00:46:56,2026-01-20 01:14:45,UTCZ,Consumed meat?,true,
2026-01-19 00:46:56,2026-01-20 01:14:45,UTCZ,Took a magnesium supplement?,false,
2026-01-19 00:46:56,2026-01-20 01:14:45,UTCZ,Ate food close to bedtime?,false,
2026-01-19 00:46:56,2026-01-20 01:14:45,UTCZ,Experienced increased libido?,true,
2026-01-19 00:46:56,2026-01-20 01:14:45,UTCZ,Experienced bloating?,false,
2026-01-19 00:46:56,2026-01-20 01:14:45,UTCZ,Took a hot shower before bed?,false,
2026-01-19 00:46:56,2026-01-20 01:14:45,UTCZ,Ate home-cooked food?,false,
2026-01-19 00:46:56,2026-01-20 01:14:45,UTCZ,Took fish oil?,false,
2026-01-19 00:46:56,2026-01-20 01:14:45,UTCZ,Took electrolyte supplements?,false,
2026-01-19 00:46:56,2026-01-20 01:14:45,UTCZ,Experienced decreased libido?,false,
2026-01-19 00:46:56,2026-01-20 01:14:45,UTCZ,Took creatine?,false,
2026-01-19 00:46:56,2026-01-20 01:14:45,UTCZ,Consumed nuts?,true,
2026-01-19 00:46:56,2026-01-20 01:14:45,UTCZ,Avoided processed foods?,false,
2026-01-19 00:46:56,2026-01-20 01:14:45,UTCZ,Consumed carbohydrates?,true,
2026-01-19 00:46:56,2026-01-20 01:14:45,UTCZ,Consumed caffeine?,true,
2026-01-19 00:46:56,2026-01-20 01:14:45,UTCZ,Engaged in sexual activity?,false,
2026-01-19 00:46:56,2026-01-20 01:14:45,UTCZ,Practiced breathwork?,false,
2026-01-19 00:46:56,2026-01-20 01:14:45,UTCZ,Ate breakfast?,false,
2026-01-19 00:46:56,2026-01-20 01:14:45,UTCZ,Have any alcoholic drinks?,false,
2026-01-19 00:46:56,2026-01-20 01:14:45,UTCZ,Took a zinc supplement?,false,
2026-01-17 02:25:19,2026-01-18 00:36:54,UTCZ,Used a sauna?,false,
2026-01-17 02:25:19,2026-01-18 00:36:54,UTCZ,Ate food close to bedtime?,false,
2026-01-17 02:25:19,2026-01-18 00:36:54,UTCZ,Took a zinc supplement?,false,
2026-01-17 02:25:19,2026-01-18 00:36:54,UTCZ,Experienced bloating?,false,
2026-01-17 02:25:19,2026-01-18 00:36:54,UTCZ,Spent time stretching?,false,
2026-01-17 02:25:19,2026-01-18 00:36:54,UTCZ,Engaged in sexual activity?,false,
2026-01-17 02:25:19,2026-01-18 00:36:54,UTCZ,Have any alcoholic drinks?,false,
2026-01-17 02:25:19,2026-01-18 00:36:54,UTCZ,Took omega 3 supplement?,false,
2026-01-17 02:25:19,2026-01-18 00:36:54,UTCZ,Consumed nuts?,true,
2026-01-17 02:25:19,2026-01-18 00:36:54,UTCZ,Took a multivitamin?,false,
2026-01-17 02:25:19,2026-01-18 00:36:54,UTCZ,Wore mouth tape while sleeping?,false,
2026-01-17 02:25:19,2026-01-18 00:36:54,UTCZ,Consumed meat?,true,
2026-01-17 02:25:19,2026-01-18 00:36:54,UTCZ,Took a magnesium supplement?,false,
2026-01-17 02:25:19,2026-01-18 00:36:54,UTCZ,Traveled on a plane?,false,
2026-01-17 02:25:19,2026-01-18 00:36:54,UTCZ,Experienced increased libido?,true,
2026-01-17 02:25:19,2026-01-18 00:36:54,UTCZ,Hydrated sufficiently?,false,
2026-01-17 02:25:19,2026-01-18 00:36:54,UTCZ,Took a hot shower before bed?,false,
2026-01-17 02:25:19,2026-01-18 00:36:54,UTCZ,Ate home-cooked food?,true,
2026-01-17 02:25:19,2026-01-18 00:36:54,UTCZ,Took fish oil?,false,
2026-01-17 02:25:19,2026-01-18 00:36:54,UTCZ,Took electrolyte supplements?,false,
2026-01-17 02:25:19,2026-01-18 00:36:54,UTCZ,Experienced decreased libido?,false,
2026-01-17 02:25:19,2026-01-18 00:36:54,UTCZ,Took creatine?,false,
2026-01-17 02:25:19,2026-01-18 00:36:54,UTCZ,Avoided processed foods?,false,
2026-01-17 02:25:19,2026-01-18 00:36:54,UTCZ,Walked after a meal?,true,
2026-01-17 02:25:19,2026-01-18 00:36:54,UTCZ,Consumed carbohydrates?,true,
2026-01-17 02:25:19,2026-01-18 00:36:54,UTCZ,Consumed caffeine?,true,
2026-01-17 02:25:19,2026-01-18 00:36:54,UTCZ,Practiced breathwork?,false,
2026-01-17 02:25:19,2026-01-18 00:36:54,UTCZ,Took vitamin D?,false,
2026-01-17 02:25:19,2026-01-18 00:36:54,UTCZ,Ate breakfast?,false,
2026-01-17 02:25:19,2026-01-18 00:36:54,UTCZ,Consumed added sugar?,true,
2026-01-16 00:42:50,2026-01-17 02:25:19,UTCZ,Ate breakfast?,false,
2026-01-16 00:42:50,2026-01-17 02:25:19,UTCZ,Experienced bloating?,false,
2026-01-16 00:42:50,2026-01-17 02:25:19,UTCZ,Consumed meat?,true,
2026-01-16 00:42:50,2026-01-17 02:25:19,UTCZ,Traveled on a plane?,false,
2026-01-16 00:42:50,2026-01-17 02:25:19,UTCZ,Took vitamin D?,false,
2026-01-16 00:42:50,2026-01-17 02:25:19,UTCZ,Spent time stretching?,true,
2026-01-16 00:42:50,2026-01-17 02:25:19,UTCZ,Consumed added sugar?,true,
2026-01-16 00:42:50,2026-01-17 02:25:19,UTCZ,Used a sauna?,false,
2026-01-16 00:42:50,2026-01-17 02:25:19,UTCZ,Walked after a meal?,true,
2026-01-16 00:42:50,2026-01-17 02:25:19,UTCZ,Took omega 3 supplement?,false,
2026-01-16 00:42:50,2026-01-17 02:25:19,UTCZ,Consumed nuts?,true,
2026-01-16 00:42:50,2026-01-17 02:25:19,UTCZ,Took a multivitamin?,false,
2026-01-16 00:42:50,2026-01-17 02:25:19,UTCZ,Wore mouth tape while sleeping?,false,
2026-01-16 00:42:50,2026-01-17 02:25:19,UTCZ,Took a magnesium supplement?,false,
2026-01-16 00:42:50,2026-01-17 02:25:19,UTCZ,Ate food close to bedtime?,false,
2026-01-16 00:42:50,2026-01-17 02:25:19,UTCZ,Experienced increased libido?,true,
2026-01-16 00:42:50,2026-01-17 02:25:19,UTCZ,Hydrated sufficiently?,false,
2026-01-16 00:42:50,2026-01-17 02:25:19,UTCZ,Took a hot shower before bed?,false,
2026-01-16 00:42:50,2026-01-17 02:25:19,UTCZ,Ate home-cooked food?,true,
2026-01-16 00:42:50,2026-01-17 02:25:19,UTCZ,Took fish oil?,false,
2026-01-16 00:42:50,2026-01-17 02:25:19,UTCZ,Took electrolyte supplements?,false,
2026-01-16 00:42:50,2026-01-17 02:25:19,UTCZ,Experienced decreased libido?,false,
2026-01-16 00:42:50,2026-01-17 02:25:19,UTCZ,Took creatine?,false,
2026-01-16 00:42:50,2026-01-17 02:25:19,UTCZ,Avoided processed foods?,false,
2026-01-16 00:42:50,2026-01-17 02:25:19,UTCZ,Consumed carbohydrates?,true,
2026-01-16 00:42:50,2026-01-17 02:25:19,UTCZ,Engaged in sexual activity?,false,
2026-01-16 00:42:50,2026-01-17 02:25:19,UTCZ,Consumed caffeine?,true,
2026-01-16 00:42:50,2026-01-17 02:25:19,UTCZ,Practiced breathwork?,false,
2026-01-16 00:42:50,2026-01-17 02:25:19,UTCZ,Have any alcoholic drinks?,false,
2026-01-16 00:42:50,2026-01-17 02:25:19,UTCZ,Took a zinc supplement?,false,
2026-01-15 00:24:07,2026-01-16 00:42:50,UTCZ,Used a sauna?,false,
2026-01-15 00:24:07,2026-01-16 00:42:50,UTCZ,Walked after a meal?,false,
2026-01-15 00:24:07,2026-01-16 00:42:50,UTCZ,Took omega 3 supplement?,false,
2026-01-15 00:24:07,2026-01-16 00:42:50,UTCZ,Consumed nuts?,true,
2026-01-15 00:24:07,2026-01-16 00:42:50,UTCZ,Took a multivitamin?,false,
2026-01-15 00:24:07,2026-01-16 00:42:50,UTCZ,Consumed meat?,true,
2026-01-15 00:24:07,2026-01-16 00:42:50,UTCZ,Took a magnesium supplement?,false,
2026-01-15 00:24:07,2026-01-16 00:42:50,UTCZ,Ate food close to bedtime?,false,
2026-01-15 00:24:07,2026-01-16 00:42:50,UTCZ,Hydrated sufficiently?,false,
2026-01-15 00:24:07,2026-01-16 00:42:50,UTCZ,Took a hot shower before bed?,false,
2026-01-15 00:24:07,2026-01-16 00:42:50,UTCZ,Ate home-cooked food?,true,
2026-01-15 00:24:07,2026-01-16 00:42:50,UTCZ,Took fish oil?,false,
2026-01-15 00:24:07,2026-01-16 00:42:50,UTCZ,Took electrolyte supplements?,false,
2026-01-15 00:24:07,2026-01-16 00:42:50,UTCZ,Experienced decreased libido?,false,
2026-01-15 00:24:07,2026-01-16 00:42:50,UTCZ,Took creatine?,false,
2026-01-15 00:24:07,2026-01-16 00:42:50,UTCZ,Experienced increased libido?,true,
2026-01-15 00:24:07,2026-01-16 00:42:50,UTCZ,Avoided processed foods?,false,
2026-01-15 00:24:07,2026-01-16 00:42:50,UTCZ,Consumed carbohydrates?,true,
2026-01-15 00:24:07,2026-01-16 00:42:50,UTCZ,Consumed caffeine?,true,
2026-01-15 00:24:07,2026-01-16 00:42:50,UTCZ,Wore mouth tape while sleeping?,false,
2026-01-15 00:24:07,2026-01-16 00:42:50,UTCZ,Practiced breathwork?,false,
2026-01-15 00:24:07,2026-01-16 00:42:50,UTCZ,Ate breakfast?,false,
2026-01-15 00:24:07,2026-01-16 00:42:50,UTCZ,Experienced bloating?,false,
2026-01-15 00:24:07,2026-01-16 00:42:50,UTCZ,Have any alcoholic drinks?,false,
2026-01-15 00:24:07,2026-01-16 00:42:50,UTCZ,Traveled on a plane?,false,
2026-01-15 00:24:07,2026-01-16 00:42:50,UTCZ,Consumed added sugar?,true,
2026-01-15 00:24:07,2026-01-16 00:42:50,UTCZ,Experienced decreased libido?,false,
2026-01-15 00:24:07,2026-01-16 00:42:50,UTCZ,Took vitamin D?,false,
2026-01-15 00:24:07,2026-01-16 00:42:50,UTCZ,Ate breakfast?,false,
2026-01-15 00:24:07,2026-01-16 00:42:50,UTCZ,Experienced bloating?,false,
2026-01-12 00:26:51,2026-01-13 00:29:11,UTCZ,Consumed caffeine?,true,
2026-01-12 00:26:51,2026-01-13 00:29:11,UTCZ,Practiced breathwork?,false,
2026-01-12 00:26:51,2026-01-13 00:29:11,UTCZ,Ate breakfast?,false,
2026-01-12 00:26:51,2026-01-13 00:29:11,UTCZ,Experienced bloating?,false,
2026-01-12 00:26:51,2026-01-13 00:29:11,UTCZ,Have any alcoholic drinks?,false,
2026-01-12 00:26:51,2026-01-13 00:29:11,UTCZ,Traveled on a plane?,false,
2026-01-12 00:26:51,2026-01-13 00:29:11,UTCZ,Consumed added sugar?,true,
2026-01-12 00:26:51,2026-01-13 00:29:11,UTCZ,Consumed carbohydrates?,true,
2026-01-12 00:26:51,2026-01-13 00:29:11,UTCZ,Experienced decreased libido?,false,
2026-01-12 00:26:51,2026-01-13 00:29:11,UTCZ,Took creatine?,false,
2026-01-12 00:26:51,2026-01-13 00:29:11,UTCZ,Avoided processed foods?,false,
2026-01-12 00:26:51,2026-01-13 00:29:11,UTCZ,Spent time stretching?,false,
2026-01-12 00:26:51,2026-01-13 00:29:11,UTCZ,Took vitamin D?,false,
2026-01-12 00:26:51,2026-01-13 00:29:11,UTCZ,Walked after a meal?,true,
2026-01-12 00:26:51,2026-01-13 00:29:11,UTCZ,Engaged in sexual activity?,true,
2026-01-12 00:26:51,2026-01-13 00:29:11,UTCZ,Used a sauna?,false,
2026-01-12 00:26:51,2026-01-13 00:29:11,UTCZ,Took omega 3 supplement?,false,
2026-01-12 00:26:51,2026-01-13 00:29:11,UTCZ,Consumed nuts?,true,
2026-01-12 00:26:51,2026-01-13 00:29:11,UTCZ,Took a multivitamin?,false,
2026-01-12 00:26:51,2026-01-13 00:29:11,UTCZ,Wore mouth tape while sleeping?,false,
2026-01-12 00:26:51,2026-01-13 00:29:11,UTCZ,Consumed meat?,true,
2026-01-12 00:26:51,2026-01-13 00:29:11,UTCZ,Took a magnesium supplement?,true,
2026-01-12 00:26:51,2026-01-13 00:29:11,UTCZ,Ate food close to bedtime?,false,
2026-01-12 00:26:51,2026-01-13 00:29:11,UTCZ,Experienced increased libido?,true,
2026-01-12 00:26:51,2026-01-13 00:29:11,UTCZ,Hydrated sufficiently?,true,
2026-01-12 00:26:51,2026-01-13 00:29:11,UTCZ,Took a hot shower before bed?,false,
2026-01-12 00:26:51,2026-01-13 00:29:11,UTCZ,Ate home-cooked food?,true,
2026-01-12 00:26:51,2026-01-13 00:29:11,UTCZ,Took fish oil?,false,
2026-01-12 00:26:51,2026-01-13 00:29:11,UTCZ,Took electrolyte supplements?,false,
2026-01-12 00:26:51,2026-01-13 00:29:11,UTCZ,Took a zinc supplement?,false,
2026-01-10 23:59:48,2026-01-12 00:26:51,UTCZ,Have any alcoholic drinks?,false,
2026-01-10 23:59:48,2026-01-12 00:26:51,UTCZ,Traveled on a plane?,false,
2026-01-10 23:59:48,2026-01-12 00:26:51,UTCZ,Consumed added sugar?,true,
2026-01-10 23:59:48,2026-01-12 00:26:51,UTCZ,Used a sauna?,false,
2026-01-10 23:59:48,2026-01-12 00:26:51,UTCZ,Took a zinc supplement?,false,
2026-01-10 23:59:48,2026-01-12 00:26:51,UTCZ,Took creatine?,false,
2026-01-10 23:59:48,2026-01-12 00:26:51,UTCZ,Took vitamin D?,false,
2026-01-10 23:59:48,2026-01-12 00:26:51,UTCZ,Spent time stretching?,false,
2026-01-10 23:59:48,2026-01-12 00:26:51,UTCZ,Experienced bloating?,false,
2026-01-10 23:59:48,2026-01-12 00:26:51,UTCZ,Took omega 3 supplement?,false,
2026-01-10 23:59:48,2026-01-12 00:26:51,UTCZ,Consumed nuts?,true,
2026-01-10 23:59:48,2026-01-12 00:26:51,UTCZ,Took a multivitamin?,false,
2026-01-10 23:59:48,2026-01-12 00:26:51,UTCZ,Wore mouth tape while sleeping?,false,
2026-01-10 23:59:48,2026-01-12 00:26:51,UTCZ,Consumed meat?,true,
2026-01-10 23:59:48,2026-01-12 00:26:51,UTCZ,Took a magnesium supplement?,true,
2026-01-10 23:59:48,2026-01-12 00:26:51,UTCZ,Ate food close to bedtime?,false,
2026-01-10 23:59:48,2026-01-12 00:26:51,UTCZ,Experienced increased libido?,true,
2026-01-10 23:59:48,2026-01-12 00:26:51,UTCZ,Hydrated sufficiently?,true,
2026-01-10 23:59:48,2026-01-12 00:26:51,UTCZ,Took a hot shower before bed?,false,
2026-01-10 23:59:48,2026-01-12 00:26:51,UTCZ,Ate home-cooked food?,true,
2026-01-10 23:59:48,2026-01-12 00:26:51,UTCZ,Took fish oil?,false,
2026-01-10 23:59:48,2026-01-12 00:26:51,UTCZ,Took electrolyte supplements?,false,
2026-01-10 23:59:48,2026-01-12 00:26:51,UTCZ,Experienced decreased libido?,false,
2026-01-10 23:59:48,2026-01-12 00:26:51,UTCZ,Walked after a meal?,true,
2026-01-10 23:59:48,2026-01-12 00:26:51,UTCZ,Avoided processed foods?,false,
2026-01-10 23:59:48,2026-01-12 00:26:51,UTCZ,Consumed carbohydrates?,true,
2026-01-10 23:59:48,2026-01-12 00:26:51,UTCZ,Consumed caffeine?,true,
2026-01-10 23:59:48,2026-01-12 00:26:51,UTCZ,Practiced breathwork?,false,
2026-01-10 23:59:48,2026-01-12 00:26:51,UTCZ,Ate breakfast?,false,
2026-01-10 23:59:48,2026-01-12 00:26:51,UTCZ,Engaged in sexual activity?,true,
2026-01-10 01:11:46,2026-01-10 23:59:48,UTCZ,Consumed added sugar?,true,
2026-01-10 01:11:46,2026-01-10 23:59:48,UTCZ,Took electrolyte supplements?,false,
2026-01-10 01:11:46,2026-01-10 23:59:48,UTCZ,Spent time stretching?,true,
2026-01-10 01:11:46,2026-01-10 23:59:48,UTCZ,Have any alcoholic drinks?,false,
2026-01-10 01:11:46,2026-01-10 23:59:48,UTCZ,Took a zinc supplement?,false,
2026-01-10 01:11:46,2026-01-10 23:59:48,UTCZ,Took vitamin D?,false,
2026-01-10 01:11:46,2026-01-10 23:59:48,UTCZ,Traveled on a plane?,false,
2026-01-10 01:11:46,2026-01-10 23:59:48,UTCZ,Used a sauna?,false,
2026-01-10 01:11:46,2026-01-10 23:59:48,UTCZ,Walked after a meal?,false,
2026-01-10 01:11:46,2026-01-10 23:59:48,UTCZ,Took omega 3 supplement?,false,
2026-01-10 01:11:46,2026-01-10 23:59:48,UTCZ,Took a multivitamin?,false,
2026-01-10 01:11:46,2026-01-10 23:59:48,UTCZ,Wore mouth tape while sleeping?,false,
2026-01-10 01:11:46,2026-01-10 23:59:48,UTCZ,Consumed meat?,true,
2026-01-10 01:11:46,2026-01-10 23:59:48,UTCZ,Took a magnesium supplement?,false,
2026-01-10 01:11:46,2026-01-10 23:59:48,UTCZ,Ate food close to bedtime?,false,
2026-01-10 01:11:46,2026-01-10 23:59:48,UTCZ,Experienced increased libido?,true,
2026-01-10 01:11:46,2026-01-10 23:59:48,UTCZ,Hydrated sufficiently?,true,
2026-01-10 01:11:46,2026-01-10 23:59:48,UTCZ,Took a hot shower before bed?,false,
2026-01-10 01:11:46,2026-01-10 23:59:48,UTCZ,Ate home-cooked food?,true,
2026-01-10 01:11:46,2026-01-10 23:59:48,UTCZ,Took fish oil?,false,
2026-01-10 01:11:46,2026-01-10 23:59:48,UTCZ,Experienced decreased libido?,false,
2026-01-10 01:11:46,2026-01-10 23:59:48,UTCZ,Consumed nuts?,true,
2026-01-10 01:11:46,2026-01-10 23:59:48,UTCZ,Took creatine?,false,
2026-01-10 01:11:46,2026-01-10 23:59:48,UTCZ,Avoided processed foods?,false,
2026-01-10 01:11:46,2026-01-10 23:59:48,UTCZ,Consumed carbohydrates?,true,
2026-01-10 01:11:46,2026-01-10 23:59:48,UTCZ,Engaged in sexual activity?,false,
2026-01-10 01:11:46,2026-01-10 23:59:48,UTCZ,Consumed caffeine?,true,
2026-01-10 01:11:46,2026-01-10 23:59:48,UTCZ,Practiced breathwork?,false,
2026-01-10 01:11:46,2026-01-10 23:59:48,UTCZ,Ate breakfast?,false,
2026-01-10 01:11:46,2026-01-10 23:59:48,UTCZ,Experienced bloating?,false,
2026-01-09 00:41:05,2026-01-10 01:11:46,UTCZ,Have any alcoholic drinks?,false,
2026-01-09 00:41:05,2026-01-10 01:11:46,UTCZ,Traveled on a plane?,false,
2026-01-09 00:41:05,2026-01-10 01:11:46,UTCZ,Experienced bloating?,false,
2026-01-09 00:41:05,2026-01-10 01:11:46,UTCZ,Consumed added sugar?,true,
2026-01-09 00:41:05,2026-01-10 01:11:46,UTCZ,Took a zinc supplement?,false,
2026-01-09 00:41:05,2026-01-10 01:11:46,UTCZ,Ate home-cooked food?,true,
2026-01-09 00:41:05,2026-01-10 01:11:46,UTCZ,Spent time stretching?,false,
2026-01-09 00:41:05,2026-01-10 01:11:46,UTCZ,Engaged in sexual activity?,false,
2026-01-09 00:41:05,2026-01-10 01:11:46,UTCZ,Used a sauna?,false,
2026-01-09 00:41:05,2026-01-10 01:11:46,UTCZ,Took omega 3 supplement?,false,
2026-01-09 00:41:05,2026-01-10 01:11:46,UTCZ,Consumed nuts?,true,
2026-01-09 00:41:05,2026-01-10 01:11:46,UTCZ,Took a multivitamin?,false,
2026-01-09 00:41:05,2026-01-10 01:11:46,UTCZ,Wore mouth tape while sleeping?,false,
2026-01-09 00:41:05,2026-01-10 01:11:46,UTCZ,Consumed meat?,true,
2026-01-09 00:41:05,2026-01-10 01:11:46,UTCZ,Took a magnesium supplement?,false,
2026-01-09 00:41:05,2026-01-10 01:11:46,UTCZ,Ate food close to bedtime?,false,
2026-01-09 00:41:05,2026-01-10 01:11:46,UTCZ,Experienced increased libido?,true,
2026-01-09 00:41:05,2026-01-10 01:11:46,UTCZ,Hydrated sufficiently?,true,
2026-01-09 00:41:05,2026-01-10 01:11:46,UTCZ,Took a hot shower before bed?,false,
2026-01-09 00:41:05,2026-01-10 01:11:46,UTCZ,Took fish oil?,false,
2026-01-09 00:41:05,2026-01-10 01:11:46,UTCZ,Took electrolyte supplements?,false,
2026-01-09 00:41:05,2026-01-10 01:11:46,UTCZ,Experienced decreased libido?,false,
2026-01-09 00:41:05,2026-01-10 01:11:46,UTCZ,Took creatine?,false,
2026-01-09 00:41:05,2026-01-10 01:11:46,UTCZ,Walked after a meal?,false,
2026-01-09 00:41:05,2026-01-10 01:11:46,UTCZ,Avoided processed foods?,false,
2026-01-09 00:41:05,2026-01-10 01:11:46,UTCZ,Consumed carbohydrates?,true,
2026-01-09 00:41:05,2026-01-10 01:11:46,UTCZ,Consumed caffeine?,true,
2026-01-09 00:41:05,2026-01-10 01:11:46,UTCZ,Took vitamin D?,false,
2026-01-09 00:41:05,2026-01-10 01:11:46,UTCZ,Practiced breathwork?,false,
2026-01-09 00:41:05,2026-01-10 01:11:46,UTCZ,Ate breakfast?,false,
2026-01-08 00:06:44,2026-01-09 00:41:05,UTCZ,Consumed added sugar?,true,
2026-01-08 00:06:44,2026-01-09 00:41:05,UTCZ,Traveled on a plane?,false,
2026-01-08 00:06:44,2026-01-09 00:41:05,UTCZ,Experienced increased libido?,true,
2026-01-08 00:06:44,2026-01-09 00:41:05,UTCZ,Hydrated sufficiently?,true,
2026-01-08 00:06:44,2026-01-09 00:41:05,UTCZ,Spent time stretching?,true,
2026-01-08 00:06:44,2026-01-09 00:41:05,UTCZ,Took vitamin D?,false,
2026-01-08 00:06:44,2026-01-09 00:41:05,UTCZ,Took omega 3 supplement?,false,
2026-01-08 00:06:44,2026-01-09 00:41:05,UTCZ,Used a sauna?,false,
2026-01-08 00:06:44,2026-01-09 00:41:05,UTCZ,Walked after a meal?,true,
2026-01-08 00:06:44,2026-01-09 00:41:05,UTCZ,Took a magnesium supplement?,true,
2026-01-08 00:06:44,2026-01-09 00:41:05,UTCZ,Consumed nuts?,true,
2026-01-08 00:06:44,2026-01-09 00:41:05,UTCZ,Took a multivitamin?,false,
2026-01-08 00:06:44,2026-01-09 00:41:05,UTCZ,Wore mouth tape while sleeping?,false,
2026-01-08 00:06:44,2026-01-09 00:41:05,UTCZ,Consumed meat?,true,
2026-01-08 00:06:44,2026-01-09 00:41:05,UTCZ,Ate food close to bedtime?,false,
2026-01-08 00:06:44,2026-01-09 00:41:05,UTCZ,Took a hot shower before bed?,false,
2026-01-08 00:06:44,2026-01-09 00:41:05,UTCZ,Ate home-cooked food?,true,
2026-01-08 00:06:44,2026-01-09 00:41:05,UTCZ,Took fish oil?,false,
2026-01-08 00:06:44,2026-01-09 00:41:05,UTCZ,Took electrolyte supplements?,false,
2026-01-08 00:06:44,2026-01-09 00:41:05,UTCZ,Experienced decreased libido?,false,
2026-01-08 00:06:44,2026-01-09 00:41:05,UTCZ,Took creatine?,false,
2026-01-08 00:06:44,2026-01-09 00:41:05,UTCZ,Avoided processed foods?,false,
2026-01-08 00:06:44,2026-01-09 00:41:05,UTCZ,Consumed carbohydrates?,true,
2026-01-08 00:06:44,2026-01-09 00:41:05,UTCZ,Consumed caffeine?,true,
2026-01-08 00:06:44,2026-01-09 00:41:05,UTCZ,Practiced breathwork?,false,
2026-01-08 00:06:44,2026-01-09 00:41:05,UTCZ,Engaged in sexual activity?,true,
2026-01-08 00:06:44,2026-01-09 00:41:05,UTCZ,Ate breakfast?,false,
2026-01-08 00:06:44,2026-01-09 00:41:05,UTCZ,Experienced bloating?,false,
2026-01-08 00:06:44,2026-01-09 00:41:05,UTCZ,Have any alcoholic drinks?,false,
2026-01-08 00:06:44,2026-01-09 00:41:05,UTCZ,Took a zinc supplement?,false,
2026-01-07 00:41:46,2026-01-08 00:06:44,UTCZ,Traveled on a plane?,false,
2026-01-07 00:41:46,2026-01-08 00:06:44,UTCZ,Consumed added sugar?,true,
2026-01-07 00:41:46,2026-01-08 00:06:44,UTCZ,Took a magnesium supplement?,false,
2026-01-07 00:41:46,2026-01-08 00:06:44,UTCZ,Took a zinc supplement?,false,
2026-01-07 00:41:46,2026-01-08 00:06:44,UTCZ,Ate food close to bedtime?,false,
2026-01-07 00:41:46,2026-01-08 00:06:44,UTCZ,Spent time stretching?,false,
2026-01-07 00:41:46,2026-01-08 00:06:44,UTCZ,Engaged in sexual activity?,false,
2026-01-07 00:41:46,2026-01-08 00:06:44,UTCZ,Experienced bloating?,false,
2026-01-07 00:41:46,2026-01-08 00:06:44,UTCZ,Took omega 3 supplement?,false,
2026-01-07 00:41:46,2026-01-08 00:06:44,UTCZ,Consumed nuts?,true,
2026-01-07 00:41:46,2026-01-08 00:06:44,UTCZ,Took a multivitamin?,false,
2026-01-07 00:41:46,2026-01-08 00:06:44,UTCZ,Wore mouth tape while sleeping?,false,
2026-01-07 00:41:46,2026-01-08 00:06:44,UTCZ,Consumed meat?,true,
2026-01-07 00:41:46,2026-01-08 00:06:44,UTCZ,Have any alcoholic drinks?,false,
2026-01-07 00:41:46,2026-01-08 00:06:44,UTCZ,Experienced increased libido?,false,
2026-01-07 00:41:46,2026-01-08 00:06:44,UTCZ,Hydrated sufficiently?,true,
2026-01-07 00:41:46,2026-01-08 00:06:44,UTCZ,Took a hot shower before bed?,false,
2026-01-07 00:41:46,2026-01-08 00:06:44,UTCZ,Ate home-cooked food?,true,
2026-01-07 00:41:46,2026-01-08 00:06:44,UTCZ,Took fish oil?,false,
2026-01-07 00:41:46,2026-01-08 00:06:44,UTCZ,Took electrolyte supplements?,false,
2026-01-07 00:41:46,2026-01-08 00:06:44,UTCZ,Experienced decreased libido?,false,
2026-01-07 00:41:46,2026-01-08 00:06:44,UTCZ,Took creatine?,false,
2026-01-07 00:41:46,2026-01-08 00:06:44,UTCZ,Avoided processed foods?,false,
2026-01-07 00:41:46,2026-01-08 00:06:44,UTCZ,Walked after a meal?,false,
2026-01-07 00:41:46,2026-01-08 00:06:44,UTCZ,Consumed carbohydrates?,true,
2026-01-07 00:41:46,2026-01-08 00:06:44,UTCZ,Consumed caffeine?,true,
2026-01-07 00:41:46,2026-01-08 00:06:44,UTCZ,Practiced breathwork?,false,
2026-01-07 00:41:46,2026-01-08 00:06:44,UTCZ,Took vitamin D?,false,
2026-01-07 00:41:46,2026-01-08 00:06:44,UTCZ,Ate breakfast?,false,
2026-01-07 00:41:46,2026-01-08 00:06:44,UTCZ,Used a sauna?,false,
2026-01-05 23:28:54,2026-01-07 00:41:46,UTCZ,Wore mouth tape while sleeping?,false,
2026-01-05 23:28:54,2026-01-07 00:41:46,UTCZ,Took a zinc supplement?,false,
2026-01-05 23:28:54,2026-01-07 00:41:46,UTCZ,Took a hot shower before bed?,false,
2026-01-05 23:28:54,2026-01-07 00:41:46,UTCZ,Engaged in sexual activity?,false,
2026-01-05 23:28:54,2026-01-07 00:41:46,UTCZ,Consumed nuts?,true,
2026-01-05 23:28:54,2026-01-07 00:41:46,UTCZ,Walked after a meal?,true,
2026-01-05 23:28:54,2026-01-07 00:41:46,UTCZ,Consumed caffeine?,true,
2026-01-05 23:28:54,2026-01-07 00:41:46,UTCZ,Ate home-cooked food?,true,
2026-01-05 23:28:54,2026-01-07 00:41:46,UTCZ,Ate breakfast?,false,
2026-01-05 23:28:54,2026-01-07 00:41:46,UTCZ,Experienced decreased libido?,false,
2026-01-05 23:28:54,2026-01-07 00:41:46,UTCZ,Experienced increased libido?,true,
2026-01-05 23:28:54,2026-01-07 00:41:46,UTCZ,Took electrolyte supplements?,false,
2026-01-05 23:28:54,2026-01-07 00:41:46,UTCZ,Have any alcoholic drinks?,false,
2026-01-05 23:28:54,2026-01-07 00:41:46,UTCZ,Took vitamin D?,false,
2026-01-05 23:28:54,2026-01-07 00:41:46,UTCZ,Took a multivitamin?,false,
2026-01-05 23:28:54,2026-01-07 00:41:46,UTCZ,Took fish oil?,false,
2026-01-05 23:28:54,2026-01-07 00:41:46,UTCZ,Took creatine?,false,
2026-01-05 23:28:54,2026-01-07 00:41:46,UTCZ,Consumed added sugar?,true,
2026-01-05 23:28:54,2026-01-07 00:41:46,UTCZ,Avoided processed foods?,true,
2026-01-05 23:28:54,2026-01-07 00:41:46,UTCZ,Consumed carbohydrates?,true,
2026-01-05 23:28:54,2026-01-07 00:41:46,UTCZ,Experienced bloating?,false,
2026-01-05 23:28:54,2026-01-07 00:41:46,UTCZ,Practiced breathwork?,false,
2026-01-05 23:28:54,2026-01-07 00:41:46,UTCZ,Hydrated sufficiently?,true,
2026-01-05 23:28:54,2026-01-07 00:41:46,UTCZ,Used a sauna?,false,
2026-01-05 23:28:54,2026-01-07 00:41:46,UTCZ,Took a magnesium supplement?,false,
2026-01-05 23:28:54,2026-01-07 00:41:46,UTCZ,Spent time stretching?,true,
2026-01-05 23:28:54,2026-01-07 00:41:46,UTCZ,Consumed meat?,true,
2026-01-05 23:28:54,2026-01-07 00:41:46,UTCZ,Traveled on a plane?,false,
2026-01-05 23:28:54,2026-01-07 00:41:46,UTCZ,Ate food close to bedtime?,false,
2026-01-05 23:28:54,2026-01-07 00:41:46,UTCZ,Took omega 3 supplement?,false,
2026-01-03 22:50:32,2026-01-05 01:35:05,UTCZ,Consumed added sugar?,true,
2026-01-03 22:50:32,2026-01-05 01:35:05,UTCZ,Have any alcoholic drinks?,false,
2026-01-03 22:50:32,2026-01-05 01:35:05,UTCZ,Consumed nuts?,true,
2026-01-03 22:50:32,2026-01-05 01:35:05,UTCZ,Took a multivitamin?,false,
2026-01-03 22:50:32,2026-01-05 01:35:05,UTCZ,Experienced bloating?,false,
2026-01-03 22:50:32,2026-01-05 01:35:05,UTCZ,Took vitamin D?,false,
2026-01-03 22:50:32,2026-01-05 01:35:05,UTCZ,Engaged in sexual activity?,false,
2026-01-03 22:50:32,2026-01-05 01:35:05,UTCZ,Used a sauna?,false,
2026-01-03 22:50:32,2026-01-05 01:35:05,UTCZ,Walked after a meal?,false,
2026-01-03 22:50:32,2026-01-05 01:35:05,UTCZ,Took omega 3 supplement?,false,
2026-01-03 22:50:32,2026-01-05 01:35:05,UTCZ,Consumed meat?,true,
2026-01-03 22:50:32,2026-01-05 01:35:05,UTCZ,Took a magnesium supplement?,false,
2026-01-03 22:50:32,2026-01-05 01:35:05,UTCZ,Ate food close to bedtime?,false,
2026-01-03 22:50:32,2026-01-05 01:35:05,UTCZ,Experienced increased libido?,true,
2026-01-03 22:50:32,2026-01-05 01:35:05,UTCZ,Hydrated sufficiently?,false,
2026-01-03 22:50:32,2026-01-05 01:35:05,UTCZ,Took a hot shower before bed?,false,
2026-01-03 22:50:32,2026-01-05 01:35:05,UTCZ,Ate home-cooked food?,true,
2026-01-03 22:50:32,2026-01-05 01:35:05,UTCZ,Took fish oil?,false,
2026-01-03 22:50:32,2026-01-05 01:35:05,UTCZ,Took electrolyte supplements?,false,
2026-01-03 22:50:32,2026-01-05 01:35:05,UTCZ,Wore mouth tape while sleeping?,false,
2026-01-03 22:50:32,2026-01-05 01:35:05,UTCZ,Experienced decreased libido?,false,
2026-01-03 22:50:32,2026-01-05 01:35:05,UTCZ,Took creatine?,false,
2026-01-03 22:50:32,2026-01-05 01:35:05,UTCZ,Avoided processed foods?,false,
2026-01-03 22:50:32,2026-01-05 01:35:05,UTCZ,Consumed carbohydrates?,true,
2026-01-03 22:50:32,2026-01-05 01:35:05,UTCZ,Consumed caffeine?,true,
2026-01-03 22:50:32,2026-01-05 01:35:05,UTCZ,Practiced breathwork?,false,
2026-01-03 22:50:32,2026-01-05 01:35:05,UTCZ,Ate breakfast?,true,
2026-01-03 22:50:32,2026-01-05 01:35:05,UTCZ,Took a zinc supplement?,false,
2026-01-03 22:50:32,2026-01-05 01:35:05,UTCZ,Traveled on a plane?,false,
2026-01-02 21:56:26,2026-01-03 22:50:32,UTCZ,Used a sauna?,false,
2026-01-02 21:56:26,2026-01-03 22:50:32,UTCZ,Walked after a meal?,false,
2026-01-02 21:56:26,2026-01-03 22:50:32,UTCZ,Consumed added sugar?,true,
2026-01-02 21:56:26,2026-01-03 22:50:32,UTCZ,Took a zinc supplement?,false,
2026-01-02 21:56:26,2026-01-03 22:50:32,UTCZ,Took vitamin D?,false,
2026-01-02 21:56:26,2026-01-03 22:50:32,UTCZ,Engaged in sexual activity?,false,
2026-01-02 21:56:26,2026-01-03 22:50:32,UTCZ,Consumed nuts?,false,
2026-01-02 21:56:26,2026-01-03 22:50:32,UTCZ,Took a multivitamin?,false,
2026-01-02 21:56:26,2026-01-03 22:50:32,UTCZ,Wore mouth tape while sleeping?,false,
2026-01-02 21:56:26,2026-01-03 22:50:32,UTCZ,Took a magnesium supplement?,false,
2026-01-02 21:56:26,2026-01-03 22:50:32,UTCZ,Ate food close to bedtime?,false,
2026-01-02 21:56:26,2026-01-03 22:50:32,UTCZ,Experienced increased libido?,true,
2026-01-02 21:56:26,2026-01-03 22:50:32,UTCZ,Hydrated sufficiently?,false,
2026-01-02 21:56:26,2026-01-03 22:50:32,UTCZ,Took a hot shower before bed?,false,
2026-01-02 21:56:26,2026-01-03 22:50:32,UTCZ,Ate home-cooked food?,false,
2026-01-02 21:56:26,2026-01-03 22:50:32,UTCZ,Took fish oil?,false,
2026-01-02 21:56:26,2026-01-03 22:50:32,UTCZ,Took electrolyte supplements?,false,
2026-01-02 21:56:26,2026-01-03 22:50:32,UTCZ,Experienced decreased libido?,false,
2026-01-02 21:56:26,2026-01-03 22:50:32,UTCZ,Consumed meat?,true,
2026-01-02 21:56:26,2026-01-03 22:50:32,UTCZ,Took creatine?,false,
2026-01-02 21:56:26,2026-01-03 22:50:32,UTCZ,Avoided processed foods?,false,
2026-01-02 21:56:26,2026-01-03 22:50:32,UTCZ,Consumed carbohydrates?,true,
2026-01-02 21:56:26,2026-01-03 22:50:32,UTCZ,Took omega 3 supplement?,false,
2026-01-02 21:56:26,2026-01-03 22:50:32,UTCZ,Consumed caffeine?,true,
2026-01-02 21:56:26,2026-01-03 22:50:32,UTCZ,Practiced breathwork?,false,
2026-01-02 21:56:26,2026-01-03 22:50:32,UTCZ,Ate breakfast?,false,
2026-01-02 21:56:26,2026-01-03 22:50:32,UTCZ,Experienced bloating?,false,
2026-01-02 21:56:26,2026-01-03 22:50:32,UTCZ,Have any alcoholic drinks?,false,
2026-01-02 21:56:26,2026-01-03 22:50:32,UTCZ,Traveled on a plane?,false,
2025-12-31 01:11:08,2025-12-31 15:43:22,UTCZ,Have any alcoholic drinks?,false,
2025-12-31 01:11:08,2025-12-31 15:43:22,UTCZ,Took vitamin D?,false,
2025-12-31 01:11:08,2025-12-31 15:43:22,UTCZ,Traveled on a plane?,false,
2025-12-31 01:11:08,2025-12-31 15:43:22,UTCZ,Took a zinc supplement?,false,
2025-12-31 01:11:08,2025-12-31 15:43:22,UTCZ,Consumed added sugar?,true,
2025-12-31 01:11:08,2025-12-31 15:43:22,UTCZ,Used a sauna?,false,
2025-12-31 01:11:08,2025-12-31 15:43:22,UTCZ,Walked after a meal?,false,
2025-12-31 01:11:08,2025-12-31 15:43:22,UTCZ,Took omega 3 supplement?,false,
2025-12-31 01:11:08,2025-12-31 15:43:22,UTCZ,Took a multivitamin?,false,
2025-12-31 01:11:08,2025-12-31 15:43:22,UTCZ,Wore mouth tape while sleeping?,false,
2025-12-31 01:11:08,2025-12-31 15:43:22,UTCZ,Consumed meat?,true,
2025-12-31 01:11:08,2025-12-31 15:43:22,UTCZ,Took a magnesium supplement?,false,
2025-12-31 01:11:08,2025-12-31 15:43:22,UTCZ,Ate food close to bedtime?,false,
2025-12-31 01:11:08,2025-12-31 15:43:22,UTCZ,Experienced increased libido?,true,
2025-12-31 01:11:08,2025-12-31 15:43:22,UTCZ,Hydrated sufficiently?,false,
2025-12-31 01:11:08,2025-12-31 15:43:22,UTCZ,Took a hot shower before bed?,true,
2025-12-31 01:11:08,2025-12-31 15:43:22,UTCZ,Ate home-cooked food?,true,
2025-12-31 01:11:08,2025-12-31 15:43:22,UTCZ,Took fish oil?,false,
2025-12-31 01:11:08,2025-12-31 15:43:22,UTCZ,Took electrolyte supplements?,false,
2025-12-31 01:11:08,2025-12-31 15:43:22,UTCZ,Experienced decreased libido?,false,
2025-12-31 01:11:08,2025-12-31 15:43:22,UTCZ,Took creatine?,false,
2025-12-31 01:11:08,2025-12-31 15:43:22,UTCZ,Consumed nuts?,false,
2025-12-31 01:11:08,2025-12-31 15:43:22,UTCZ,Avoided processed foods?,true,
2025-12-31 01:11:08,2025-12-31 15:43:22,UTCZ,Consumed carbohydrates?,true,
2025-12-31 01:11:08,2025-12-31 15:43:22,UTCZ,Consumed caffeine?,true,
2025-12-31 01:11:08,2025-12-31 15:43:22,UTCZ,Engaged in sexual activity?,true,
2025-12-31 01:11:08,2025-12-31 15:43:22,UTCZ,Practiced breathwork?,false,
2025-12-31 01:11:08,2025-12-31 15:43:22,UTCZ,Ate breakfast?,false,
2025-12-31 01:11:08,2025-12-31 15:43:22,UTCZ,Experienced bloating?,false,
2025-12-29 23:21:06,2025-12-31 01:11:08,UTCZ,Consumed added sugar?,true,
2025-12-29 23:21:06,2025-12-31 01:11:08,UTCZ,Traveled on a plane?,false,
2025-12-29 23:21:06,2025-12-31 01:11:08,UTCZ,Engaged in sexual activity?,true,
2025-12-29 23:21:06,2025-12-31 01:11:08,UTCZ,Took vitamin D?,false,
2025-12-29 23:21:06,2025-12-31 01:11:08,UTCZ,Consumed nuts?,false,
2025-12-29 23:21:06,2025-12-31 01:11:08,UTCZ,Walked after a meal?,true,
2025-12-29 23:21:06,2025-12-31 01:11:08,UTCZ,Took omega 3 supplement?,false,
2025-12-29 23:21:06,2025-12-31 01:11:08,UTCZ,Took a hot shower before bed?,true,
2025-12-29 23:21:06,2025-12-31 01:11:08,UTCZ,Wore mouth tape while sleeping?,false,
2025-12-29 23:21:06,2025-12-31 01:11:08,UTCZ,Consumed meat?,true,
2025-12-29 23:21:06,2025-12-31 01:11:08,UTCZ,Took a magnesium supplement?,false,
2025-12-29 23:21:06,2025-12-31 01:11:08,UTCZ,Ate food close to bedtime?,false,
2025-12-29 23:21:06,2025-12-31 01:11:08,UTCZ,Experienced increased libido?,true,
2025-12-29 23:21:06,2025-12-31 01:11:08,UTCZ,Hydrated sufficiently?,true,
2025-12-29 23:21:06,2025-12-31 01:11:08,UTCZ,Ate breakfast?,false,
2025-12-29 23:21:06,2025-12-31 01:11:08,UTCZ,Ate home-cooked food?,true,
2025-12-29 23:21:06,2025-12-31 01:11:08,UTCZ,Took fish oil?,false,
2025-12-29 23:21:06,2025-12-31 01:11:08,UTCZ,Took electrolyte supplements?,false,
2025-12-29 23:21:06,2025-12-31 01:11:08,UTCZ,Experienced decreased libido?,false,
2025-12-29 23:21:06,2025-12-31 01:11:08,UTCZ,Took creatine?,false,
2025-12-29 23:21:06,2025-12-31 01:11:08,UTCZ,Took a multivitamin?,false,
2025-12-29 23:21:06,2025-12-31 01:11:08,UTCZ,Avoided processed foods?,true,
2025-12-29 23:21:06,2025-12-31 01:11:08,UTCZ,Consumed carbohydrates?,true,
2025-12-29 23:21:06,2025-12-31 01:11:08,UTCZ,Consumed caffeine?,true,
2025-12-29 23:21:06,2025-12-31 01:11:08,UTCZ,Used a sauna?,false,
2025-12-29 23:21:06,2025-12-31 01:11:08,UTCZ,Practiced breathwork?,false,
2025-12-29 23:21:06,2025-12-31 01:11:08,UTCZ,Experienced bloating?,false,
2025-12-29 23:21:06,2025-12-31 01:11:08,UTCZ,Have any alcoholic drinks?,false,
2025-12-29 23:21:06,2025-12-31 01:11:08,UTCZ,Took a zinc supplement?,false,
2025-12-28 22:04:55,2025-12-29 23:21:06,UTCZ,Ate breakfast?,false,
2025-12-28 22:04:55,2025-12-29 23:21:06,UTCZ,Used a sauna?,false,
2025-12-28 22:04:55,2025-12-29 23:21:06,UTCZ,Experienced bloating?,false,
2025-12-28 22:04:55,2025-12-29 23:21:06,UTCZ,Took vitamin D?,false,
2025-12-28 22:04:55,2025-12-29 23:21:06,UTCZ,Engaged in sexual activity?,true,
2025-12-28 22:04:55,2025-12-29 23:21:06,UTCZ,Have any alcoholic drinks?,false,
2025-12-28 22:04:55,2025-12-29 23:21:06,UTCZ,Took omega 3 supplement?,false,
2025-12-28 22:04:55,2025-12-29 23:21:06,UTCZ,Consumed nuts?,true,
2025-12-28 22:04:55,2025-12-29 23:21:06,UTCZ,Took a multivitamin?,false,
2025-12-28 22:04:55,2025-12-29 23:21:06,UTCZ,Wore mouth tape while sleeping?,false,
2025-12-28 22:04:55,2025-12-29 23:21:06,UTCZ,Consumed meat?,true,
2025-12-28 22:04:55,2025-12-29 23:21:06,UTCZ,Took a magnesium supplement?,false,
2025-12-28 22:04:55,2025-12-29 23:21:06,UTCZ,Traveled on a plane?,false,
2025-12-28 22:04:55,2025-12-29 23:21:06,UTCZ,Experienced increased libido?,true,
2025-12-28 22:04:55,2025-12-29 23:21:06,UTCZ,Hydrated sufficiently?,true,
2025-12-28 22:04:55,2025-12-29 23:21:06,UTCZ,Took a hot shower before bed?,true,
2025-12-28 22:04:55,2025-12-29 23:21:06,UTCZ,Ate home-cooked food?,true,
2025-12-28 22:04:55,2025-12-29 23:21:06,UTCZ,Took fish oil?,false,
2025-12-28 22:04:55,2025-12-29 23:21:06,UTCZ,Took electrolyte supplements?,false,
2025-12-28 22:04:55,2025-12-29 23:21:06,UTCZ,Experienced decreased libido?,false,
2025-12-28 22:04:55,2025-12-29 23:21:06,UTCZ,Took creatine?,false,
2025-12-28 22:04:55,2025-12-29 23:21:06,UTCZ,Avoided processed foods?,true,
2025-12-28 22:04:55,2025-12-29 23:21:06,UTCZ,Consumed carbohydrates?,true,
2025-12-28 22:04:55,2025-12-29 23:21:06,UTCZ,Walked after a meal?,false,
2025-12-28 22:04:55,2025-12-29 23:21:06,UTCZ,Consumed caffeine?,true,
2025-12-28 22:04:55,2025-12-29 23:21:06,UTCZ,Practiced breathwork?,false,
2025-12-28 22:04:55,2025-12-29 23:21:06,UTCZ,Consumed added sugar?,true,
2025-12-28 22:04:55,2025-12-29 23:21:06,UTCZ,Took a zinc supplement?,false,
2025-12-28 22:04:55,2025-12-29 23:21:06,UTCZ,Ate food close to bedtime?,false,
2025-12-27 00:44:33,2025-12-27 21:43:52,UTCZ,Have any alcoholic drinks?,false,
2025-12-27 00:44:33,2025-12-27 21:43:52,UTCZ,Traveled on a plane?,true,
2025-12-27 00:44:33,2025-12-27 21:43:52,UTCZ,Experienced bloating?,true,
2025-12-27 00:44:33,2025-12-27 21:43:52,UTCZ,Consumed added sugar?,true,
2025-12-27 00:44:33,2025-12-27 21:43:52,UTCZ,Took a zinc supplement?,false,
2025-12-27 00:44:33,2025-12-27 21:43:52,UTCZ,Wore mouth tape while sleeping?,false,
2025-12-27 00:44:33,2025-12-27 21:43:52,UTCZ,Ate breakfast?,false,
2025-12-27 00:44:33,2025-12-27 21:43:52,UTCZ,Engaged in sexual activity?,true,
2025-12-27 00:44:33,2025-12-27 21:43:52,UTCZ,Used a sauna?,false,
2025-12-27 00:44:33,2025-12-27 21:43:52,UTCZ,Walked after a meal?,false,
2025-12-27 00:44:33,2025-12-27 21:43:52,UTCZ,Took omega 3 supplement?,false,
2025-12-27 00:44:33,2025-12-27 21:43:52,UTCZ,Consumed nuts?,false,
2025-12-27 00:44:33,2025-12-27 21:43:52,UTCZ,Took a multivitamin?,false,
2025-12-27 00:44:33,2025-12-27 21:43:52,UTCZ,Consumed meat?,true,
2025-12-27 00:44:33,2025-12-27 21:43:52,UTCZ,Took a magnesium supplement?,false,
2025-12-27 00:44:33,2025-12-27 21:43:52,UTCZ,Ate food close to bedtime?,false,
2025-12-27 00:44:33,2025-12-27 21:43:52,UTCZ,Experienced increased libido?,true,
2025-12-27 00:44:33,2025-12-27 21:43:52,UTCZ,Hydrated sufficiently?,true,
2025-12-27 00:44:33,2025-12-27 21:43:52,UTCZ,Took a hot shower before bed?,true,
2025-12-27 00:44:33,2025-12-27 21:43:52,UTCZ,Ate home-cooked food?,false,
2025-12-27 00:44:33,2025-12-27 21:43:52,UTCZ,Took fish oil?,false,
2025-12-27 00:44:33,2025-12-27 21:43:52,UTCZ,Took electrolyte supplements?,false,
2025-12-27 00:44:33,2025-12-27 21:43:52,UTCZ,Experienced decreased libido?,false,
2025-12-27 00:44:33,2025-12-27 21:43:52,UTCZ,Took creatine?,false,
2025-12-27 00:44:33,2025-12-27 21:43:52,UTCZ,Avoided processed foods?,false,
2025-12-27 00:44:33,2025-12-27 21:43:52,UTCZ,Consumed carbohydrates?,true,
2025-12-27 00:44:33,2025-12-27 21:43:52,UTCZ,Took vitamin D?,false,
2025-12-27 00:44:33,2025-12-27 21:43:52,UTCZ,Consumed caffeine?,true,
2025-12-27 00:44:33,2025-12-27 21:43:52,UTCZ,Practiced breathwork?,false,
2025-12-25 23:00:51,2025-12-27 06:14:33,UTC+05:30,Consumed added sugar?,true,
2025-12-25 23:00:51,2025-12-27 06:14:33,UTC+05:30,Avoided processed foods?,true,
2025-12-25 23:00:51,2025-12-27 06:14:33,UTC+05:30,Consumed carbohydrates?,true,
2025-12-25 23:00:51,2025-12-27 06:14:33,UTC+05:30,Traveled on a plane?,false,
2025-12-25 23:00:51,2025-12-27 06:14:33,UTC+05:30,Walked after a meal?,false,
2025-12-25 23:00:51,2025-12-27 06:14:33,UTC+05:30,Took a zinc supplement?,false,
2025-12-25 23:00:51,2025-12-27 06:14:33,UTC+05:30,Took omega 3 supplement?,false,
2025-12-25 23:00:51,2025-12-27 06:14:33,UTC+05:30,Engaged in sexual activity?,false,
2025-12-25 23:00:51,2025-12-27 06:14:33,UTC+05:30,Used a sauna?,false,
2025-12-25 23:00:51,2025-12-27 06:14:33,UTC+05:30,Took creatine?,false,
2025-12-25 23:00:51,2025-12-27 06:14:33,UTC+05:30,Took a multivitamin?,false,
2025-12-25 23:00:51,2025-12-27 06:14:33,UTC+05:30,Wore mouth tape while sleeping?,false,
2025-12-25 23:00:51,2025-12-27 06:14:33,UTC+05:30,Consumed meat?,true,
2025-12-25 23:00:51,2025-12-27 06:14:33,UTC+05:30,Took a magnesium supplement?,false,
2025-12-25 23:00:51,2025-12-27 06:14:33,UTC+05:30,Ate food close to bedtime?,false,
2025-12-25 23:00:51,2025-12-27 06:14:33,UTC+05:30,Experienced increased libido?,true,
2025-12-25 23:00:51,2025-12-27 06:14:33,UTC+05:30,Hydrated sufficiently?,true,
2025-12-25 23:00:51,2025-12-27 06:14:33,UTC+05:30,Took a hot shower before bed?,false,
2025-12-25 23:00:51,2025-12-27 06:14:33,UTC+05:30,Ate home-cooked food?,true,
2025-12-25 23:00:51,2025-12-27 06:14:33,UTC+05:30,Took fish oil?,false,
2025-12-25 23:00:51,2025-12-27 06:14:33,UTC+05:30,Took electrolyte supplements?,false,
2025-12-25 23:00:51,2025-12-27 06:14:33,UTC+05:30,Consumed nuts?,false,
2025-12-25 23:00:51,2025-12-27 06:14:33,UTC+05:30,Experienced decreased libido?,false,
2025-12-25 23:00:51,2025-12-27 06:14:33,UTC+05:30,Consumed caffeine?,true,
2025-12-25 23:00:51,2025-12-27 06:14:33,UTC+05:30,Practiced breathwork?,false,
2025-12-25 23:00:51,2025-12-27 06:14:33,UTC+05:30,Ate breakfast?,false,
2025-12-25 23:00:51,2025-12-27 06:14:33,UTC+05:30,Experienced bloating?,true,
2025-12-25 23:00:51,2025-12-27 06:14:33,UTC+05:30,Have any alcoholic drinks?,false,
2025-12-25 23:00:51,2025-12-27 06:14:33,UTC+05:30,Took vitamin D?,false,
2025-12-27 21:43:52,2025-12-28 22:04:55,UTCZ,Experienced decreased libido?,false,
2025-12-27 21:43:52,2025-12-28 22:04:55,UTCZ,Consumed added sugar?,true,
2025-12-27 21:43:52,2025-12-28 22:04:55,UTCZ,Experienced bloating?,false,
2025-12-27 21:43:52,2025-12-28 22:04:55,UTCZ,Engaged in sexual activity?,false,
2025-12-27 21:43:52,2025-12-28 22:04:55,UTCZ,Have any alcoholic drinks?,false,
2025-12-27 21:43:52,2025-12-28 22:04:55,UTCZ,Took a zinc supplement?,false,
2025-12-27 21:43:52,2025-12-28 22:04:55,UTCZ,Took vitamin D?,false,
2025-12-27 21:43:52,2025-12-28 22:04:55,UTCZ,Traveled on a plane?,false,
2025-12-27 21:43:52,2025-12-28 22:04:55,UTCZ,Walked after a meal?,false,
2025-12-27 21:43:52,2025-12-28 22:04:55,UTCZ,Took omega 3 supplement?,false,
2025-12-27 21:43:52,2025-12-28 22:04:55,UTCZ,Consumed nuts?,true,
2025-12-27 21:43:52,2025-12-28 22:04:55,UTCZ,Wore mouth tape while sleeping?,false,
2025-12-27 21:43:52,2025-12-28 22:04:55,UTCZ,Consumed meat?,true,
2025-12-27 21:43:52,2025-12-28 22:04:55,UTCZ,Took a magnesium supplement?,false,
2025-12-27 21:43:52,2025-12-28 22:04:55,UTCZ,Ate food close to bedtime?,false,
2025-12-27 21:43:52,2025-12-28 22:04:55,UTCZ,Experienced increased libido?,true,
2025-12-27 21:43:52,2025-12-28 22:04:55,UTCZ,Hydrated sufficiently?,false,
2025-12-27 21:43:52,2025-12-28 22:04:55,UTCZ,Took a hot shower before bed?,false,
2025-12-27 21:43:52,2025-12-28 22:04:55,UTCZ,Ate home-cooked food?,false,
2025-12-27 21:43:52,2025-12-28 22:04:55,UTCZ,Took fish oil?,false,
2025-12-27 21:43:52,2025-12-28 22:04:55,UTCZ,Took a multivitamin?,false,
2025-12-27 21:43:52,2025-12-28 22:04:55,UTCZ,Took electrolyte supplements?,false,
2025-12-27 21:43:52,2025-12-28 22:04:55,UTCZ,Took creatine?,false,
2025-12-27 21:43:52,2025-12-28 22:04:55,UTCZ,Avoided processed foods?,true,
2025-12-27 21:43:52,2025-12-28 22:04:55,UTCZ,Used a sauna?,false,
2025-12-27 21:43:52,2025-12-28 22:04:55,UTCZ,Consumed carbohydrates?,true,
2025-12-27 21:43:52,2025-12-28 22:04:55,UTCZ,Consumed caffeine?,true,
2025-12-27 21:43:52,2025-12-28 22:04:55,UTCZ,Practiced breathwork?,false,
2025-12-27 21:43:52,2025-12-28 22:04:55,UTCZ,Ate breakfast?,false,
2025-12-24 22:58:18,2025-12-25 23:00:51,UTC+05:30,Traveled on a plane?,false,
2025-12-24 22:58:18,2025-12-25 23:00:51,UTC+05:30,Consumed added sugar?,true,
2025-12-24 22:58:18,2025-12-25 23:00:51,UTC+05:30,Have any alcoholic drinks?,true,
2025-12-24 22:58:18,2025-12-25 23:00:51,UTC+05:30,Took a hot shower before bed?,false,
2025-12-24 22:58:18,2025-12-25 23:00:51,UTC+05:30,Ate home-cooked food?,false,
2025-12-24 22:58:18,2025-12-25 23:00:51,UTC+05:30,Took vitamin D?,false,
2025-12-24 22:58:18,2025-12-25 23:00:51,UTC+05:30,Engaged in sexual activity?,false,
2025-12-24 22:58:18,2025-12-25 23:00:51,UTC+05:30,Used a sauna?,false,
2025-12-24 22:58:18,2025-12-25 23:00:51,UTC+05:30,Took omega 3 supplement?,false,
2025-12-24 22:58:18,2025-12-25 23:00:51,UTC+05:30,Consumed nuts?,true,
2025-12-24 22:58:18,2025-12-25 23:00:51,UTC+05:30,Took a multivitamin?,false,
2025-12-24 22:58:18,2025-12-25 23:00:51,UTC+05:30,Wore mouth tape while sleeping?,true,
2025-12-24 22:58:18,2025-12-25 23:00:51,UTC+05:30,Consumed meat?,true,
2025-12-24 22:58:18,2025-12-25 23:00:51,UTC+05:30,Took a magnesium supplement?,false,
2025-12-24 22:58:18,2025-12-25 23:00:51,UTC+05:30,Ate food close to bedtime?,false,
2025-12-24 22:58:18,2025-12-25 23:00:51,UTC+05:30,Experienced increased libido?,true,
2025-12-24 22:58:18,2025-12-25 23:00:51,UTC+05:30,Hydrated sufficiently?,true,
2025-12-24 22:58:18,2025-12-25 23:00:51,UTC+05:30,Took fish oil?,false,
2025-12-24 22:58:18,2025-12-25 23:00:51,UTC+05:30,Took electrolyte supplements?,false,
2025-12-24 22:58:18,2025-12-25 23:00:51,UTC+05:30,Experienced decreased libido?,false,
2025-12-24 22:58:18,2025-12-25 23:00:51,UTC+05:30,Took creatine?,false,
2025-12-24 22:58:18,2025-12-25 23:00:51,UTC+05:30,Avoided processed foods?,true,
2025-12-24 22:58:18,2025-12-25 23:00:51,UTC+05:30,Consumed carbohydrates?,true,
2025-12-24 22:58:18,2025-12-25 23:00:51,UTC+05:30,Walked after a meal?,false,
2025-12-24 22:58:18,2025-12-25 23:00:51,UTC+05:30,Consumed caffeine?,true,
2025-12-24 22:58:18,2025-12-25 23:00:51,UTC+05:30,Practiced breathwork?,false,
2025-12-24 22:58:18,2025-12-25 23:00:51,UTC+05:30,Ate breakfast?,false,
2025-12-24 22:58:18,2025-12-25 23:00:51,UTC+05:30,Took a zinc supplement?,false,
2025-12-24 22:58:18,2025-12-25 23:00:51,UTC+05:30,Experienced bloating?,true,
2025-12-22 00:34:55,2025-12-23 00:35:45,UTC+05:30,Ate breakfast?,false,
2025-12-22 00:34:55,2025-12-23 00:35:45,UTC+05:30,Experienced increased libido?,true,
2025-12-22 00:34:55,2025-12-23 00:35:45,UTC+05:30,Took electrolyte supplements?,false,
2025-12-22 00:34:55,2025-12-23 00:35:45,UTC+05:30,Took a hot shower before bed?,false,
2025-12-22 00:34:55,2025-12-23 00:35:45,UTC+05:30,Wore mouth tape while sleeping?,true,
2025-12-22 00:34:55,2025-12-23 00:35:45,UTC+05:30,Took a zinc supplement?,false,
2025-12-22 00:34:55,2025-12-23 00:35:45,UTC+05:30,Took vitamin D?,false,
2025-12-22 00:34:55,2025-12-23 00:35:45,UTC+05:30,Took a multivitamin?,false,
2025-12-22 00:34:55,2025-12-23 00:35:45,UTC+05:30,Took fish oil?,false,
2025-12-22 00:34:55,2025-12-23 00:35:45,UTC+05:30,Took creatine?,false,
2025-12-22 00:34:55,2025-12-23 00:35:45,UTC+05:30,Consumed added sugar?,true,
2025-12-22 00:34:55,2025-12-23 00:35:45,UTC+05:30,Avoided processed foods?,true,
2025-12-22 00:34:55,2025-12-23 00:35:45,UTC+05:30,Consumed carbohydrates?,true,
2025-12-22 00:34:55,2025-12-23 00:35:45,UTC+05:30,Experienced bloating?,true,
2025-12-22 00:34:55,2025-12-23 00:35:45,UTC+05:30,Practiced breathwork?,false,
2025-12-22 00:34:55,2025-12-23 00:35:45,UTC+05:30,Hydrated sufficiently?,true,
2025-12-22 00:34:55,2025-12-23 00:35:45,UTC+05:30,Used a sauna?,false,
2025-12-22 00:34:55,2025-12-23 00:35:45,UTC+05:30,Took a magnesium supplement?,false,
2025-12-22 00:34:55,2025-12-23 00:35:45,UTC+05:30,Consumed meat?,true,
2025-12-22 00:34:55,2025-12-23 00:35:45,UTC+05:30,Traveled on a plane?,false,
2025-12-22 00:34:55,2025-12-23 00:35:45,UTC+05:30,Ate food close to bedtime?,false,
2025-12-22 00:34:55,2025-12-23 00:35:45,UTC+05:30,Engaged in sexual activity?,false,
2025-12-22 00:34:55,2025-12-23 00:35:45,UTC+05:30,Experienced decreased libido?,false,
2025-12-22 00:34:55,2025-12-23 00:35:45,UTC+05:30,Consumed caffeine?,true,
2025-12-22 00:34:55,2025-12-23 00:35:45,UTC+05:30,Have any alcoholic drinks?,true,
2025-12-22 00:34:55,2025-12-23 00:35:45,UTC+05:30,Consumed meat?,true,
2025-12-22 00:34:55,2025-12-23 00:35:45,UTC+05:30,Consumed nuts?,true,
2025-12-22 00:34:55,2025-12-23 00:35:45,UTC+05:30,Traveled on a plane?,false,
2025-12-22 00:34:55,2025-12-23 00:35:45,UTC+05:30,Ate breakfast?,false,
2025-12-20 03:41:21,2025-12-20 23:33:52,UTC+05:30,Ate food close to bedtime?,false,
2025-12-20 03:41:21,2025-12-20 23:33:52,UTC+05:30,Experienced increased libido?,true,
2025-12-20 03:41:21,2025-12-20 23:33:52,UTC+05:30,Hydrated sufficiently?,true,
2025-12-20 03:41:21,2025-12-20 23:33:52,UTC+05:30,Ate home-cooked food?,true,
2025-12-20 03:41:21,2025-12-20 23:33:52,UTC+05:30,Took fish oil?,false,
2025-12-20 03:41:21,2025-12-20 23:33:52,UTC+05:30,Took electrolyte supplements?,false,
2025-12-20 03:41:21,2025-12-20 23:33:52,UTC+05:30,Experienced decreased libido?,false,
2025-12-20 03:41:21,2025-12-20 23:33:52,UTC+05:30,Took creatine?,false,
2025-12-20 03:41:21,2025-12-20 23:33:52,UTC+05:30,Avoided processed foods?,true,
2025-12-20 03:41:21,2025-12-20 23:33:52,UTC+05:30,Consumed carbohydrates?,true,
2025-12-20 03:41:21,2025-12-20 23:33:52,UTC+05:30,Consumed caffeine?,true,
2025-12-20 03:41:21,2025-12-20 23:33:52,UTC+05:30,Practiced breathwork?,false,
2025-12-20 03:41:21,2025-12-20 23:33:52,UTC+05:30,Ate breakfast?,false,
2025-12-20 03:41:21,2025-12-20 23:33:52,UTC+05:30,Took a hot shower before bed?,false,
2025-12-20 03:41:21,2025-12-20 23:33:52,UTC+05:30,Experienced bloating?,true,
2025-12-20 03:41:21,2025-12-20 23:33:52,UTC+05:30,Have any alcoholic drinks?,true,
2025-12-20 03:41:21,2025-12-20 23:33:52,UTC+05:30,Traveled on a plane?,false,
2025-12-20 03:41:21,2025-12-20 23:33:52,UTC+05:30,Took a magnesium supplement?,false,
2025-12-20 03:41:21,2025-12-20 23:33:52,UTC+05:30,Took a multivitamin?,false,
2025-12-20 03:41:21,2025-12-20 23:33:52,UTC+05:30,Took omega 3 supplement?,false,
2025-12-20 03:41:21,2025-12-20 23:33:52,UTC+05:30,Wore mouth tape while sleeping?,false,
2025-12-20 03:41:21,2025-12-20 23:33:52,UTC+05:30,Took a zinc supplement?,false,
2025-12-20 03:41:21,2025-12-20 23:33:52,UTC+05:30,Took vitamin D?,false,
2025-12-20 03:41:21,2025-12-20 23:33:52,UTC+05:30,Walked after a meal?,false,
2025-12-20 03:41:21,2025-12-20 23:33:52,UTC+05:30,Consumed meat?,true,
2025-12-20 03:41:21,2025-12-20 23:33:52,UTC+05:30,Engaged in sexual activity?,false,
2025-12-20 03:41:21,2025-12-20 23:33:52,UTC+05:30,Used a sauna?,false,
2025-12-20 03:41:21,2025-12-20 23:33:52,UTC+05:30,Consumed added sugar?,true,
2025-12-20 03:41:21,2025-12-20 23:33:52,UTC+05:30,Consumed nuts?,true,
2025-12-18 23:22:36,2025-12-20 03:41:21,UTC+05:30,Traveled on a plane?,false,
2025-12-18 23:22:36,2025-12-20 03:41:21,UTC+05:30,Consumed added sugar?,true,
2025-12-18 23:22:36,2025-12-20 03:41:21,UTC+05:30,Have any alcoholic drinks?,false,
2025-12-18 23:22:36,2025-12-20 03:41:21,UTC+05:30,Consumed nuts?,true,
2025-12-18 23:22:36,2025-12-20 03:41:21,UTC+05:30,Ate breakfast?,false,
2025-12-18 23:22:36,2025-12-20 03:41:21,UTC+05:30,Experienced bloating?,false,
2025-12-18 23:22:36,2025-12-20 03:41:21,UTC+05:30,Engaged in sexual activity?,false,
2025-12-18 23:22:36,2025-12-20 03:41:21,UTC+05:30,Took vitamin D?,false,
2025-12-18 23:22:36,2025-12-20 03:41:21,UTC+05:30,Walked after a meal?,true,
2025-12-18 23:22:36,2025-12-20 03:41:21,UTC+05:30,Used a sauna?,false,
2025-12-18 23:22:36,2025-12-20 03:41:21,UTC+05:30,Took omega 3 supplement?,false,
2025-12-18 23:22:36,2025-12-20 03:41:21,UTC+05:30,Wore mouth tape while sleeping?,false,
2025-12-18 23:22:36,2025-12-20 03:41:21,UTC+05:30,Consumed meat?,false,
2025-12-18 23:22:36,2025-12-20 03:41:21,UTC+05:30,Took a magnesium supplement?,false,
2025-12-18 23:22:36,2025-12-20 03:41:21,UTC+05:30,Ate food close to bedtime?,false,
2025-12-18 23:22:36,2025-12-20 03:41:21,UTC+05:30,Experienced increased libido?,false,
2025-12-18 23:22:36,2025-12-20 03:41:21,UTC+05:30,Hydrated sufficiently?,false,
2025-12-18 23:22:36,2025-12-20 03:41:21,UTC+05:30,Took a hot shower before bed?,false,
2025-12-18 23:22:36,2025-12-20 03:41:21,UTC+05:30,Ate home-cooked food?,false,
2025-12-18 23:22:36,2025-12-20 03:41:21,UTC+05:30,Took fish oil?,false,
2025-12-18 23:22:36,2025-12-20 03:41:21,UTC+05:30,Took a multivitamin?,false,
2025-12-18 23:22:36,2025-12-20 03:41:21,UTC+05:30,Took electrolyte supplements?,false,
2025-12-18 23:22:36,2025-12-20 03:41:21,UTC+05:30,Experienced decreased libido?,false,
2025-12-18 23:22:36,2025-12-20 03:41:21,UTC+05:30,Took creatine?,false,
2025-12-18 23:22:36,2025-12-20 03:41:21,UTC+05:30,Avoided processed foods?,false,
2025-12-18 23:22:36,2025-12-20 03:41:21,UTC+05:30,Consumed carbohydrates?,true,
2025-12-18 23:22:36,2025-12-20 03:41:21,UTC+05:30,Consumed caffeine?,false,
2025-12-18 23:22:36,2025-12-20 03:41:21,UTC+05:30,Practiced breathwork?,false,
2025-12-18 23:22:36,2025-12-20 03:41:21,UTC+05:30,Took a zinc supplement?,false,
2025-12-12 01:14:09,2025-12-13 01:41:11,UTC+05:30,Engaged in sexual activity?,false,
2025-12-12 01:14:09,2025-12-13 01:41:11,UTC+05:30,Consumed caffeine?,false,
2025-12-12 01:14:09,2025-12-13 01:41:11,UTC+05:30,Have any alcoholic drinks?,false,
2025-12-12 01:14:09,2025-12-13 01:41:11,UTC+05:30,Consumed nuts?,true,
2025-12-12 01:14:09,2025-12-13 01:41:11,UTC+05:30,Walked after a meal?,true,
2025-12-12 01:14:09,2025-12-13 01:41:11,UTC+05:30,Took omega 3 supplement?,false,
2025-12-12 01:14:09,2025-12-13 01:41:11,UTC+05:30,Ate home-cooked food?,false,
2025-12-12 01:14:09,2025-12-13 01:41:11,UTC+05:30,Ate food close to bedtime?,false,
2025-12-12 01:14:09,2025-12-13 01:41:11,UTC+05:30,Experienced decreased libido?,false,
2025-12-12 01:14:09,2025-12-13 01:41:11,UTC+05:30,Experienced increased libido?,false,
2025-12-12 01:14:09,2025-12-13 01:41:11,UTC+05:30,Took electrolyte supplements?,false,
2025-12-12 01:14:09,2025-12-13 01:41:11,UTC+05:30,Took a hot shower before bed?,false,
2025-12-12 01:14:09,2025-12-13 01:41:11,UTC+05:30,Wore mouth tape while sleeping?,false,
2025-12-12 01:14:09,2025-12-13 01:41:11,UTC+05:30,Took a zinc supplement?,false,
2025-12-12 01:14:09,2025-12-13 01:41:11,UTC+05:30,Took vitamin D?,false,
2025-12-12 01:14:09,2025-12-13 01:41:11,UTC+05:30,Took a multivitamin?,false,
2025-12-12 01:14:09,2025-12-13 01:41:11,UTC+05:30,Took fish oil?,false,
2025-12-12 01:14:09,2025-12-13 01:41:11,UTC+05:30,Took creatine?,false,
2025-12-12 01:14:09,2025-12-13 01:41:11,UTC+05:30,Consumed added sugar?,true,
2025-12-12 01:14:09,2025-12-13 01:41:11,UTC+05:30,Avoided processed foods?,false,
2025-12-12 01:14:09,2025-12-13 01:41:11,UTC+05:30,Consumed carbohydrates?,true,
2025-12-12 01:14:09,2025-12-13 01:41:11,UTC+05:30,Experienced bloating?,false,
2025-12-12 01:14:09,2025-12-13 01:41:11,UTC+05:30,Practiced breathwork?,false,
2025-12-12 01:14:09,2025-12-13 01:41:11,UTC+05:30,Ate breakfast?,false,
2025-12-12 01:14:09,2025-12-13 01:41:11,UTC+05:30,Hydrated sufficiently?,false,
2025-12-12 01:14:09,2025-12-13 01:41:11,UTC+05:30,Used a sauna?,false,
2025-12-12 01:14:09,2025-12-13 01:41:11,UTC+05:30,Took a magnesium supplement?,false,
2025-12-12 01:14:09,2025-12-13 01:41:11,UTC+05:30,Consumed meat?,false,
2025-12-12 01:14:09,2025-12-13 01:41:11,UTC+05:30,Traveled on a plane?,false,
2025-12-11 02:29:37,2025-12-12 01:14:09,UTC+05:30,Engaged in sexual activity?,false,
2025-12-11 02:29:37,2025-12-12 01:14:09,UTC+05:30,Traveled on a plane?,false,
2025-12-11 02:29:37,2025-12-12 01:14:09,UTC+05:30,Consumed caffeine?,false,
2025-12-11 02:29:37,2025-12-12 01:14:09,UTC+05:30,Took omega 3 supplement?,false,
2025-12-11 02:29:37,2025-12-12 01:14:09,UTC+05:30,Have any alcoholic drinks?,false,
2025-12-11 02:29:37,2025-12-12 01:14:09,UTC+05:30,Ate food close to bedtime?,false,
2025-12-11 02:29:37,2025-12-12 01:14:09,UTC+05:30,Walked after a meal?,true,
2025-12-11 02:29:37,2025-12-12 01:14:09,UTC+05:30,Ate home-cooked food?,false,
2025-12-11 02:29:37,2025-12-12 01:14:09,UTC+05:30,Ate breakfast?,false,
2025-12-11 02:29:37,2025-12-12 01:14:09,UTC+05:30,Experienced increased libido?,false,
2025-12-11 02:29:37,2025-12-12 01:14:09,UTC+05:30,Took electrolyte supplements?,false,
2025-12-11 02:29:37,2025-12-12 01:14:09,UTC+05:30,Took a hot shower before bed?,false,
2025-12-11 02:29:37,2025-12-12 01:14:09,UTC+05:30,Wore mouth tape while sleeping?,false,
2025-12-11 02:29:37,2025-12-12 01:14:09,UTC+05:30,Took a zinc supplement?,false,
2025-12-11 02:29:37,2025-12-12 01:14:09,UTC+05:30,Took vitamin D?,false,
2025-12-11 02:29:37,2025-12-12 01:14:09,UTC+05:30,Took a multivitamin?,false,
2025-12-11 02:29:37,2025-12-12 01:14:09,UTC+05:30,Took fish oil?,false,
2025-12-11 02:29:37,2025-12-12 01:14:09,UTC+05:30,Took creatine?,false,
2025-12-11 02:29:37,2025-12-12 01:14:09,UTC+05:30,Consumed added sugar?,true,
2025-12-11 02:29:37,2025-12-12 01:14:09,UTC+05:30,Avoided processed foods?,false,
2025-12-11 02:29:37,2025-12-12 01:14:09,UTC+05:30,Consumed carbohydrates?,true,
2025-12-11 02:29:37,2025-12-12 01:14:09,UTC+05:30,Experienced bloating?,false,
2025-12-11 02:29:37,2025-12-12 01:14:09,UTC+05:30,Experienced decreased libido?,false,
2025-12-11 02:29:37,2025-12-12 01:14:09,UTC+05:30,Practiced breathwork?,false,
2025-12-11 02:29:37,2025-12-12 01:14:09,UTC+05:30,Hydrated sufficiently?,false,
2025-12-11 02:29:37,2025-12-12 01:14:09,UTC+05:30,Used a sauna?,false,
2025-12-11 02:29:37,2025-12-12 01:14:09,UTC+05:30,Consumed nuts?,true,
2025-12-11 02:29:37,2025-12-12 01:14:09,UTC+05:30,Took a magnesium supplement?,false,
2025-12-11 02:29:37,2025-12-12 01:14:09,UTC+05:30,Consumed meat?,false,
2025-12-09 03:04:05,2025-12-11 02:29:37,UTC+05:30,Consumed added sugar?,true,
2025-12-09 03:04:05,2025-12-11 02:29:37,UTC+05:30,Took omega 3 supplement?,false,
2025-12-09 03:04:05,2025-12-11 02:29:37,UTC+05:30,Took a zinc supplement?,false,
2025-12-09 03:04:05,2025-12-11 02:29:37,UTC+05:30,Hydrated sufficiently?,false,
2025-12-09 03:04:05,2025-12-11 02:29:37,UTC+05:30,Used a sauna?,false,
2025-12-09 03:04:05,2025-12-11 02:29:37,UTC+05:30,Walked after a meal?,true,
2025-12-09 03:04:05,2025-12-11 02:29:37,UTC+05:30,Practiced breathwork?,false,
2025-12-09 03:04:05,2025-12-11 02:29:37,UTC+05:30,Took a multivitamin?,false,
2025-12-09 03:04:05,2025-12-11 02:29:37,UTC+05:30,Wore mouth tape while sleeping?,false,
2025-12-09 03:04:05,2025-12-11 02:29:37,UTC+05:30,Consumed meat?,false,
2025-12-09 03:04:05,2025-12-11 02:29:37,UTC+05:30,Took a magnesium supplement?,false,
2025-12-09 03:04:05,2025-12-11 02:29:37,UTC+05:30,Ate food close to bedtime?,false,
2025-12-09 03:04:05,2025-12-11 02:29:37,UTC+05:30,Experienced increased libido?,false,
2025-12-09 03:04:05,2025-12-11 02:29:37,UTC+05:30,Ate breakfast?,true,
2025-12-09 03:04:05,2025-12-11 02:29:37,UTC+05:30,Took a hot shower before bed?,true,
2025-12-09 03:04:05,2025-12-11 02:29:37,UTC+05:30,Ate home-cooked food?,false,
2025-12-09 03:04:05,2025-12-11 02:29:37,UTC+05:30,Took fish oil?,false,
2025-12-09 03:04:05,2025-12-11 02:29:37,UTC+05:30,Took electrolyte supplements?,false,
2025-12-09 03:04:05,2025-12-11 02:29:37,UTC+05:30,Experienced decreased libido?,false,
2025-12-09 03:04:05,2025-12-11 02:29:37,UTC+05:30,Took creatine?,false,
2025-12-09 03:04:05,2025-12-11 02:29:37,UTC+05:30,Avoided processed foods?,false,
2025-12-09 03:04:05,2025-12-11 02:29:37,UTC+05:30,Consumed nuts?,true,
2025-12-09 03:04:05,2025-12-11 02:29:37,UTC+05:30,Consumed carbohydrates?,true,
2025-12-09 03:04:05,2025-12-11 02:29:37,UTC+05:30,Consumed caffeine?,false,
2025-12-09 03:04:05,2025-12-11 02:29:37,UTC+05:30,Experienced bloating?,false,
2025-12-09 03:04:05,2025-12-11 02:29:37,UTC+05:30,Engaged in sexual activity?,false,
2025-12-09 03:04:05,2025-12-11 02:29:37,UTC+05:30,Have any alcoholic drinks?,false,
2025-12-09 03:04:05,2025-12-11 02:29:37,UTC+05:30,Traveled on a plane?,false,
2025-12-09 03:04:05,2025-12-11 02:29:37,UTC+05:30,Took vitamin D?,false,
2025-12-07 23:59:33,2025-12-09 03:04:05,UTC+05:30,Practiced breathwork?,false,
2025-12-07 23:59:33,2025-12-09 03:04:05,UTC+05:30,Ate breakfast?,true,
2025-12-07 23:59:33,2025-12-09 03:04:05,UTC+05:30,Took a magnesium supplement?,false,
2025-12-07 23:59:33,2025-12-09 03:04:05,UTC+05:30,Experienced bloating?,false,
2025-12-07 23:59:33,2025-12-09 03:04:05,UTC+05:30,Took vitamin D?,false,
2025-12-07 23:59:33,2025-12-09 03:04:05,UTC+05:30,Engaged in sexual activity?,false,
2025-12-07 23:59:33,2025-12-09 03:04:05,UTC+05:30,Have any alcoholic drinks?,false,
2025-12-07 23:59:33,2025-12-09 03:04:05,UTC+05:30,Walked after a meal?,true,
2025-12-07 23:59:33,2025-12-09 03:04:05,UTC+05:30,Took omega 3 supplement?,false,
2025-12-07 23:59:33,2025-12-09 03:04:05,UTC+05:30,Consumed nuts?,true,
2025-12-07 23:59:33,2025-12-09 03:04:05,UTC+05:30,Took a multivitamin?,false,
2025-12-07 23:59:33,2025-12-09 03:04:05,UTC+05:30,Wore mouth tape while sleeping?,false,
2025-12-07 23:59:33,2025-12-09 03:04:05,UTC+05:30,Consumed meat?,false,
2025-12-07 23:59:33,2025-12-09 03:04:05,UTC+05:30,Traveled on a plane?,false,
2025-12-07 23:59:33,2025-12-09 03:04:05,UTC+05:30,Ate food close to bedtime?,false,
2025-12-07 23:59:33,2025-12-09 03:04:05,UTC+05:30,Experienced increased libido?,false,
2025-12-07 23:59:33,2025-12-09 03:04:05,UTC+05:30,Hydrated sufficiently?,false,
2025-12-07 23:59:33,2025-12-09 03:04:05,UTC+05:30,Took a hot shower before bed?,true,
2025-12-07 23:59:33,2025-12-09 03:04:05,UTC+05:30,Ate home-cooked food?,false,
2025-12-07 23:59:33,2025-12-09 03:04:05,UTC+05:30,Took fish oil?,false,
2025-12-07 23:59:33,2025-12-09 03:04:05,UTC+05:30,Took electrolyte supplements?,false,
2025-12-07 23:59:33,2025-12-09 03:04:05,UTC+05:30,Experienced decreased libido?,false,
2025-12-07 23:59:33,2025-12-09 03:04:05,UTC+05:30,Took creatine?,false,
2025-12-07 23:59:33,2025-12-09 03:04:05,UTC+05:30,Avoided processed foods?,false,
2025-12-07 23:59:33,2025-12-09 03:04:05,UTC+05:30,Used a sauna?,false,
2025-12-07 23:59:33,2025-12-09 03:04:05,UTC+05:30,Consumed carbohydrates?,true,
2025-12-07 23:59:33,2025-12-09 03:04:05,UTC+05:30,Consumed caffeine?,false,
2025-12-07 23:59:33,2025-12-09 03:04:05,UTC+05:30,Consumed added sugar?,true,
2025-12-07 23:59:33,2025-12-09 03:04:05,UTC+05:30,Took a zinc supplement?,false,
2025-12-07 00:40:00,2025-12-07 23:59:33,UTC+05:30,Have any alcoholic drinks?,false,
2025-12-07 00:40:00,2025-12-07 23:59:33,UTC+05:30,Traveled on a plane?,false,
2025-12-07 00:40:00,2025-12-07 23:59:33,UTC+05:30,Experienced bloating?,false,
2025-12-07 00:40:00,2025-12-07 23:59:33,UTC+05:30,Consumed added sugar?,true,
2025-12-07 00:40:00,2025-12-07 23:59:33,UTC+05:30,Took a multivitamin?,false,
2025-12-07 00:40:00,2025-12-07 23:59:33,UTC+05:30,Practiced breathwork?,false,
2025-12-07 00:40:00,2025-12-07 23:59:33,UTC+05:30,Ate breakfast?,false,
2025-12-07 00:40:00,2025-12-07 23:59:33,UTC+05:30,Took vitamin D?,false,
2025-12-07 00:40:00,2025-12-07 23:59:33,UTC+05:30,Engaged in sexual activity?,false,
2025-12-07 00:40:00,2025-12-07 23:59:33,UTC+05:30,Used a sauna?,false,
2025-12-07 00:40:00,2025-12-07 23:59:33,UTC+05:30,Walked after a meal?,true,
2025-12-07 00:40:00,2025-12-07 23:59:33,UTC+05:30,Took omega 3 supplement?,false,
2025-12-07 00:40:00,2025-12-07 23:59:33,UTC+05:30,Consumed nuts?,true,
2025-12-07 00:40:00,2025-12-07 23:59:33,UTC+05:30,Wore mouth tape while sleeping?,false,
2025-12-07 00:40:00,2025-12-07 23:59:33,UTC+05:30,Consumed meat?,false,
2025-12-07 00:40:00,2025-12-07 23:59:33,UTC+05:30,Took a magnesium supplement?,false,
2025-12-07 00:40:00,2025-12-07 23:59:33,UTC+05:30,Ate food close to bedtime?,false,
2025-12-07 00:40:00,2025-12-07 23:59:33,UTC+05:30,Experienced increased libido?,false,
2025-12-07 00:40:00,2025-12-07 23:59:33,UTC+05:30,Hydrated sufficiently?,false,
2025-12-07 00:40:00,2025-12-07 23:59:33,UTC+05:30,Took a hot shower before bed?,true,
2025-12-07 00:40:00,2025-12-07 23:59:33,UTC+05:30,Ate home-cooked food?,true,
2025-12-07 00:40:00,2025-12-07 23:59:33,UTC+05:30,Took fish oil?,false,
2025-12-07 00:40:00,2025-12-07 23:59:33,UTC+05:30,Took electrolyte supplements?,false,
2025-12-07 00:40:00,2025-12-07 23:59:33,UTC+05:30,Experienced decreased libido?,false,
2025-12-07 00:40:00,2025-12-07 23:59:33,UTC+05:30,Took creatine?,false,
2025-12-07 00:40:00,2025-12-07 23:59:33,UTC+05:30,Avoided processed foods?,false,
2025-12-07 00:40:00,2025-12-07 23:59:33,UTC+05:30,Consumed carbohydrates?,true,
2025-12-07 00:40:00,2025-12-07 23:59:33,UTC+05:30,Took a zinc supplement?,false,
2025-12-07 00:40:00,2025-12-07 23:59:33,UTC+05:30,Consumed caffeine?,false,
2025-11-30 00:14:54,2025-12-01 00:55:35,UTCZ,Experienced bloating?,false,
2025-11-30 00:14:54,2025-12-01 00:55:35,UTCZ,Have any alcoholic drinks?,false,
2025-11-30 00:14:54,2025-12-01 00:55:35,UTCZ,Consumed added sugar?,true,
2025-11-30 00:14:54,2025-12-01 00:55:35,UTCZ,Experienced decreased libido?,false,
2025-11-30 00:14:54,2025-12-01 00:55:35,UTCZ,Engaged in sexual activity?,false,
2025-11-30 00:14:54,2025-12-01 00:55:35,UTCZ,Took creatine?,false,
2025-11-30 00:14:54,2025-12-01 00:55:35,UTCZ,Took a zinc supplement?,false,
2025-11-30 00:14:54,2025-12-01 00:55:35,UTCZ,Took vitamin D?,false,
2025-11-30 00:14:54,2025-12-01 00:55:35,UTCZ,Ate breakfast?,true,
2025-11-30 00:14:54,2025-12-01 00:55:35,UTCZ,Took omega 3 supplement?,false,
2025-11-30 00:14:54,2025-12-01 00:55:35,UTCZ,Consumed nuts?,true,
2025-11-30 00:14:54,2025-12-01 00:55:35,UTCZ,Took a multivitamin?,false,
2025-11-30 00:14:54,2025-12-01 00:55:35,UTCZ,Wore mouth tape while sleeping?,false,
2025-11-30 00:14:54,2025-12-01 00:55:35,UTCZ,Consumed meat?,false,
2025-11-30 00:14:54,2025-12-01 00:55:35,UTCZ,Took a magnesium supplement?,false,
2025-11-30 00:14:54,2025-12-01 00:55:35,UTCZ,Ate food close to bedtime?,false,
2025-11-30 00:14:54,2025-12-01 00:55:35,UTCZ,Experienced increased libido?,false,
2025-11-30 00:14:54,2025-12-01 00:55:35,UTCZ,Hydrated sufficiently?,false,
2025-11-30 00:14:54,2025-12-01 00:55:35,UTCZ,Took a hot shower before bed?,false,
2025-11-30 00:14:54,2025-12-01 00:55:35,UTCZ,Ate home-cooked food?,false,
2025-11-30 00:14:54,2025-12-01 00:55:35,UTCZ,Took fish oil?,false,
2025-11-30 00:14:54,2025-12-01 00:55:35,UTCZ,Took electrolyte supplements?,false,
2025-11-30 00:14:54,2025-12-01 00:55:35,UTCZ,Walked after a meal?,false,
2025-11-30 00:14:54,2025-12-01 00:55:35,UTCZ,Avoided processed foods?,false,
2025-11-30 00:14:54,2025-12-01 00:55:35,UTCZ,Consumed carbohydrates?,true,
2025-11-30 00:14:54,2025-12-01 00:55:35,UTCZ,Consumed caffeine?,true,
2025-11-30 00:14:54,2025-12-01 00:55:35,UTCZ,Practiced breathwork?,false,
2025-11-30 00:14:54,2025-12-01 00:55:35,UTCZ,Used a sauna?,false,
2025-11-28 23:53:52,2025-11-30 00:14:54,UTCZ,Experienced bloating?,false,
2025-11-28 23:53:52,2025-11-30 00:14:54,UTCZ,Have any alcoholic drinks?,false,
2025-11-28 23:53:52,2025-11-30 00:14:54,UTCZ,Ate breakfast?,false,
2025-11-28 23:53:52,2025-11-30 00:14:54,UTCZ,Consumed added sugar?,true,
2025-11-28 23:53:52,2025-11-30 00:14:54,UTCZ,Ate home-cooked food?,true,
2025-11-28 23:53:52,2025-11-30 00:14:54,UTCZ,Practiced breathwork?,false,
2025-11-28 23:53:52,2025-11-30 00:14:54,UTCZ,Took vitamin D?,false,
2025-11-28 23:53:52,2025-11-30 00:14:54,UTCZ,Engaged in sexual activity?,false,
2025-11-28 23:53:52,2025-11-30 00:14:54,UTCZ,Used a sauna?,false,
2025-11-28 23:53:52,2025-11-30 00:14:54,UTCZ,Took omega 3 supplement?,false,
2025-11-28 23:53:52,2025-11-30 00:14:54,UTCZ,Consumed nuts?,true,
2025-11-28 23:53:52,2025-11-30 00:14:54,UTCZ,Took a multivitamin?,false,
2025-11-28 23:53:52,2025-11-30 00:14:54,UTCZ,Wore mouth tape while sleeping?,false,
2025-11-28 23:53:52,2025-11-30 00:14:54,UTCZ,Consumed meat?,false,
2025-11-28 23:53:52,2025-11-30 00:14:54,UTCZ,Took a magnesium supplement?,false,
2025-11-28 23:53:52,2025-11-30 00:14:54,UTCZ,Ate food close to bedtime?,false,
2025-11-28 23:53:52,2025-11-30 00:14:54,UTCZ,Experienced increased libido?,false,
2025-11-28 23:53:52,2025-11-30 00:14:54,UTCZ,Hydrated sufficiently?,false,
2025-11-28 23:53:52,2025-11-30 00:14:54,UTCZ,Took a hot shower before bed?,false,
2025-11-28 23:53:52,2025-11-30 00:14:54,UTCZ,Took fish oil?,false,
2025-11-28 23:53:52,2025-11-30 00:14:54,UTCZ,Took electrolyte supplements?,false,
2025-11-28 23:53:52,2025-11-30 00:14:54,UTCZ,Experienced decreased libido?,false,
2025-11-28 23:53:52,2025-11-30 00:14:54,UTCZ,Walked after a meal?,false,
2025-11-28 23:53:52,2025-11-30 00:14:54,UTCZ,Took creatine?,false,
2025-11-28 23:53:52,2025-11-30 00:14:54,UTCZ,Avoided processed foods?,false,
2025-11-28 23:53:52,2025-11-30 00:14:54,UTCZ,Consumed carbohydrates?,true,
2025-11-28 23:53:52,2025-11-30 00:14:54,UTCZ,Took a zinc supplement?,false,
2025-11-28 23:53:52,2025-11-30 00:14:54,UTCZ,Consumed caffeine?,true,
2025-11-27 23:48:01,2025-11-28 23:53:52,UTCZ,Have any alcoholic drinks?,false,
2025-11-27 23:48:01,2025-11-28 23:53:52,UTCZ,Consumed added sugar?,true,
2025-11-27 23:48:01,2025-11-28 23:53:52,UTCZ,Wore mouth tape while sleeping?,false,
2025-11-27 23:48:01,2025-11-28 23:53:52,UTCZ,Used a sauna?,false,
2025-11-27 23:48:01,2025-11-28 23:53:52,UTCZ,Consumed meat?,false,
2025-11-27 23:48:01,2025-11-28 23:53:52,UTCZ,Took vitamin D?,false,
2025-11-27 23:48:01,2025-11-28 23:53:52,UTCZ,Engaged in sexual activity?,false,
2025-11-27 23:48:01,2025-11-28 23:53:52,UTCZ,Took a magnesium supplement?,false,
2025-11-27 23:48:01,2025-11-28 23:53:52,UTCZ,Walked after a meal?,false,
2025-11-27 23:48:01,2025-11-28 23:53:52,UTCZ,Took omega 3 supplement?,false,
2025-11-27 23:48:01,2025-11-28 23:53:52,UTCZ,Consumed nuts?,true,
2025-11-27 23:48:01,2025-11-28 23:53:52,UTCZ,Ate food close to bedtime?,true,
2025-11-27 23:48:01,2025-11-28 23:53:52,UTCZ,Took a multivitamin?,false,
2025-11-27 23:48:01,2025-11-28 23:53:52,UTCZ,Experienced increased libido?,false,
2025-11-27 23:48:01,2025-11-28 23:53:52,UTCZ,Hydrated sufficiently?,false,
2025-11-27 23:48:01,2025-11-28 23:53:52,UTCZ,Took a hot shower before bed?,false,
2025-11-27 23:48:01,2025-11-28 23:53:52,UTCZ,Ate home-cooked food?,true,
2025-11-27 23:48:01,2025-11-28 23:53:52,UTCZ,Took fish oil?,false,
2025-11-27 23:48:01,2025-11-28 23:53:52,UTCZ,Took electrolyte supplements?,false,
2025-11-27 23:48:01,2025-11-28 23:53:52,UTCZ,Experienced decreased libido?,false,
2025-11-27 23:48:01,2025-11-28 23:53:52,UTCZ,Took creatine?,false,
2025-11-27 23:48:01,2025-11-28 23:53:52,UTCZ,Avoided processed foods?,false,
2025-11-27 23:48:01,2025-11-28 23:53:52,UTCZ,Consumed carbohydrates?,true,
2025-11-27 23:48:01,2025-11-28 23:53:52,UTCZ,Consumed caffeine?,true,
2025-11-27 23:48:01,2025-11-28 23:53:52,UTCZ,Practiced breathwork?,false,
2025-11-27 23:48:01,2025-11-28 23:53:52,UTCZ,Ate breakfast?,false,
2025-11-27 23:48:01,2025-11-28 23:53:52,UTCZ,Took a zinc supplement?,false,
2025-11-27 23:48:01,2025-11-28 23:53:52,UTCZ,Experienced bloating?,false,
2025-11-26 23:33:56,2025-11-27 23:48:01,UTCZ,Experienced bloating?,false,
2025-11-26 23:33:56,2025-11-27 23:48:01,UTCZ,Have any alcoholic drinks?,false,
2025-11-26 23:33:56,2025-11-27 23:48:01,UTCZ,Ate breakfast?,false,
2025-11-26 23:33:56,2025-11-27 23:48:01,UTCZ,Consumed added sugar?,true,
2025-11-26 23:33:56,2025-11-27 23:48:01,UTCZ,Consumed nuts?,false,
2025-11-26 23:33:56,2025-11-27 23:48:01,UTCZ,Took a multivitamin?,false,
2025-11-26 23:33:56,2025-11-27 23:48:01,UTCZ,Practiced breathwork?,false,
2025-11-26 23:33:56,2025-11-27 23:48:01,UTCZ,Took vitamin D?,false,
2025-11-26 23:33:56,2025-11-27 23:48:01,UTCZ,Engaged in sexual activity?,false,
2025-11-26 23:33:56,2025-11-27 23:48:01,UTCZ,Used a sauna?,false,
2025-11-26 23:33:56,2025-11-27 23:48:01,UTCZ,Walked after a meal?,false,
2025-11-26 23:33:56,2025-11-27 23:48:01,UTCZ,Took omega 3 supplement?,false,
2025-11-26 23:33:56,2025-11-27 23:48:01,UTCZ,Wore mouth tape while sleeping?,false,
2025-11-26 23:33:56,2025-11-27 23:48:01,UTCZ,Consumed meat?,false,
2025-11-26 23:33:56,2025-11-27 23:48:01,UTCZ,Took a magnesium supplement?,false,
2025-11-26 23:33:56,2025-11-27 23:48:01,UTCZ,Ate food close to bedtime?,true,
2025-11-26 23:33:56,2025-11-27 23:48:01,UTCZ,Experienced increased libido?,false,
2025-11-26 23:33:56,2025-11-27 23:48:01,UTCZ,Hydrated sufficiently?,false,
2025-11-26 23:33:56,2025-11-27 23:48:01,UTCZ,Took a hot shower before bed?,true,
2025-11-26 23:33:56,2025-11-27 23:48:01,UTCZ,Ate home-cooked food?,false,
2025-11-26 23:33:56,2025-11-27 23:48:01,UTCZ,Took fish oil?,false,
2025-11-26 23:33:56,2025-11-27 23:48:01,UTCZ,Took electrolyte supplements?,false,
2025-11-26 23:33:56,2025-11-27 23:48:01,UTCZ,Experienced decreased libido?,false,
2025-11-26 23:33:56,2025-11-27 23:48:01,UTCZ,Took creatine?,false,
2025-11-26 23:33:56,2025-11-27 23:48:01,UTCZ,Avoided processed foods?,false,
2025-11-26 23:33:56,2025-11-27 23:48:01,UTCZ,Consumed carbohydrates?,true,
2025-11-26 23:33:56,2025-11-27 23:48:01,UTCZ,Took a zinc supplement?,false,
2025-11-26 23:33:56,2025-11-27 23:48:01,UTCZ,Consumed caffeine?,true,
2025-11-25 21:59:47,2025-11-26 23:33:56,UTCZ,Experienced bloating?,false,
2025-11-25 21:59:47,2025-11-26 23:33:56,UTCZ,Have any alcoholic drinks?,false,
2025-11-25 21:59:47,2025-11-26 23:33:56,UTCZ,Consumed added sugar?,true,
2025-11-25 21:59:47,2025-11-26 23:33:56,UTCZ,Took vitamin D?,false,
2025-11-25 21:59:47,2025-11-26 23:33:56,UTCZ,Engaged in sexual activity?,false,
2025-11-25 21:59:47,2025-11-26 23:33:56,UTCZ,Took a zinc supplement?,false,
2025-11-25 21:59:47,2025-11-26 23:33:56,UTCZ,Used a sauna?,false,
2025-11-25 21:59:47,2025-11-26 23:33:56,UTCZ,Ate breakfast?,false,
2025-11-25 21:59:47,2025-11-26 23:33:56,UTCZ,Took omega 3 supplement?,false,
2025-11-25 21:59:47,2025-11-26 23:33:56,UTCZ,Consumed nuts?,true,
2025-11-25 21:59:47,2025-11-26 23:33:56,UTCZ,Took a multivitamin?,false,
2025-11-25 21:59:47,2025-11-26 23:33:56,UTCZ,Wore mouth tape while sleeping?,false,
2025-11-25 21:59:47,2025-11-26 23:33:56,UTCZ,Consumed meat?,false,
2025-11-25 21:59:47,2025-11-26 23:33:56,UTCZ,Took a magnesium supplement?,false,
2025-11-25 21:59:47,2025-11-26 23:33:56,UTCZ,Ate food close to bedtime?,false,
2025-11-25 21:59:47,2025-11-26 23:33:56,UTCZ,Experienced increased libido?,false,
2025-11-25 21:59:47,2025-11-26 23:33:56,UTCZ,Hydrated sufficiently?,false,
2025-11-25 21:59:47,2025-11-26 23:33:56,UTCZ,Took a hot shower before bed?,true,
2025-11-25 21:59:47,2025-11-26 23:33:56,UTCZ,Ate home-cooked food?,true,
2025-11-25 21:59:47,2025-11-26 23:33:56,UTCZ,Took fish oil?,false,
2025-11-25 21:59:47,2025-11-26 23:33:56,UTCZ,Took electrolyte supplements?,false,
2025-11-25 21:59:47,2025-11-26 23:33:56,UTCZ,Experienced decreased libido?,false,
2025-11-25 21:59:47,2025-11-26 23:33:56,UTCZ,Walked after a meal?,false,
2025-11-25 21:59:47,2025-11-26 23:33:56,UTCZ,Took creatine?,false,
2025-11-25 21:59:47,2025-11-26 23:33:56,UTCZ,Avoided processed foods?,true,
2025-11-25 21:59:47,2025-11-26 23:33:56,UTCZ,Consumed carbohydrates?,true,
2025-11-25 21:59:47,2025-11-26 23:33:56,UTCZ,Consumed caffeine?,true,
2025-11-25 21:59:47,2025-11-26 23:33:56,UTCZ,Practiced breathwork?,false,
2025-11-24 22:51:59,2025-11-25 21:59:47,UTCZ,Experienced bloating?,false,
2025-11-24 22:51:59,2025-11-25 21:59:47,UTCZ,Have any alcoholic drinks?,false,
2025-11-24 22:51:59,2025-11-25 21:59:47,UTCZ,Ate breakfast?,false,
2025-11-24 22:51:59,2025-11-25 21:59:47,UTCZ,Consumed added sugar?,true,
2025-11-24 22:51:59,2025-11-25 21:59:47,UTCZ,Practiced breathwork?,false,
2025-11-24 22:51:59,2025-11-25 21:59:47,UTCZ,Took vitamin D?,false,
2025-11-24 22:51:59,2025-11-25 21:59:47,UTCZ,Engaged in sexual activity?,false,
2025-11-24 22:51:59,2025-11-25 21:59:47,UTCZ,Used a sauna?,false,
2025-11-24 22:51:59,2025-11-25 21:59:47,UTCZ,Took omega 3 supplement?,false,
2025-11-24 22:51:59,2025-11-25 21:59:47,UTCZ,Consumed nuts?,true,
2025-11-24 22:51:59,2025-11-25 21:59:47,UTCZ,Took a multivitamin?,false,
2025-11-24 22:51:59,2025-11-25 21:59:47,UTCZ,Wore mouth tape while sleeping?,false,
2025-11-24 22:51:59,2025-11-25 21:59:47,UTCZ,Consumed meat?,false,
2025-11-24 22:51:59,2025-11-25 21:59:47,UTCZ,Took a magnesium supplement?,false,
2025-11-24 22:51:59,2025-11-25 21:59:47,UTCZ,Ate food close to bedtime?,false,
2025-11-24 22:51:59,2025-11-25 21:59:47,UTCZ,Experienced increased libido?,false,
2025-11-24 22:51:59,2025-11-25 21:59:47,UTCZ,Hydrated sufficiently?,false,
2025-11-24 22:51:59,2025-11-25 21:59:47,UTCZ,Took a hot shower before bed?,true,
2025-11-24 22:51:59,2025-11-25 21:59:47,UTCZ,Ate home-cooked food?,true,
2025-11-24 22:51:59,2025-11-25 21:59:47,UTCZ,Took fish oil?,false,
2025-11-24 22:51:59,2025-11-25 21:59:47,UTCZ,Took electrolyte supplements?,false,
2025-11-24 22:51:59,2025-11-25 21:59:47,UTCZ,Experienced decreased libido?,false,
2025-11-24 22:51:59,2025-11-25 21:59:47,UTCZ,Walked after a meal?,false,
2025-11-24 22:51:59,2025-11-25 21:59:47,UTCZ,Took creatine?,false,
2025-11-24 22:51:59,2025-11-25 21:59:47,UTCZ,Avoided processed foods?,false,
2025-11-24 22:51:59,2025-11-25 21:59:47,UTCZ,Consumed carbohydrates?,true,
2025-11-24 22:51:59,2025-11-25 21:59:47,UTCZ,Took a zinc supplement?,false,
2025-11-24 22:51:59,2025-11-25 21:59:47,UTCZ,Consumed caffeine?,true,
2025-11-20 23:39:33,2025-11-21 22:48:02,UTCZ,Ate food close to bedtime?,false,
2025-11-20 23:39:33,2025-11-21 22:48:02,UTCZ,Consumed caffeine?,true,
2025-11-20 23:39:33,2025-11-21 22:48:02,UTCZ,Used a sauna?,false,
2025-11-20 23:39:33,2025-11-21 22:48:02,UTCZ,Practiced breathwork?,false,
2025-11-20 23:39:33,2025-11-21 22:48:02,UTCZ,Took vitamin D?,false,
2025-11-20 23:39:33,2025-11-21 22:48:02,UTCZ,Engaged in sexual activity?,false,
2025-11-20 23:39:33,2025-11-21 22:48:02,UTCZ,Ate breakfast?,false,
2025-11-20 23:39:33,2025-11-21 22:48:02,UTCZ,Took omega 3 supplement?,false,
2025-11-20 23:39:33,2025-11-21 22:48:02,UTCZ,Consumed nuts?,false,
2025-11-20 23:39:33,2025-11-21 22:48:02,UTCZ,Took a multivitamin?,false,
2025-11-20 23:39:33,2025-11-21 22:48:02,UTCZ,Wore mouth tape while sleeping?,false,
2025-11-20 23:39:33,2025-11-21 22:48:02,UTCZ,Consumed meat?,true,
2025-11-20 23:39:33,2025-11-21 22:48:02,UTCZ,Took a magnesium supplement?,false,
2025-11-20 23:39:33,2025-11-21 22:48:02,UTCZ,Experienced bloating?,false,
2025-11-20 23:39:33,2025-11-21 22:48:02,UTCZ,Experienced increased libido?,false,
2025-11-20 23:39:33,2025-11-21 22:48:02,UTCZ,Hydrated sufficiently?,false,
2025-11-20 23:39:33,2025-11-21 22:48:02,UTCZ,Took a hot shower before bed?,true,
2025-11-20 23:39:33,2025-11-21 22:48:02,UTCZ,Ate home-cooked food?,false,
2025-11-20 23:39:33,2025-11-21 22:48:02,UTCZ,Took fish oil?,false,
2025-11-20 23:39:33,2025-11-21 22:48:02,UTCZ,Took electrolyte supplements?,false,
2025-11-20 23:39:33,2025-11-21 22:48:02,UTCZ,Experienced decreased libido?,false,
2025-11-20 23:39:33,2025-11-21 22:48:02,UTCZ,Took creatine?,false,
2025-11-20 23:39:33,2025-11-21 22:48:02,UTCZ,Walked after a meal?,false,
2025-11-20 23:39:33,2025-11-21 22:48:02,UTCZ,Avoided processed foods?,false,
2025-11-20 23:39:33,2025-11-21 22:48:02,UTCZ,Consumed carbohydrates?,true,
2025-11-20 23:39:33,2025-11-21 22:48:02,UTCZ,Have any alcoholic drinks?,false,
2025-11-20 23:39:33,2025-11-21 22:48:02,UTCZ,Took a zinc supplement?,false,
2025-11-20 23:39:33,2025-11-21 22:48:02,UTCZ,Consumed added sugar?,true,
2025-11-17 21:55:52,2025-11-19 00:33:25,UTCZ,Experienced bloating?,false,
2025-11-17 21:55:52,2025-11-19 00:33:25,UTCZ,Have any alcoholic drinks?,false,
2025-11-17 21:55:52,2025-11-19 00:33:25,UTCZ,Practiced breathwork?,false,
2025-11-17 21:55:52,2025-11-19 00:33:25,UTCZ,Consumed added sugar?,true,
2025-11-17 21:55:52,2025-11-19 00:33:25,UTCZ,Took a multivitamin?,false,
2025-11-17 21:55:52,2025-11-19 00:33:25,UTCZ,Consumed carbohydrates?,true,
2025-11-17 21:55:52,2025-11-19 00:33:25,UTCZ,Consumed caffeine?,true,
2025-11-17 21:55:52,2025-11-19 00:33:25,UTCZ,Took vitamin D?,false,
2025-11-17 21:55:52,2025-11-19 00:33:25,UTCZ,Engaged in sexual activity?,false,
2025-11-17 21:55:52,2025-11-19 00:33:25,UTCZ,Used a sauna?,false,
2025-11-17 21:55:52,2025-11-19 00:33:25,UTCZ,Walked after a meal?,false,
2025-11-17 21:55:52,2025-11-19 00:33:25,UTCZ,Took omega 3 supplement?,false,
2025-11-17 21:55:52,2025-11-19 00:33:25,UTCZ,Consumed nuts?,false,
2025-11-17 21:55:52,2025-11-19 00:33:25,UTCZ,Wore mouth tape while sleeping?,false,
2025-11-17 21:55:52,2025-11-19 00:33:25,UTCZ,Consumed meat?,true,
2025-11-17 21:55:52,2025-11-19 00:33:25,UTCZ,Took a magnesium supplement?,false,
2025-11-17 21:55:52,2025-11-19 00:33:25,UTCZ,Ate food close to bedtime?,false,
2025-11-17 21:55:52,2025-11-19 00:33:25,UTCZ,Experienced increased libido?,false,
2025-11-17 21:55:52,2025-11-19 00:33:25,UTCZ,Hydrated sufficiently?,false,
2025-11-17 21:55:52,2025-11-19 00:33:25,UTCZ,Took a hot shower before bed?,false,
2025-11-17 21:55:52,2025-11-19 00:33:25,UTCZ,Ate home-cooked food?,false,
2025-11-17 21:55:52,2025-11-19 00:33:25,UTCZ,Took fish oil?,false,
2025-11-17 21:55:52,2025-11-19 00:33:25,UTCZ,Took electrolyte supplements?,false,
2025-11-17 21:55:52,2025-11-19 00:33:25,UTCZ,Experienced decreased libido?,false,
2025-11-17 21:55:52,2025-11-19 00:33:25,UTCZ,Took creatine?,false,
2025-11-17 21:55:52,2025-11-19 00:33:25,UTCZ,Avoided processed foods?,false,
2025-11-17 21:55:52,2025-11-19 00:33:25,UTCZ,Took a zinc supplement?,false,
2025-11-17 21:55:52,2025-11-19 00:33:25,UTCZ,Ate breakfast?,false,
2025-11-17 01:13:20,2025-11-17 21:55:52,UTCZ,Experienced bloating?,false,
2025-11-17 01:13:20,2025-11-17 21:55:52,UTCZ,Have any alcoholic drinks?,false,
2025-11-17 01:13:20,2025-11-17 21:55:52,UTCZ,Consumed added sugar?,true,
2025-11-17 01:13:20,2025-11-17 21:55:52,UTCZ,Took creatine?,false,
2025-11-17 01:13:20,2025-11-17 21:55:52,UTCZ,Engaged in sexual activity?,false,
2025-11-17 01:13:20,2025-11-17 21:55:52,UTCZ,Practiced breathwork?,false,
2025-11-17 01:13:20,2025-11-17 21:55:52,UTCZ,Took a zinc supplement?,false,
2025-11-17 01:13:20,2025-11-17 21:55:52,UTCZ,Took vitamin D?,false,
2025-11-17 01:13:20,2025-11-17 21:55:52,UTCZ,Ate breakfast?,false,
2025-11-17 01:13:20,2025-11-17 21:55:52,UTCZ,Took omega 3 supplement?,false,
2025-11-17 01:13:20,2025-11-17 21:55:52,UTCZ,Consumed nuts?,false,
2025-11-17 01:13:20,2025-11-17 21:55:52,UTCZ,Took a multivitamin?,false,
2025-11-17 01:13:20,2025-11-17 21:55:52,UTCZ,Wore mouth tape while sleeping?,false,
2025-11-17 01:13:20,2025-11-17 21:55:52,UTCZ,Consumed meat?,true,
2025-11-17 01:13:20,2025-11-17 21:55:52,UTCZ,Took a magnesium supplement?,false,
2025-11-17 01:13:20,2025-11-17 21:55:52,UTCZ,Ate food close to bedtime?,false,
2025-11-17 01:13:20,2025-11-17 21:55:52,UTCZ,Experienced increased libido?,false,
2025-11-17 01:13:20,2025-11-17 21:55:52,UTCZ,Hydrated sufficiently?,false,
2025-11-17 01:13:20,2025-11-17 21:55:52,UTCZ,Took a hot shower before bed?,false,
2025-11-17 01:13:20,2025-11-17 21:55:52,UTCZ,Ate home-cooked food?,false,
2025-11-17 01:13:20,2025-11-17 21:55:52,UTCZ,Took fish oil?,false,
2025-11-17 01:13:20,2025-11-17 21:55:52,UTCZ,Took electrolyte supplements?,false,
2025-11-17 01:13:20,2025-11-17 21:55:52,UTCZ,Walked after a meal?,false,
2025-11-17 01:13:20,2025-11-17 21:55:52,UTCZ,Experienced decreased libido?,false,
2025-11-17 01:13:20,2025-11-17 21:55:52,UTCZ,Avoided processed foods?,false,
2025-11-17 01:13:20,2025-11-17 21:55:52,UTCZ,Consumed carbohydrates?,true,
2025-11-17 01:13:20,2025-11-17 21:55:52,UTCZ,Consumed caffeine?,true,
2025-11-17 01:13:20,2025-11-17 21:55:52,UTCZ,Used a sauna?,false,
2025-11-14 23:28:43,2025-11-16 00:27:00,UTCZ,Experienced bloating?,false,
2025-11-14 23:28:43,2025-11-16 00:27:00,UTCZ,Have any alcoholic drinks?,false,
2025-11-14 23:28:43,2025-11-16 00:27:00,UTCZ,Ate breakfast?,false,
2025-11-14 23:28:43,2025-11-16 00:27:00,UTCZ,Consumed added sugar?,true,
2025-11-14 23:28:43,2025-11-16 00:27:00,UTCZ,Took a hot shower before bed?,true,
2025-11-14 23:28:43,2025-11-16 00:27:00,UTCZ,Ate home-cooked food?,true,
2025-11-14 23:28:43,2025-11-16 00:27:00,UTCZ,Took vitamin D?,false,
2025-11-14 23:28:43,2025-11-16 00:27:00,UTCZ,Engaged in sexual activity?,false,
2025-11-14 23:28:43,2025-11-16 00:27:00,UTCZ,Used a sauna?,false,
2025-11-14 23:28:43,2025-11-16 00:27:00,UTCZ,Took omega 3 supplement?,false,
2025-11-14 23:28:43,2025-11-16 00:27:00,UTCZ,Consumed nuts?,true,
2025-11-14 23:28:43,2025-11-16 00:27:00,UTCZ,Took a multivitamin?,false,
2025-11-14 23:28:43,2025-11-16 00:27:00,UTCZ,Wore mouth tape while sleeping?,false,
2025-11-14 23:28:43,2025-11-16 00:27:00,UTCZ,Consumed meat?,true,
2025-11-14 23:28:43,2025-11-16 00:27:00,UTCZ,Took a magnesium supplement?,false,
2025-11-14 23:28:43,2025-11-16 00:27:00,UTCZ,Ate food close to bedtime?,true,
2025-11-14 23:28:43,2025-11-16 00:27:00,UTCZ,Experienced increased libido?,false,
2025-11-14 23:28:43,2025-11-16 00:27:00,UTCZ,Hydrated sufficiently?,false,
2025-11-14 23:28:43,2025-11-16 00:27:00,UTCZ,Took fish oil?,false,
2025-11-14 23:28:43,2025-11-16 00:27:00,UTCZ,Took electrolyte supplements?,false,
2025-11-14 23:28:43,2025-11-16 00:27:00,UTCZ,Experienced decreased libido?,false,
2025-11-14 23:28:43,2025-11-16 00:27:00,UTCZ,Took creatine?,false,
2025-11-14 23:28:43,2025-11-16 00:27:00,UTCZ,Walked after a meal?,false,
2025-11-14 23:28:43,2025-11-16 00:27:00,UTCZ,Avoided processed foods?,false,
2025-11-14 23:28:43,2025-11-16 00:27:00,UTCZ,Consumed carbohydrates?,true,
2025-11-14 23:28:43,2025-11-16 00:27:00,UTCZ,Consumed caffeine?,true,
2025-11-14 23:28:43,2025-11-16 00:27:00,UTCZ,Took a zinc supplement?,false,
2025-11-14 23:28:43,2025-11-16 00:27:00,UTCZ,Practiced breathwork?,false,
2025-11-12 00:04:34,2025-11-12 22:08:22,UTCZ,Consumed added sugar?,true,
2025-11-12 00:04:34,2025-11-12 22:08:22,UTCZ,Consumed carbohydrates?,true,
2025-11-12 00:04:34,2025-11-12 22:08:22,UTCZ,Experienced bloating?,false,
2025-11-12 00:04:34,2025-11-12 22:08:22,UTCZ,Practiced breathwork?,false,
2025-11-12 00:04:34,2025-11-12 22:08:22,UTCZ,Hydrated sufficiently?,false,
2025-11-12 00:04:34,2025-11-12 22:08:22,UTCZ,Used a sauna?,false,
2025-11-12 00:04:34,2025-11-12 22:08:22,UTCZ,Took a magnesium supplement?,false,
2025-11-12 00:04:34,2025-11-12 22:08:22,UTCZ,Consumed meat?,true,
2025-11-12 00:04:34,2025-11-12 22:08:22,UTCZ,Ate food close to bedtime?,true,
2025-11-12 00:04:34,2025-11-12 22:08:22,UTCZ,Engaged in sexual activity?,false,
2025-11-12 00:04:34,2025-11-12 22:08:22,UTCZ,Avoided processed foods?,false,
2025-11-12 00:04:34,2025-11-12 22:08:22,UTCZ,Consumed caffeine?,true,
2025-11-12 00:04:34,2025-11-12 22:08:22,UTCZ,Have any alcoholic drinks?,false,
2025-11-12 00:04:34,2025-11-12 22:08:22,UTCZ,Wore mouth tape while sleeping?,false,
2025-11-12 00:04:34,2025-11-12 22:08:22,UTCZ,Engaged in sexual activity?,false,
2025-11-12 00:04:34,2025-11-12 22:08:22,UTCZ,Took a multivitamin?,false,
2025-11-12 00:04:34,2025-11-12 22:08:22,UTCZ,Took fish oil?,false,
2025-11-12 00:04:34,2025-11-12 22:08:22,UTCZ,Took creatine?,false,
2025-11-12 00:04:34,2025-11-12 22:08:22,UTCZ,Consumed added sugar?,true,
2025-11-12 00:04:34,2025-11-12 22:08:22,UTCZ,Avoided processed foods?,false,
2025-11-12 00:04:34,2025-11-12 22:08:22,UTCZ,Consumed carbohydrates?,true,
2025-11-12 00:04:34,2025-11-12 22:08:22,UTCZ,Experienced bloating?,false,
2025-11-12 00:04:34,2025-11-12 22:08:22,UTCZ,Ate breakfast?,false,
2025-11-12 00:04:34,2025-11-12 22:08:22,UTCZ,Practiced breathwork?,false,
2025-11-12 00:04:34,2025-11-12 22:08:22,UTCZ,Hydrated sufficiently?,false,
2025-11-12 00:04:34,2025-11-12 22:08:22,UTCZ,Used a sauna?,false,
2025-11-12 00:04:34,2025-11-12 22:08:22,UTCZ,Took omega 3 supplement?,false,
2025-11-12 00:04:34,2025-11-12 22:08:22,UTCZ,Took a magnesium supplement?,false,
2025-11-09 23:07:51,2025-11-11 00:38:28,UTCZ,Consumed nuts?,true,
2025-11-09 23:07:51,2025-11-11 00:38:28,UTCZ,Took a multivitamin?,false,
2025-11-09 23:07:51,2025-11-11 00:38:28,UTCZ,Took omega 3 supplement?,false,
2025-11-09 23:07:51,2025-11-11 00:38:28,UTCZ,Consumed added sugar?,true,
2025-11-09 23:07:51,2025-11-11 00:38:28,UTCZ,Engaged in sexual activity?,false,
2025-11-09 23:07:51,2025-11-11 00:38:28,UTCZ,Used a sauna?,false,
2025-11-09 23:07:51,2025-11-11 00:38:28,UTCZ,Walked after a meal?,false,
2025-11-09 23:07:51,2025-11-11 00:38:28,UTCZ,Took a zinc supplement?,false,
2025-11-09 23:07:51,2025-11-11 00:38:28,UTCZ,Took vitamin D?,false,
2025-11-09 23:07:51,2025-11-11 00:38:28,UTCZ,Consumed meat?,true,
2025-11-09 23:07:51,2025-11-11 00:38:28,UTCZ,Took a magnesium supplement?,false,
2025-11-09 23:07:51,2025-11-11 00:38:28,UTCZ,Ate food close to bedtime?,true,
2025-11-09 23:07:51,2025-11-11 00:38:28,UTCZ,Experienced increased libido?,false,
2025-11-09 23:07:51,2025-11-11 00:38:28,UTCZ,Hydrated sufficiently?,false,
2025-11-09 23:07:51,2025-11-11 00:38:28,UTCZ,Took a hot shower before bed?,true,
2025-11-09 23:07:51,2025-11-11 00:38:28,UTCZ,Ate home-cooked food?,true,
2025-11-09 23:07:51,2025-11-11 00:38:28,UTCZ,Took fish oil?,false,
2025-11-09 23:07:51,2025-11-11 00:38:28,UTCZ,Took electrolyte supplements?,false,
2025-11-09 23:07:51,2025-11-11 00:38:28,UTCZ,Wore mouth tape while sleeping?,false,
2025-11-09 23:07:51,2025-11-11 00:38:28,UTCZ,Experienced decreased libido?,false,
2025-11-09 23:07:51,2025-11-11 00:38:28,UTCZ,Took creatine?,false,
2025-11-09 23:07:51,2025-11-11 00:38:28,UTCZ,Avoided processed foods?,false,
2025-11-09 23:07:51,2025-11-11 00:38:28,UTCZ,Consumed carbohydrates?,true,
2025-11-09 23:07:51,2025-11-11 00:38:28,UTCZ,Consumed caffeine?,true,
2025-11-09 23:07:51,2025-11-11 00:38:28,UTCZ,Practiced breathwork?,false,
2025-11-09 23:07:51,2025-11-11 00:38:28,UTCZ,Ate breakfast?,false,
2025-11-09 23:07:51,2025-11-11 00:38:28,UTCZ,Experienced bloating?,false,
2025-11-09 23:07:51,2025-11-11 00:38:28,UTCZ,Have any alcoholic drinks?,false,
2025-11-09 01:50:49,2025-11-09 23:07:51,UTCZ,Experienced bloating?,false,
2025-11-09 01:50:49,2025-11-09 23:07:51,UTCZ,Have any alcoholic drinks?,false,
2025-11-09 01:50:49,2025-11-09 23:07:51,UTCZ,Consumed added sugar?,true,
2025-11-09 01:50:49,2025-11-09 23:07:51,UTCZ,Used a sauna?,false,
2025-11-09 01:50:49,2025-11-09 23:07:51,UTCZ,Took vitamin D?,false,
2025-11-09 01:50:49,2025-11-09 23:07:51,UTCZ,Practiced breathwork?,false,
2025-11-09 01:50:49,2025-11-09 23:07:51,UTCZ,Took a zinc supplement?,false,
2025-11-09 01:50:49,2025-11-09 23:07:51,UTCZ,Ate breakfast?,false,
2025-11-09 01:50:49,2025-11-09 23:07:51,UTCZ,Took omega 3 supplement?,false,
2025-11-09 01:50:49,2025-11-09 23:07:51,UTCZ,Consumed nuts?,true,
2025-11-09 01:50:49,2025-11-09 23:07:51,UTCZ,Took a multivitamin?,false,
2025-11-09 01:50:49,2025-11-09 23:07:51,UTCZ,Wore mouth tape while sleeping?,false,
2025-11-09 01:50:49,2025-11-09 23:07:51,UTCZ,Consumed meat?,true,
2025-11-09 01:50:49,2025-11-09 23:07:51,UTCZ,Took a magnesium supplement?,false,
2025-11-09 01:50:49,2025-11-09 23:07:51,UTCZ,Ate food close to bedtime?,true,
2025-11-09 01:50:49,2025-11-09 23:07:51,UTCZ,Experienced increased libido?,false,
2025-11-09 01:50:49,2025-11-09 23:07:51,UTCZ,Hydrated sufficiently?,false,
2025-11-09 01:50:49,2025-11-09 23:07:51,UTCZ,Took a hot shower before bed?,true,
2025-11-09 01:50:49,2025-11-09 23:07:51,UTCZ,Ate home-cooked food?,true,
2025-11-09 01:50:49,2025-11-09 23:07:51,UTCZ,Took fish oil?,false,
2025-11-09 01:50:49,2025-11-09 23:07:51,UTCZ,Took electrolyte supplements?,false,
2025-11-09 01:50:49,2025-11-09 23:07:51,UTCZ,Experienced decreased libido?,false,
2025-11-09 01:50:49,2025-11-09 23:07:51,UTCZ,Walked after a meal?,false,
2025-11-09 01:50:49,2025-11-09 23:07:51,UTCZ,Took creatine?,false,
2025-11-09 01:50:49,2025-11-09 23:07:51,UTCZ,Avoided processed foods?,false,
2025-11-09 01:50:49,2025-11-09 23:07:51,UTCZ,Consumed carbohydrates?,true,
2025-11-09 01:50:49,2025-11-09 23:07:51,UTCZ,Consumed caffeine?,false,
2025-11-09 01:50:49,2025-11-09 23:07:51,UTCZ,Engaged in sexual activity?,true,
2025-11-06 01:05:06,2025-11-07 00:51:42,UTCZ,Experienced bloating?,false,
2025-11-06 01:05:06,2025-11-07 00:51:42,UTCZ,Have any alcoholic drinks?,false,
2025-11-06 01:05:06,2025-11-07 00:51:42,UTCZ,Ate breakfast?,false,
2025-11-06 01:05:06,2025-11-07 00:51:42,UTCZ,Consumed added sugar?,true,
2025-11-06 01:05:06,2025-11-07 00:51:42,UTCZ,Took vitamin D?,false,
2025-11-06 01:05:06,2025-11-07 00:51:42,UTCZ,Engaged in sexual activity?,true,
2025-11-06 01:05:06,2025-11-07 00:51:42,UTCZ,Used a sauna?,false,
2025-11-06 01:05:06,2025-11-07 00:51:42,UTCZ,Took omega 3 supplement?,false,
2025-11-06 01:05:06,2025-11-07 00:51:42,UTCZ,Consumed nuts?,true,
2025-11-06 01:05:06,2025-11-07 00:51:42,UTCZ,Took a multivitamin?,false,
2025-11-06 01:05:06,2025-11-07 00:51:42,UTCZ,Wore mouth tape while sleeping?,false,
2025-11-06 01:05:06,2025-11-07 00:51:42,UTCZ,Consumed meat?,true,
2025-11-06 01:05:06,2025-11-07 00:51:42,UTCZ,Took a magnesium supplement?,false,
2025-11-06 01:05:06,2025-11-07 00:51:42,UTCZ,Ate food close to bedtime?,true,
2025-11-06 01:05:06,2025-11-07 00:51:42,UTCZ,Experienced increased libido?,false,
2025-11-06 01:05:06,2025-11-07 00:51:42,UTCZ,Hydrated sufficiently?,false,
2025-11-06 01:05:06,2025-11-07 00:51:42,UTCZ,Took a hot shower before bed?,true,
2025-11-06 01:05:06,2025-11-07 00:51:42,UTCZ,Ate home-cooked food?,true,
2025-11-06 01:05:06,2025-11-07 00:51:42,UTCZ,Took fish oil?,false,
2025-11-06 01:05:06,2025-11-07 00:51:42,UTCZ,Took electrolyte supplements?,false,
2025-11-06 01:05:06,2025-11-07 00:51:42,UTCZ,Experienced decreased libido?,false,
2025-11-06 01:05:06,2025-11-07 00:51:42,UTCZ,Took creatine?,false,
2025-11-06 01:05:06,2025-11-07 00:51:42,UTCZ,Walked after a meal?,false,
2025-11-06 01:05:06,2025-11-07 00:51:42,UTCZ,Avoided processed foods?,false,
2025-11-06 01:05:06,2025-11-07 00:51:42,UTCZ,Consumed carbohydrates?,true,
2025-11-06 01:05:06,2025-11-07 00:51:42,UTCZ,Consumed caffeine?,false,
2025-11-06 01:05:06,2025-11-07 00:51:42,UTCZ,Took a zinc supplement?,false,
2025-11-06 01:05:06,2025-11-07 00:51:42,UTCZ,Practiced breathwork?,false,
2025-11-04 23:34:17,2025-11-06 01:05:06,UTCZ,Ate food close to bedtime?,true,
2025-11-04 23:34:17,2025-11-06 01:05:06,UTCZ,Consumed added sugar?,true,
2025-11-04 23:34:17,2025-11-06 01:05:06,UTCZ,Consumed caffeine?,true,
2025-11-04 23:34:17,2025-11-06 01:05:06,UTCZ,Used a sauna?,false,
2025-11-04 23:34:17,2025-11-06 01:05:06,UTCZ,Practiced breathwork?,false,
2025-11-04 23:34:17,2025-11-06 01:05:06,UTCZ,Took vitamin D?,false,
2025-11-04 23:34:17,2025-11-06 01:05:06,UTCZ,Engaged in sexual activity?,true,
2025-11-04 23:34:17,2025-11-06 01:05:06,UTCZ,Ate breakfast?,false,
2025-11-04 23:34:17,2025-11-06 01:05:06,UTCZ,Took omega 3 supplement?,false,
2025-11-04 23:34:17,2025-11-06 01:05:06,UTCZ,Consumed nuts?,true,
2025-11-04 23:34:17,2025-11-06 01:05:06,UTCZ,Took a multivitamin?,false,
2025-11-04 23:34:17,2025-11-06 01:05:06,UTCZ,Wore mouth tape while sleeping?,false,
2025-11-04 23:34:17,2025-11-06 01:05:06,UTCZ,Consumed meat?,true,
2025-11-04 23:34:17,2025-11-06 01:05:06,UTCZ,Took a magnesium supplement?,false,
2025-11-04 23:34:17,2025-11-06 01:05:06,UTCZ,Experienced bloating?,false,
2025-11-04 23:34:17,2025-11-06 01:05:06,UTCZ,Experienced increased libido?,false,
2025-11-04 23:34:17,2025-11-06 01:05:06,UTCZ,Hydrated sufficiently?,false,
2025-11-04 23:34:17,2025-11-06 01:05:06,UTCZ,Took a hot shower before bed?,true,
2025-11-04 23:34:17,2025-11-06 01:05:06,UTCZ,Ate home-cooked food?,true,
2025-11-04 23:34:17,2025-11-06 01:05:06,UTCZ,Took fish oil?,false,
2025-11-04 23:34:17,2025-11-06 01:05:06,UTCZ,Took electrolyte supplements?,false,
2025-11-04 23:34:17,2025-11-06 01:05:06,UTCZ,Experienced decreased libido?,false,
2025-11-04 23:34:17,2025-11-06 01:05:06,UTCZ,Walked after a meal?,false,
2025-11-04 23:34:17,2025-11-06 01:05:06,UTCZ,Took creatine?,false,
2025-11-04 23:34:17,2025-11-06 01:05:06,UTCZ,Avoided processed foods?,true,
2025-11-04 23:34:17,2025-11-06 01:05:06,UTCZ,Consumed carbohydrates?,true,
2025-11-04 23:34:17,2025-11-06 01:05:06,UTCZ,Took a zinc supplement?,false,
2025-11-04 23:34:17,2025-11-06 01:05:06,UTCZ,Have any alcoholic drinks?,false,
2025-11-04 00:56:41,2025-11-04 23:34:17,UTCZ,Engaged in sexual activity?,true,
2025-11-04 00:56:41,2025-11-04 23:34:17,UTCZ,Consumed caffeine?,true,
2025-11-04 00:56:41,2025-11-04 23:34:17,UTCZ,Ate food close to bedtime?,true,
2025-11-04 00:56:41,2025-11-04 23:34:17,UTCZ,Have any alcoholic drinks?,false,
2025-11-04 00:56:41,2025-11-04 23:34:17,UTCZ,Took electrolyte supplements?,false,
2025-11-04 00:56:41,2025-11-04 23:34:17,UTCZ,Took a magnesium supplement?,false,
2025-11-04 00:56:41,2025-11-04 23:34:17,UTCZ,Consumed meat?,true,
2025-11-04 00:56:41,2025-11-04 23:34:17,UTCZ,Consumed nuts?,true,
2025-11-04 00:56:41,2025-11-04 23:34:17,UTCZ,Walked after a meal?,true,
2025-11-04 00:56:41,2025-11-04 23:34:17,UTCZ,Ate home-cooked food?,true,
2025-11-04 00:56:41,2025-11-04 23:34:17,UTCZ,Ate breakfast?,false,
2025-11-04 00:56:41,2025-11-04 23:34:17,UTCZ,Experienced decreased libido?,false,
2025-11-04 00:56:41,2025-11-04 23:34:17,UTCZ,Experienced increased libido?,false,
2025-11-04 00:56:41,2025-11-04 23:34:17,UTCZ,Took a hot shower before bed?,true,
2025-11-04 00:56:41,2025-11-04 23:34:17,UTCZ,Wore mouth tape while sleeping?,false,
2025-11-04 00:56:41,2025-11-04 23:34:17,UTCZ,Took a zinc supplement?,false,
2025-11-04 00:56:41,2025-11-04 23:34:17,UTCZ,Took vitamin D?,false,
2025-11-04 00:56:41,2025-11-04 23:34:17,UTCZ,Took a multivitamin?,false,
2025-11-04 00:56:41,2025-11-04 23:34:17,UTCZ,Took fish oil?,false,
2025-11-04 00:56:41,2025-11-04 23:34:17,UTCZ,Took creatine?,false,
2025-11-04 00:56:41,2025-11-04 23:34:17,UTCZ,Consumed added sugar?,true,
2025-11-04 00:56:41,2025-11-04 23:34:17,UTCZ,Avoided processed foods?,true,
2025-11-04 00:56:41,2025-11-04 23:34:17,UTCZ,Consumed carbohydrates?,true,
2025-11-04 00:56:41,2025-11-04 23:34:17,UTCZ,Experienced bloating?,false,
2025-11-04 00:56:41,2025-11-04 23:34:17,UTCZ,Practiced breathwork?,false,
2025-11-04 00:56:41,2025-11-04 23:34:17,UTCZ,Hydrated sufficiently?,false,
2025-11-04 00:56:41,2025-11-04 23:34:17,UTCZ,Took omega 3 supplement?,false,
2025-11-04 00:56:41,2025-11-04 23:34:17,UTCZ,Used a sauna?,false,
2025-11-02 23:52:03,2025-11-04 00:56:41,UTCZ,Experienced bloating?,false,
2025-11-02 23:52:03,2025-11-04 00:56:41,UTCZ,Have any alcoholic drinks?,false,
2025-11-02 23:52:03,2025-11-04 00:56:41,UTCZ,Consumed added sugar?,true,
2025-11-02 23:52:03,2025-11-04 00:56:41,UTCZ,Took electrolyte supplements?,false,
2025-11-02 23:52:03,2025-11-04 00:56:41,UTCZ,Engaged in sexual activity?,false,
2025-11-02 23:52:03,2025-11-04 00:56:41,UTCZ,Experienced decreased libido?,false,
2025-11-02 23:52:03,2025-11-04 00:56:41,UTCZ,Took a zinc supplement?,false,
2025-11-02 23:52:03,2025-11-04 00:56:41,UTCZ,Took vitamin D?,false,
2025-11-02 23:52:03,2025-11-04 00:56:41,UTCZ,Took creatine?,false,
2025-11-02 23:52:03,2025-11-04 00:56:41,UTCZ,Took omega 3 supplement?,false,
2025-11-02 23:52:03,2025-11-04 00:56:41,UTCZ,Consumed nuts?,true,
2025-11-02 23:52:03,2025-11-04 00:56:41,UTCZ,Took a multivitamin?,false,
2025-11-02 23:52:03,2025-11-04 00:56:41,UTCZ,Wore mouth tape while sleeping?,false,
2025-11-02 23:52:03,2025-11-04 00:56:41,UTCZ,Consumed meat?,true,
2025-11-02 23:52:03,2025-11-04 00:56:41,UTCZ,Took a magnesium supplement?,false,
2025-11-02 23:52:03,2025-11-04 00:56:41,UTCZ,Ate food close to bedtime?,true,
2025-11-02 23:52:03,2025-11-04 00:56:41,UTCZ,Experienced increased libido?,false,
2025-11-02 23:52:03,2025-11-04 00:56:41,UTCZ,Hydrated sufficiently?,false,
2025-11-02 23:52:03,2025-11-04 00:56:41,UTCZ,Took a hot shower before bed?,true,
2025-11-02 23:52:03,2025-11-04 00:56:41,UTCZ,Ate home-cooked food?,true,
2025-11-02 23:52:03,2025-11-04 00:56:41,UTCZ,Took fish oil?,false,
2025-11-02 23:52:03,2025-11-04 00:56:41,UTCZ,Used a sauna?,false,
2025-11-02 23:52:03,2025-11-04 00:56:41,UTCZ,Walked after a meal?,true,
2025-11-02 23:52:03,2025-11-04 00:56:41,UTCZ,Avoided processed foods?,true,
2025-11-02 23:52:03,2025-11-04 00:56:41,UTCZ,Consumed carbohydrates?,true,
2025-11-02 23:52:03,2025-11-04 00:56:41,UTCZ,Consumed caffeine?,true,
2025-11-02 23:52:03,2025-11-04 00:56:41,UTCZ,Practiced breathwork?,false,
2025-11-02 23:52:03,2025-11-04 00:56:41,UTCZ,Ate breakfast?,false,
2025-11-02 01:39:31,2025-11-02 23:52:03,UTCZ,Experienced bloating?,false,
2025-11-02 01:39:31,2025-11-02 23:52:03,UTCZ,Have any alcoholic drinks?,false,
2025-11-02 01:39:31,2025-11-02 23:52:03,UTCZ,Ate breakfast?,false,
2025-11-02 01:39:31,2025-11-02 23:52:03,UTCZ,Consumed added sugar?,true,
2025-11-02 01:39:31,2025-11-02 23:52:03,UTCZ,Ate home-cooked food?,true,
2025-11-02 01:39:31,2025-11-02 23:52:03,UTCZ,Practiced breathwork?,false,
2025-11-02 01:39:31,2025-11-02 23:52:03,UTCZ,Took vitamin D?,false,
2025-11-02 01:39:31,2025-11-02 23:52:03,UTCZ,Engaged in sexual activity?,false,
2025-11-02 01:39:31,2025-11-02 23:52:03,UTCZ,Used a sauna?,false,
2025-11-02 01:39:31,2025-11-02 23:52:03,UTCZ,Took omega 3 supplement?,false,
2025-11-02 01:39:31,2025-11-02 23:52:03,UTCZ,Consumed nuts?,true,
2025-11-02 01:39:31,2025-11-02 23:52:03,UTCZ,Took a multivitamin?,false,
2025-11-02 01:39:31,2025-11-02 23:52:03,UTCZ,Wore mouth tape while sleeping?,false,
2025-11-02 01:39:31,2025-11-02 23:52:03,UTCZ,Consumed meat?,true,
2025-11-02 01:39:31,2025-11-02 23:52:03,UTCZ,Took a magnesium supplement?,false,
2025-11-02 01:39:31,2025-11-02 23:52:03,UTCZ,Ate food close to bedtime?,true,
2025-11-02 01:39:31,2025-11-02 23:52:03,UTCZ,Experienced increased libido?,false,
2025-11-02 01:39:31,2025-11-02 23:52:03,UTCZ,Hydrated sufficiently?,false,
2025-11-02 01:39:31,2025-11-02 23:52:03,UTCZ,Took a hot shower before bed?,true,
2025-11-02 01:39:31,2025-11-02 23:52:03,UTCZ,Took fish oil?,false,
2025-11-02 01:39:31,2025-11-02 23:52:03,UTCZ,Took electrolyte supplements?,false,
2025-11-02 01:39:31,2025-11-02 23:52:03,UTCZ,Experienced decreased libido?,false,
2025-11-02 01:39:31,2025-11-02 23:52:03,UTCZ,Walked after a meal?,true,
2025-11-02 01:39:31,2025-11-02 23:52:03,UTCZ,Took creatine?,false,
2025-11-02 01:39:31,2025-11-02 23:52:03,UTCZ,Avoided processed foods?,true,
2025-11-02 01:39:31,2025-11-02 23:52:03,UTCZ,Consumed carbohydrates?,true,
2025-11-02 01:39:31,2025-11-02 23:52:03,UTCZ,Took a zinc supplement?,false,
2025-11-02 01:39:31,2025-11-02 23:52:03,UTCZ,Consumed caffeine?,true,
2025-10-25 22:55:07,2025-10-26 22:25:09,UTCZ,Have any alcoholic drinks?,false,
2025-10-25 22:55:07,2025-10-26 22:25:09,UTCZ,Consumed added sugar?,true,
2025-10-25 22:55:07,2025-10-26 22:25:09,UTCZ,Took a magnesium supplement?,false,
2025-10-25 22:55:07,2025-10-26 22:25:09,UTCZ,Used a sauna?,false,
2025-10-25 22:55:07,2025-10-26 22:25:09,UTCZ,Ate food close to bedtime?,true,
2025-10-25 22:55:07,2025-10-26 22:25:09,UTCZ,Took vitamin D?,false,
2025-10-25 22:55:07,2025-10-26 22:25:09,UTCZ,Engaged in sexual activity?,true,
2025-10-25 22:55:07,2025-10-26 22:25:09,UTCZ,Ate breakfast?,false,
2025-10-25 22:55:07,2025-10-26 22:25:09,UTCZ,Walked after a meal?,true,
2025-10-25 22:55:07,2025-10-26 22:25:09,UTCZ,Took omega 3 supplement?,false,
2025-10-25 22:55:07,2025-10-26 22:25:09,UTCZ,Consumed nuts?,true,
2025-10-25 22:55:07,2025-10-26 22:25:09,UTCZ,Took a multivitamin?,false,
2025-10-25 22:55:07,2025-10-26 22:25:09,UTCZ,Wore mouth tape while sleeping?,false,
2025-10-25 22:55:07,2025-10-26 22:25:09,UTCZ,Experienced bloating?,false,
2025-10-25 22:55:07,2025-10-26 22:25:09,UTCZ,Experienced increased libido?,false,
2025-10-25 22:55:07,2025-10-26 22:25:09,UTCZ,Hydrated sufficiently?,false,
2025-10-25 22:55:07,2025-10-26 22:25:09,UTCZ,Took a hot shower before bed?,true,
2025-10-25 22:55:07,2025-10-26 22:25:09,UTCZ,Ate home-cooked food?,true,
2025-10-25 22:55:07,2025-10-26 22:25:09,UTCZ,Took fish oil?,false,
2025-10-25 22:55:07,2025-10-26 22:25:09,UTCZ,Took electrolyte supplements?,false,
2025-10-25 22:55:07,2025-10-26 22:25:09,UTCZ,Experienced decreased libido?,false,
2025-10-25 22:55:07,2025-10-26 22:25:09,UTCZ,Took creatine?,false,
2025-10-25 22:55:07,2025-10-26 22:25:09,UTCZ,Avoided processed foods?,true,
2025-10-25 22:55:07,2025-10-26 22:25:09,UTCZ,Consumed carbohydrates?,true,
2025-10-25 22:55:07,2025-10-26 22:25:09,UTCZ,Consumed caffeine?,true,
2025-10-25 22:55:07,2025-10-26 22:25:09,UTCZ,Practiced breathwork?,false,
2025-10-25 22:55:07,2025-10-26 22:25:09,UTCZ,Took a zinc supplement?,false,
2025-10-25 22:55:07,2025-10-26 22:25:09,UTCZ,Consumed meat?,true,
2025-10-24 23:15:04,2025-10-25 23:55:07,UTC+01:00,Experienced bloating?,false,
2025-10-24 23:15:04,2025-10-25 23:55:07,UTC+01:00,Have any alcoholic drinks?,false,
2025-10-24 23:15:04,2025-10-25 23:55:07,UTC+01:00,Ate breakfast?,false,
2025-10-24 23:15:04,2025-10-25 23:55:07,UTC+01:00,Consumed added sugar?,true,
2025-10-24 23:15:04,2025-10-25 23:55:07,UTC+01:00,Consumed nuts?,true,
2025-10-24 23:15:04,2025-10-25 23:55:07,UTC+01:00,Took a multivitamin?,false,
2025-10-24 23:15:04,2025-10-25 23:55:07,UTC+01:00,Practiced breathwork?,false,
2025-10-24 23:15:04,2025-10-25 23:55:07,UTC+01:00,Took vitamin D?,false,
2025-10-24 23:15:04,2025-10-25 23:55:07,UTC+01:00,Engaged in sexual activity?,true,
2025-10-24 23:15:04,2025-10-25 23:55:07,UTC+01:00,Used a sauna?,false,
2025-10-24 23:15:04,2025-10-25 23:55:07,UTC+01:00,Walked after a meal?,false,
2025-10-24 23:15:04,2025-10-25 23:55:07,UTC+01:00,Took omega 3 supplement?,false,
2025-10-24 23:15:04,2025-10-25 23:55:07,UTC+01:00,Wore mouth tape while sleeping?,false,
2025-10-24 23:15:04,2025-10-25 23:55:07,UTC+01:00,Consumed meat?,true,
2025-10-24 23:15:04,2025-10-25 23:55:07,UTC+01:00,Took a magnesium supplement?,false,
2025-10-24 23:15:04,2025-10-25 23:55:07,UTC+01:00,Ate food close to bedtime?,true,
2025-10-24 23:15:04,2025-10-25 23:55:07,UTC+01:00,Experienced increased libido?,false,
2025-10-24 23:15:04,2025-10-25 23:55:07,UTC+01:00,Hydrated sufficiently?,false,
2025-10-24 23:15:04,2025-10-25 23:55:07,UTC+01:00,Took a hot shower before bed?,false,
2025-10-24 23:15:04,2025-10-25 23:55:07,UTC+01:00,Ate home-cooked food?,false,
2025-10-24 23:15:04,2025-10-25 23:55:07,UTC+01:00,Took fish oil?,false,
2025-10-24 23:15:04,2025-10-25 23:55:07,UTC+01:00,Took electrolyte supplements?,false,
2025-10-24 23:15:04,2025-10-25 23:55:07,UTC+01:00,Experienced decreased libido?,false,
2025-10-24 23:15:04,2025-10-25 23:55:07,UTC+01:00,Took creatine?,false,
2025-10-24 23:15:04,2025-10-25 23:55:07,UTC+01:00,Avoided processed foods?,false,
2025-10-24 23:15:04,2025-10-25 23:55:07,UTC+01:00,Consumed carbohydrates?,true,
2025-10-24 23:15:04,2025-10-25 23:55:07,UTC+01:00,Took a zinc supplement?,false,
2025-10-24 23:15:04,2025-10-25 23:55:07,UTC+01:00,Consumed caffeine?,true,
2025-10-23 23:29:03,2025-10-24 23:15:04,UTC+01:00,Used a sauna?,false,
2025-10-23 23:29:03,2025-10-24 23:15:04,UTC+01:00,Have any alcoholic drinks?,false,
2025-10-23 23:29:03,2025-10-24 23:15:04,UTC+01:00,Consumed added sugar?,true,
2025-10-23 23:29:03,2025-10-24 23:15:04,UTC+01:00,Took a zinc supplement?,false,
2025-10-23 23:29:03,2025-10-24 23:15:04,UTC+01:00,Took vitamin D?,false,
2025-10-23 23:29:03,2025-10-24 23:15:04,UTC+01:00,Engaged in sexual activity?,true,
2025-10-23 23:29:03,2025-10-24 23:15:04,UTC+01:00,Took omega 3 supplement?,false,
2025-10-23 23:29:03,2025-10-24 23:15:04,UTC+01:00,Consumed nuts?,true,
2025-10-23 23:29:03,2025-10-24 23:15:04,UTC+01:00,Took a multivitamin?,false,
2025-10-23 23:29:03,2025-10-24 23:15:04,UTC+01:00,Consumed meat?,true,
2025-10-23 23:29:03,2025-10-24 23:15:04,UTC+01:00,Took a magnesium supplement?,false,
2025-10-23 23:29:03,2025-10-24 23:15:04,UTC+01:00,Ate food close to bedtime?,true,
2025-10-23 23:29:03,2025-10-24 23:15:04,UTC+01:00,Experienced increased libido?,false,
2025-10-23 23:29:03,2025-10-24 23:15:04,UTC+01:00,Hydrated sufficiently?,false,
2025-10-23 23:29:03,2025-10-24 23:15:04,UTC+01:00,Took a hot shower before bed?,false,
2025-10-23 23:29:03,2025-10-24 23:15:04,UTC+01:00,Ate home-cooked food?,false,
2025-10-23 23:29:03,2025-10-24 23:15:04,UTC+01:00,Took fish oil?,false,
2025-10-23 23:29:03,2025-10-24 23:15:04,UTC+01:00,Took electrolyte supplements?,false,
2025-10-23 23:29:03,2025-10-24 23:15:04,UTC+01:00,Wore mouth tape while sleeping?,false,
2025-10-23 23:29:03,2025-10-24 23:15:04,UTC+01:00,Experienced decreased libido?,false,
2025-10-23 23:29:03,2025-10-24 23:15:04,UTC+01:00,Took creatine?,false,
2025-10-23 23:29:03,2025-10-24 23:15:04,UTC+01:00,Avoided processed foods?,false,
2025-10-23 23:29:03,2025-10-24 23:15:04,UTC+01:00,Walked after a meal?,false,
2025-10-23 23:29:03,2025-10-24 23:15:04,UTC+01:00,Consumed carbohydrates?,true,
2025-10-23 23:29:03,2025-10-24 23:15:04,UTC+01:00,Consumed caffeine?,true,
2025-10-23 23:29:03,2025-10-24 23:15:04,UTC+01:00,Practiced breathwork?,false,
2025-10-23 23:29:03,2025-10-24 23:15:04,UTC+01:00,Ate breakfast?,false,
2025-10-23 23:29:03,2025-10-24 23:15:04,UTC+01:00,Experienced bloating?,false,
2025-10-20 22:52:03,2025-10-22 00:05:23,UTC+01:00,Experienced bloating?,false,
2025-10-20 22:52:03,2025-10-22 00:05:23,UTC+01:00,Have any alcoholic drinks?,false,
2025-10-20 22:52:03,2025-10-22 00:05:23,UTC+01:00,Ate breakfast?,false,
2025-10-20 22:52:03,2025-10-22 00:05:23,UTC+01:00,Consumed added sugar?,true,
2025-10-20 22:52:03,2025-10-22 00:05:23,UTC+01:00,Practiced breathwork?,false,
2025-10-20 22:52:03,2025-10-22 00:05:23,UTC+01:00,Took vitamin D?,false,
2025-10-20 22:52:03,2025-10-22 00:05:23,UTC+01:00,Engaged in sexual activity?,true,
2025-10-20 22:52:03,2025-10-22 00:05:23,UTC+01:00,Used a sauna?,false,
2025-10-20 22:52:03,2025-10-22 00:05:23,UTC+01:00,Took omega 3 supplement?,false,
2025-10-20 22:52:03,2025-10-22 00:05:23,UTC+01:00,Consumed nuts?,true,
2025-10-20 22:52:03,2025-10-22 00:05:23,UTC+01:00,Took a multivitamin?,false,
2025-10-20 22:52:03,2025-10-22 00:05:23,UTC+01:00,Wore mouth tape while sleeping?,false,
2025-10-20 22:52:03,2025-10-22 00:05:23,UTC+01:00,Consumed meat?,true,
2025-10-20 22:52:03,2025-10-22 00:05:23,UTC+01:00,Took a magnesium supplement?,false,
2025-10-20 22:52:03,2025-10-22 00:05:23,UTC+01:00,Ate food close to bedtime?,true,
2025-10-20 22:52:03,2025-10-22 00:05:23,UTC+01:00,Experienced increased libido?,false,
2025-10-20 22:52:03,2025-10-22 00:05:23,UTC+01:00,Hydrated sufficiently?,false,
2025-10-20 22:52:03,2025-10-22 00:05:23,UTC+01:00,Took a hot shower before bed?,false,
2025-10-20 22:52:03,2025-10-22 00:05:23,UTC+01:00,Ate home-cooked food?,true,
2025-10-20 22:52:03,2025-10-22 00:05:23,UTC+01:00,Took fish oil?,false,
2025-10-20 22:52:03,2025-10-22 00:05:23,UTC+01:00,Took electrolyte supplements?,false,
2025-10-20 22:52:03,2025-10-22 00:05:23,UTC+01:00,Experienced decreased libido?,false,
2025-10-20 22:52:03,2025-10-22 00:05:23,UTC+01:00,Walked after a meal?,false,
2025-10-20 22:52:03,2025-10-22 00:05:23,UTC+01:00,Took creatine?,false,
2025-10-20 22:52:03,2025-10-22 00:05:23,UTC+01:00,Avoided processed foods?,false,
2025-10-20 22:52:03,2025-10-22 00:05:23,UTC+01:00,Consumed carbohydrates?,true,
2025-10-20 22:52:03,2025-10-22 00:05:23,UTC+01:00,Took a zinc supplement?,false,
2025-10-20 22:52:03,2025-10-22 00:05:23,UTC+01:00,Consumed caffeine?,true,
2025-10-20 00:49:28,2025-10-20 22:52:03,UTC+01:00,Consumed caffeine?,true,
2025-10-20 00:49:28,2025-10-20 22:52:03,UTC+01:00,Used a sauna?,false,
2025-10-20 00:49:28,2025-10-20 22:52:03,UTC+01:00,Practiced breathwork?,false,
2025-10-20 00:49:28,2025-10-20 22:52:03,UTC+01:00,Took vitamin D?,false,
2025-10-20 00:49:28,2025-10-20 22:52:03,UTC+01:00,Engaged in sexual activity?,true,
2025-10-20 00:49:28,2025-10-20 22:52:03,UTC+01:00,Ate breakfast?,false,
2025-10-20 00:49:28,2025-10-20 22:52:03,UTC+01:00,Took omega 3 supplement?,false,
2025-10-20 00:49:28,2025-10-20 22:52:03,UTC+01:00,Consumed nuts?,true,
2025-10-20 00:49:28,2025-10-20 22:52:03,UTC+01:00,Took a multivitamin?,false,
2025-10-20 00:49:28,2025-10-20 22:52:03,UTC+01:00,Wore mouth tape while sleeping?,false,
2025-10-20 00:49:28,2025-10-20 22:52:03,UTC+01:00,Consumed meat?,true,
2025-10-20 00:49:28,2025-10-20 22:52:03,UTC+01:00,Took a magnesium supplement?,false,
2025-10-20 00:49:28,2025-10-20 22:52:03,UTC+01:00,Experienced bloating?,false,
2025-10-20 00:49:28,2025-10-20 22:52:03,UTC+01:00,Experienced increased libido?,false,
2025-10-20 00:49:28,2025-10-20 22:52:03,UTC+01:00,Hydrated sufficiently?,false,
2025-10-20 00:49:28,2025-10-20 22:52:03,UTC+01:00,Took a hot shower before bed?,false,
2025-10-20 00:49:28,2025-10-20 22:52:03,UTC+01:00,Ate home-cooked food?,true,
2025-10-20 00:49:28,2025-10-20 22:52:03,UTC+01:00,Took fish oil?,false,
2025-10-20 00:49:28,2025-10-20 22:52:03,UTC+01:00,Took electrolyte supplements?,false,
2025-10-20 00:49:28,2025-10-20 22:52:03,UTC+01:00,Experienced decreased libido?,false,
2025-10-20 00:49:28,2025-10-20 22:52:03,UTC+01:00,Took creatine?,false,
2025-10-20 00:49:28,2025-10-20 22:52:03,UTC+01:00,Avoided processed foods?,false,
2025-10-20 00:49:28,2025-10-20 22:52:03,UTC+01:00,Walked after a meal?,false,
2025-10-20 00:49:28,2025-10-20 22:52:03,UTC+01:00,Consumed carbohydrates?,true,
2025-10-20 00:49:28,2025-10-20 22:52:03,UTC+01:00,Have any alcoholic drinks?,false,
2025-10-20 00:49:28,2025-10-20 22:52:03,UTC+01:00,Consumed added sugar?,true,
2025-10-20 00:49:28,2025-10-20 22:52:03,UTC+01:00,Took a zinc supplement?,false,
2025-10-20 00:49:28,2025-10-20 22:52:03,UTC+01:00,Ate food close to bedtime?,true,
2025-10-19 00:11:26,2025-10-20 00:49:28,UTC+01:00,Experienced bloating?,false,
2025-10-19 00:11:26,2025-10-20 00:49:28,UTC+01:00,Have any alcoholic drinks?,false,
2025-10-19 00:11:26,2025-10-20 00:49:28,UTC+01:00,Ate breakfast?,false,
2025-10-19 00:11:26,2025-10-20 00:49:28,UTC+01:00,Consumed added sugar?,true,
2025-10-19 00:11:26,2025-10-20 00:49:28,UTC+01:00,Took a multivitamin?,false,
2025-10-19 00:11:26,2025-10-20 00:49:28,UTC+01:00,Consumed caffeine?,true,
2025-10-19 00:11:26,2025-10-20 00:49:28,UTC+01:00,Practiced breathwork?,false,
2025-10-19 00:11:26,2025-10-20 00:49:28,UTC+01:00,Took vitamin D?,false,
2025-10-19 00:11:26,2025-10-20 00:49:28,UTC+01:00,Engaged in sexual activity?,true,
2025-10-19 00:11:26,2025-10-20 00:49:28,UTC+01:00,Used a sauna?,false,
2025-10-19 00:11:26,2025-10-20 00:49:28,UTC+01:00,Walked after a meal?,false,
2025-10-19 00:11:26,2025-10-20 00:49:28,UTC+01:00,Took omega 3 supplement?,false,
2025-10-19 00:11:26,2025-10-20 00:49:28,UTC+01:00,Consumed nuts?,true,
2025-10-19 00:11:26,2025-10-20 00:49:28,UTC+01:00,Wore mouth tape while sleeping?,false,
2025-10-19 00:11:26,2025-10-20 00:49:28,UTC+01:00,Consumed meat?,true,
2025-10-19 00:11:26,2025-10-20 00:49:28,UTC+01:00,Took a magnesium supplement?,false,
2025-10-19 00:11:26,2025-10-20 00:49:28,UTC+01:00,Ate food close to bedtime?,true,
2025-10-19 00:11:26,2025-10-20 00:49:28,UTC+01:00,Experienced increased libido?,false,
2025-10-19 00:11:26,2025-10-20 00:49:28,UTC+01:00,Hydrated sufficiently?,false,
2025-10-19 00:11:26,2025-10-20 00:49:28,UTC+01:00,Took a hot shower before bed?,false,
2025-10-19 00:11:26,2025-10-20 00:49:28,UTC+01:00,Ate home-cooked food?,true,
2025-10-19 00:11:26,2025-10-20 00:49:28,UTC+01:00,Took fish oil?,false,
2025-10-19 00:11:26,2025-10-20 00:49:28,UTC+01:00,Took electrolyte supplements?,false,
2025-10-19 00:11:26,2025-10-20 00:49:28,UTC+01:00,Experienced decreased libido?,false,
2025-10-19 00:11:26,2025-10-20 00:49:28,UTC+01:00,Took creatine?,false,
2025-10-19 00:11:26,2025-10-20 00:49:28,UTC+01:00,Avoided processed foods?,false,
2025-10-19 00:11:26,2025-10-20 00:49:28,UTC+01:00,Took a zinc supplement?,false,
2025-10-19 00:11:26,2025-10-20 00:49:28,UTC+01:00,Consumed carbohydrates?,true,
2025-10-18 00:31:23,2025-10-19 00:11:26,UTC+01:00,Used a sauna?,false,
2025-10-18 00:31:23,2025-10-19 00:11:26,UTC+01:00,Experienced bloating?,false,
2025-10-18 00:31:23,2025-10-19 00:11:26,UTC+01:00,Have any alcoholic drinks?,false,
2025-10-18 00:31:23,2025-10-19 00:11:26,UTC+01:00,Consumed added sugar?,true,
2025-10-18 00:31:23,2025-10-19 00:11:26,UTC+01:00,Took creatine?,false,
2025-10-18 00:31:23,2025-10-19 00:11:26,UTC+01:00,Engaged in sexual activity?,false,
2025-10-18 00:31:23,2025-10-19 00:11:26,UTC+01:00,Practiced breathwork?,false,
2025-10-18 00:31:23,2025-10-19 00:11:26,UTC+01:00,Took a zinc supplement?,false,
2025-10-18 00:31:23,2025-10-19 00:11:26,UTC+01:00,Took vitamin D?,false,
2025-10-18 00:31:23,2025-10-19 00:11:26,UTC+01:00,Ate breakfast?,false,
2025-10-18 00:31:23,2025-10-19 00:11:26,UTC+01:00,Took omega 3 supplement?,false,
2025-10-18 00:31:23,2025-10-19 00:11:26,UTC+01:00,Consumed nuts?,true,
2025-10-18 00:31:23,2025-10-19 00:11:26,UTC+01:00,Took a multivitamin?,false,
2025-10-18 00:31:23,2025-10-19 00:11:26,UTC+01:00,Wore mouth tape while sleeping?,false,
2025-10-18 00:31:23,2025-10-19 00:11:26,UTC+01:00,Consumed meat?,true,
2025-10-18 00:31:23,2025-10-19 00:11:26,UTC+01:00,Took a magnesium supplement?,false,
2025-10-18 00:31:23,2025-10-19 00:11:26,UTC+01:00,Ate food close to bedtime?,true,
2025-10-18 00:31:23,2025-10-19 00:11:26,UTC+01:00,Experienced increased libido?,false,
2025-10-18 00:31:23,2025-10-19 00:11:26,UTC+01:00,Hydrated sufficiently?,false,
2025-10-18 00:31:23,2025-10-19 00:11:26,UTC+01:00,Took a hot shower before bed?,false,
2025-10-18 00:31:23,2025-10-19 00:11:26,UTC+01:00,Ate home-cooked food?,true,
2025-10-18 00:31:23,2025-10-19 00:11:26,UTC+01:00,Took fish oil?,false,
2025-10-18 00:31:23,2025-10-19 00:11:26,UTC+01:00,Walked after a meal?,false,
2025-10-18 00:31:23,2025-10-19 00:11:26,UTC+01:00,Took electrolyte supplements?,false,
2025-10-18 00:31:23,2025-10-19 00:11:26,UTC+01:00,Experienced decreased libido?,false,
2025-10-18 00:31:23,2025-10-19 00:11:26,UTC+01:00,Avoided processed foods?,false,
2025-10-18 00:31:23,2025-10-19 00:11:26,UTC+01:00,Consumed carbohydrates?,true,
2025-10-18 00:31:23,2025-10-19 00:11:26,UTC+01:00,Consumed caffeine?,true,
2025-10-16 00:59:58,2025-10-17 01:12:30,UTC+01:00,Experienced bloating?,false,
2025-10-16 00:59:58,2025-10-17 01:12:30,UTC+01:00,Have any alcoholic drinks?,false,
2025-10-16 00:59:58,2025-10-17 01:12:30,UTC+01:00,Ate home-cooked food?,true,
2025-10-16 00:59:58,2025-10-17 01:12:30,UTC+01:00,Consumed added sugar?,true,
2025-10-16 00:59:58,2025-10-17 01:12:30,UTC+01:00,Hydrated sufficiently?,false,
2025-10-16 00:59:58,2025-10-17 01:12:30,UTC+01:00,Took a hot shower before bed?,false,
2025-10-16 00:59:58,2025-10-17 01:12:30,UTC+01:00,Took vitamin D?,false,
2025-10-16 00:59:58,2025-10-17 01:12:30,UTC+01:00,Engaged in sexual activity?,false,
2025-10-16 00:59:58,2025-10-17 01:12:30,UTC+01:00,Used a sauna?,false,
2025-10-16 00:59:58,2025-10-17 01:12:30,UTC+01:00,Took omega 3 supplement?,false,
2025-10-16 00:59:58,2025-10-17 01:12:30,UTC+01:00,Consumed nuts?,true,
2025-10-16 00:59:58,2025-10-17 01:12:30,UTC+01:00,Took a multivitamin?,false,
2025-10-16 00:59:58,2025-10-17 01:12:30,UTC+01:00,Wore mouth tape while sleeping?,false,
2025-10-16 00:59:58,2025-10-17 01:12:30,UTC+01:00,Consumed meat?,true,
2025-10-16 00:59:58,2025-10-17 01:12:30,UTC+01:00,Took a magnesium supplement?,false,
2025-10-16 00:59:58,2025-10-17 01:12:30,UTC+01:00,Ate food close to bedtime?,true,
2025-10-16 00:59:58,2025-10-17 01:12:30,UTC+01:00,Experienced increased libido?,false,
2025-10-16 00:59:58,2025-10-17 01:12:30,UTC+01:00,Took fish oil?,false,
2025-10-16 00:59:58,2025-10-17 01:12:30,UTC+01:00,Took electrolyte supplements?,false,
2025-10-16 00:59:58,2025-10-17 01:12:30,UTC+01:00,Experienced decreased libido?,false,
2025-10-16 00:59:58,2025-10-17 01:12:30,UTC+01:00,Took creatine?,false,
2025-10-16 00:59:58,2025-10-17 01:12:30,UTC+01:00,Avoided processed foods?,false,
2025-10-16 00:59:58,2025-10-17 01:12:30,UTC+01:00,Walked after a meal?,false,
2025-10-16 00:59:58,2025-10-17 01:12:30,UTC+01:00,Consumed carbohydrates?,true,
2025-10-16 00:59:58,2025-10-17 01:12:30,UTC+01:00,Consumed caffeine?,true,
2025-10-16 00:59:58,2025-10-17 01:12:30,UTC+01:00,Practiced breathwork?,false,
2025-10-16 00:59:58,2025-10-17 01:12:30,UTC+01:00,Took a zinc supplement?,false,
2025-10-16 00:59:58,2025-10-17 01:12:30,UTC+01:00,Ate breakfast?,false,
2025-10-09 23:53:56,2025-10-10 23:40:37,UTC+01:00,Have any alcoholic drinks?,false,
2025-10-09 23:53:56,2025-10-10 23:40:37,UTC+01:00,Consumed added sugar?,true,
2025-10-09 23:53:56,2025-10-10 23:40:37,UTC+01:00,Ate food close to bedtime?,true,
2025-10-09 23:53:56,2025-10-10 23:40:37,UTC+01:00,Used a sauna?,false,
2025-10-09 23:53:56,2025-10-10 23:40:37,UTC+01:00,Practiced breathwork?,false,
2025-10-09 23:53:56,2025-10-10 23:40:37,UTC+01:00,Took vitamin D?,false,
2025-10-09 23:53:56,2025-10-10 23:40:37,UTC+01:00,Engaged in sexual activity?,false,
2025-10-09 23:53:56,2025-10-10 23:40:37,UTC+01:00,Ate breakfast?,false,
2025-10-09 23:53:56,2025-10-10 23:40:37,UTC+01:00,Took omega 3 supplement?,false,
2025-10-09 23:53:56,2025-10-10 23:40:37,UTC+01:00,Consumed nuts?,true,
2025-10-09 23:53:56,2025-10-10 23:40:37,UTC+01:00,Took a multivitamin?,false,
2025-10-09 23:53:56,2025-10-10 23:40:37,UTC+01:00,Wore mouth tape while sleeping?,false,
2025-10-09 23:53:56,2025-10-10 23:40:37,UTC+01:00,Consumed meat?,true,
2025-10-09 23:53:56,2025-10-10 23:40:37,UTC+01:00,Experienced bloating?,false,
2025-10-09 23:53:56,2025-10-10 23:40:37,UTC+01:00,Experienced increased libido?,false,
2025-10-09 23:53:56,2025-10-10 23:40:37,UTC+01:00,Hydrated sufficiently?,false,
2025-10-09 23:53:56,2025-10-10 23:40:37,UTC+01:00,Took a hot shower before bed?,false,
2025-10-09 23:53:56,2025-10-10 23:40:37,UTC+01:00,Ate home-cooked food?,true,
2025-10-09 23:53:56,2025-10-10 23:40:37,UTC+01:00,Took fish oil?,false,
2025-10-09 23:53:56,2025-10-10 23:40:37,UTC+01:00,Took electrolyte supplements?,false,
2025-10-09 23:53:56,2025-10-10 23:40:37,UTC+01:00,Experienced decreased libido?,false,
2025-10-09 23:53:56,2025-10-10 23:40:37,UTC+01:00,Took creatine?,false,
2025-10-09 23:53:56,2025-10-10 23:40:37,UTC+01:00,Walked after a meal?,false,
2025-10-09 23:53:56,2025-10-10 23:40:37,UTC+01:00,Avoided processed foods?,false,
2025-10-09 23:53:56,2025-10-10 23:40:37,UTC+01:00,Consumed carbohydrates?,true,
2025-10-09 23:53:56,2025-10-10 23:40:37,UTC+01:00,Consumed caffeine?,true,
2025-10-09 23:53:56,2025-10-10 23:40:37,UTC+01:00,Took a zinc supplement?,false,
2025-10-09 23:53:56,2025-10-10 23:40:37,UTC+01:00,Took a magnesium supplement?,false,
2025-10-09 00:06:53,2025-10-09 23:53:56,UTC+01:00,Have any alcoholic drinks?,false,
2025-10-09 00:06:53,2025-10-09 23:53:56,UTC+01:00,Ate breakfast?,false,
2025-10-09 00:06:53,2025-10-09 23:53:56,UTC+01:00,Consumed added sugar?,true,
2025-10-09 00:06:53,2025-10-09 23:53:56,UTC+01:00,Took omega 3 supplement?,false,
2025-10-09 00:06:53,2025-10-09 23:53:56,UTC+01:00,Consumed nuts?,true,
2025-10-09 00:06:53,2025-10-09 23:53:56,UTC+01:00,Took a multivitamin?,false,
2025-10-09 00:06:53,2025-10-09 23:53:56,UTC+01:00,Took a zinc supplement?,false,
2025-10-09 00:06:53,2025-10-09 23:53:56,UTC+01:00,Took vitamin D?,false,
2025-10-09 00:06:53,2025-10-09 23:53:56,UTC+01:00,Engaged in sexual activity?,false,
2025-10-09 00:06:53,2025-10-09 23:53:56,UTC+01:00,Used a sauna?,false,
2025-10-09 00:06:53,2025-10-09 23:53:56,UTC+01:00,Walked after a meal?,false,
2025-10-09 00:06:53,2025-10-09 23:53:56,UTC+01:00,Experienced bloating?,false,
2025-10-09 00:06:53,2025-10-09 23:53:56,UTC+01:00,Wore mouth tape while sleeping?,false,
2025-10-09 00:06:53,2025-10-09 23:53:56,UTC+01:00,Consumed meat?,true,
2025-10-09 00:06:53,2025-10-09 23:53:56,UTC+01:00,Took a magnesium supplement?,false,
2025-10-09 00:06:53,2025-10-09 23:53:56,UTC+01:00,Ate food close to bedtime?,true,
2025-10-09 00:06:53,2025-10-09 23:53:56,UTC+01:00,Experienced increased libido?,false,
2025-10-09 00:06:53,2025-10-09 23:53:56,UTC+01:00,Hydrated sufficiently?,false,
2025-10-09 00:06:53,2025-10-09 23:53:56,UTC+01:00,Took a hot shower before bed?,false,
2025-10-09 00:06:53,2025-10-09 23:53:56,UTC+01:00,Ate home-cooked food?,true,
2025-10-09 00:06:53,2025-10-09 23:53:56,UTC+01:00,Took fish oil?,false,
2025-10-09 00:06:53,2025-10-09 23:53:56,UTC+01:00,Took electrolyte supplements?,false,
2025-10-09 00:06:53,2025-10-09 23:53:56,UTC+01:00,Experienced decreased libido?,false,
2025-10-09 00:06:53,2025-10-09 23:53:56,UTC+01:00,Took creatine?,false,
2025-10-09 00:06:53,2025-10-09 23:53:56,UTC+01:00,Avoided processed foods?,false,
2025-10-09 00:06:53,2025-10-09 23:53:56,UTC+01:00,Consumed carbohydrates?,true,
2025-10-09 00:06:53,2025-10-09 23:53:56,UTC+01:00,Consumed caffeine?,true,
2025-10-09 00:06:53,2025-10-09 23:53:56,UTC+01:00,Practiced breathwork?,false,
2025-10-07 23:43:33,2025-10-09 00:06:53,UTC+01:00,Took creatine?,false,
2025-10-07 23:43:33,2025-10-09 00:06:53,UTC+01:00,Avoided processed foods?,false,
2025-10-07 23:43:33,2025-10-09 00:06:53,UTC+01:00,Consumed carbohydrates?,true,
2025-10-07 23:43:33,2025-10-09 00:06:53,UTC+01:00,Consumed caffeine?,true,
2025-10-07 23:43:33,2025-10-09 00:06:53,UTC+01:00,Practiced breathwork?,false,
2025-10-07 23:43:33,2025-10-09 00:06:53,UTC+01:00,Ate breakfast?,false,
2025-10-07 23:43:33,2025-10-09 00:06:53,UTC+01:00,Experienced bloating?,false,
2025-10-07 23:43:33,2025-10-09 00:06:53,UTC+01:00,Have any alcoholic drinks?,false,
2025-10-07 23:43:33,2025-10-09 00:06:53,UTC+01:00,Consumed added sugar?,true,
2025-10-07 23:43:33,2025-10-09 00:06:53,UTC+01:00,Experienced decreased libido?,false,
2025-10-07 23:43:33,2025-10-09 00:06:53,UTC+01:00,Took electrolyte supplements?,false,
2025-10-07 23:43:33,2025-10-09 00:06:53,UTC+01:00,Took fish oil?,false,
2025-10-07 23:43:33,2025-10-09 00:06:53,UTC+01:00,Ate home-cooked food?,true,
2025-10-07 23:43:33,2025-10-09 00:06:53,UTC+01:00,Took a hot shower before bed?,false,
2025-10-07 23:43:33,2025-10-09 00:06:53,UTC+01:00,Hydrated sufficiently?,false,
2025-10-07 23:43:33,2025-10-09 00:06:53,UTC+01:00,Experienced increased libido?,false,
2025-10-07 23:43:33,2025-10-09 00:06:53,UTC+01:00,Ate food close to bedtime?,true,
2025-10-07 23:43:33,2025-10-09 00:06:53,UTC+01:00,Took a magnesium supplement?,false,
2025-10-07 23:43:33,2025-10-09 00:06:53,UTC+01:00,Consumed meat?,true,
2025-10-07 23:43:33,2025-10-09 00:06:53,UTC+01:00,Wore mouth tape while sleeping?,false,
2025-10-07 23:43:33,2025-10-09 00:06:53,UTC+01:00,Took a multivitamin?,false,
2025-10-07 23:43:33,2025-10-09 00:06:53,UTC+01:00,Consumed nuts?,true,
2025-10-07 23:43:33,2025-10-09 00:06:53,UTC+01:00,Took omega 3 supplement?,false,
2025-10-07 23:43:33,2025-10-09 00:06:53,UTC+01:00,Walked after a meal?,false,
2025-10-07 23:43:33,2025-10-09 00:06:53,UTC+01:00,Used a sauna?,false,
2025-10-07 23:43:33,2025-10-09 00:06:53,UTC+01:00,Engaged in sexual activity?,true,
2025-10-07 23:43:33,2025-10-09 00:06:53,UTC+01:00,Took vitamin D?,false,
2025-10-07 23:43:33,2025-10-09 00:06:53,UTC+01:00,Took a zinc supplement?,false,
2025-10-06 23:55:22,2025-10-07 23:43:33,UTC+01:00,Consumed added sugar?,true,
2025-10-06 23:55:22,2025-10-07 23:43:33,UTC+01:00,Have any alcoholic drinks?,false,
2025-10-06 23:55:22,2025-10-07 23:43:33,UTC+01:00,Experienced bloating?,false,
2025-10-06 23:55:22,2025-10-07 23:43:33,UTC+01:00,Ate breakfast?,false,
2025-10-06 23:55:22,2025-10-07 23:43:33,UTC+01:00,Practiced breathwork?,false,
2025-10-06 23:55:22,2025-10-07 23:43:33,UTC+01:00,Consumed caffeine?,true,
2025-10-06 23:55:22,2025-10-07 23:43:33,UTC+01:00,Consumed carbohydrates?,true,
2025-10-06 23:55:22,2025-10-07 23:43:33,UTC+01:00,Avoided processed foods?,false,
2025-10-06 23:55:22,2025-10-07 23:43:33,UTC+01:00,Took creatine?,false,
2025-10-06 23:55:22,2025-10-07 23:43:33,UTC+01:00,Experienced decreased libido?,false,
2025-10-06 23:55:22,2025-10-07 23:43:33,UTC+01:00,Took electrolyte supplements?,false,
2025-10-06 23:55:22,2025-10-07 23:43:33,UTC+01:00,Took fish oil?,false,
2025-10-06 23:55:22,2025-10-07 23:43:33,UTC+01:00,Ate home-cooked food?,true,
2025-10-06 23:55:22,2025-10-07 23:43:33,UTC+01:00,Took a hot shower before bed?,false,
2025-10-06 23:55:22,2025-10-07 23:43:33,UTC+01:00,Hydrated sufficiently?,false,
2025-10-06 23:55:22,2025-10-07 23:43:33,UTC+01:00,Experienced increased libido?,false,
2025-10-06 23:55:22,2025-10-07 23:43:33,UTC+01:00,Ate food close to bedtime?,true,
2025-10-06 23:55:22,2025-10-07 23:43:33,UTC+01:00,Took a magnesium supplement?,false,
2025-10-06 23:55:22,2025-10-07 23:43:33,UTC+01:00,Consumed meat?,true,
2025-10-06 23:55:22,2025-10-07 23:43:33,UTC+01:00,Wore mouth tape while sleeping?,false,
2025-10-06 23:55:22,2025-10-07 23:43:33,UTC+01:00,Took a multivitamin?,false,
2025-10-06 23:55:22,2025-10-07 23:43:33,UTC+01:00,Consumed nuts?,true,
2025-10-06 23:55:22,2025-10-07 23:43:33,UTC+01:00,Took omega 3 supplement?,false,
2025-10-06 23:55:22,2025-10-07 23:43:33,UTC+01:00,Walked after a meal?,false,
2025-10-06 23:55:22,2025-10-07 23:43:33,UTC+01:00,Used a sauna?,false,
2025-10-06 23:55:22,2025-10-07 23:43:33,UTC+01:00,Engaged in sexual activity?,true,
2025-10-06 23:55:22,2025-10-07 23:43:33,UTC+01:00,Took vitamin D?,false,
2025-10-06 23:55:22,2025-10-07 23:43:33,UTC+01:00,Took a zinc supplement?,false,
2025-10-05 23:29:50,2025-10-06 23:55:22,UTC+01:00,Consumed added sugar?,true,
2025-10-05 23:29:50,2025-10-06 23:55:22,UTC+01:00,Have any alcoholic drinks?,false,
2025-10-05 23:29:50,2025-10-06 23:55:22,UTC+01:00,Experienced bloating?,false,
2025-10-05 23:29:50,2025-10-06 23:55:22,UTC+01:00,Ate breakfast?,false,
2025-10-05 23:29:50,2025-10-06 23:55:22,UTC+01:00,Practiced breathwork?,false,
2025-10-05 23:29:50,2025-10-06 23:55:22,UTC+01:00,Consumed caffeine?,true,
2025-10-05 23:29:50,2025-10-06 23:55:22,UTC+01:00,Consumed carbohydrates?,true,
2025-10-05 23:29:50,2025-10-06 23:55:22,UTC+01:00,Avoided processed foods?,false,
2025-10-05 23:29:50,2025-10-06 23:55:22,UTC+01:00,Took creatine?,false,
2025-10-05 23:29:50,2025-10-06 23:55:22,UTC+01:00,Experienced decreased libido?,false,
2025-10-05 23:29:50,2025-10-06 23:55:22,UTC+01:00,Took electrolyte supplements?,false,
2025-10-05 23:29:50,2025-10-06 23:55:22,UTC+01:00,Took fish oil?,false,
2025-10-05 23:29:50,2025-10-06 23:55:22,UTC+01:00,Ate home-cooked food?,true,
2025-10-05 23:29:50,2025-10-06 23:55:22,UTC+01:00,Took a hot shower before bed?,false,
2025-10-05 23:29:50,2025-10-06 23:55:22,UTC+01:00,Hydrated sufficiently?,false,
2025-10-05 23:29:50,2025-10-06 23:55:22,UTC+01:00,Experienced increased libido?,false,
2025-10-05 23:29:50,2025-10-06 23:55:22,UTC+01:00,Ate food close to bedtime?,true,
2025-10-05 23:29:50,2025-10-06 23:55:22,UTC+01:00,Took a magnesium supplement?,false,
2025-10-05 23:29:50,2025-10-06 23:55:22,UTC+01:00,Consumed meat?,true,
2025-10-05 23:29:50,2025-10-06 23:55:22,UTC+01:00,Wore mouth tape while sleeping?,false,
2025-10-05 23:29:50,2025-10-06 23:55:22,UTC+01:00,Took a multivitamin?,false,
2025-10-05 23:29:50,2025-10-06 23:55:22,UTC+01:00,Consumed nuts?,true,
2025-10-05 23:29:50,2025-10-06 23:55:22,UTC+01:00,Took omega 3 supplement?,false,
2025-10-05 23:29:50,2025-10-06 23:55:22,UTC+01:00,Walked after a meal?,true,
2025-10-05 23:29:50,2025-10-06 23:55:22,UTC+01:00,Used a sauna?,false,
2025-10-05 23:29:50,2025-10-06 23:55:22,UTC+01:00,Engaged in sexual activity?,false,
2025-10-05 23:29:50,2025-10-06 23:55:22,UTC+01:00,Took vitamin D?,false,
2025-10-05 23:29:50,2025-10-06 23:55:22,UTC+01:00,Took a zinc supplement?,false,
2025-10-05 00:39:18,2025-10-05 23:29:50,UTC+01:00,Consumed added sugar?,true,
2025-10-05 00:39:18,2025-10-05 23:29:50,UTC+01:00,Have any alcoholic drinks?,false,
2025-10-05 00:39:18,2025-10-05 23:29:50,UTC+01:00,Experienced bloating?,false,
2025-10-05 00:39:18,2025-10-05 23:29:50,UTC+01:00,Ate breakfast?,false,
2025-10-05 00:39:18,2025-10-05 23:29:50,UTC+01:00,Practiced breathwork?,false,
2025-10-05 00:39:18,2025-10-05 23:29:50,UTC+01:00,Consumed caffeine?,true,
2025-10-05 00:39:18,2025-10-05 23:29:50,UTC+01:00,Consumed carbohydrates?,true,
2025-10-05 00:39:18,2025-10-05 23:29:50,UTC+01:00,Avoided processed foods?,true,
2025-10-05 00:39:18,2025-10-05 23:29:50,UTC+01:00,Took creatine?,false,
2025-10-05 00:39:18,2025-10-05 23:29:50,UTC+01:00,Experienced decreased libido?,false,
2025-10-05 00:39:18,2025-10-05 23:29:50,UTC+01:00,Took electrolyte supplements?,false,
2025-10-05 00:39:18,2025-10-05 23:29:50,UTC+01:00,Took fish oil?,false,
2025-10-05 00:39:18,2025-10-05 23:29:50,UTC+01:00,Ate home-cooked food?,true,
2025-10-05 00:39:18,2025-10-05 23:29:50,UTC+01:00,Took a hot shower before bed?,false,
2025-10-05 00:39:18,2025-10-05 23:29:50,UTC+01:00,Hydrated sufficiently?,false,
2025-10-05 00:39:18,2025-10-05 23:29:50,UTC+01:00,Experienced increased libido?,false,
2025-10-05 00:39:18,2025-10-05 23:29:50,UTC+01:00,Ate food close to bedtime?,true,
2025-10-05 00:39:18,2025-10-05 23:29:50,UTC+01:00,Took a magnesium supplement?,false,
2025-10-05 00:39:18,2025-10-05 23:29:50,UTC+01:00,Consumed meat?,true,
2025-10-05 00:39:18,2025-10-05 23:29:50,UTC+01:00,Wore mouth tape while sleeping?,false,
2025-10-05 00:39:18,2025-10-05 23:29:50,UTC+01:00,Took a multivitamin?,false,
2025-10-05 00:39:18,2025-10-05 23:29:50,UTC+01:00,Consumed nuts?,true,
2025-10-05 00:39:18,2025-10-05 23:29:50,UTC+01:00,Took omega 3 supplement?,false,
2025-10-05 00:39:18,2025-10-05 23:29:50,UTC+01:00,Walked after a meal?,true,
2025-10-05 00:39:18,2025-10-05 23:29:50,UTC+01:00,Used a sauna?,false,
2025-10-05 00:39:18,2025-10-05 23:29:50,UTC+01:00,Engaged in sexual activity?,false,
2025-10-05 00:39:18,2025-10-05 23:29:50,UTC+01:00,Took vitamin D?,false,
2025-10-05 00:39:18,2025-10-05 23:29:50,UTC+01:00,Took a zinc supplement?,false,
2025-10-04 00:14:15,2025-10-05 00:39:18,UTC+01:00,Consumed added sugar?,true,
2025-10-04 00:14:15,2025-10-05 00:39:18,UTC+01:00,Have any alcoholic drinks?,false,
2025-10-04 00:14:15,2025-10-05 00:39:18,UTC+01:00,Experienced bloating?,false,
2025-10-04 00:14:15,2025-10-05 00:39:18,UTC+01:00,Ate breakfast?,false,
2025-10-04 00:14:15,2025-10-05 00:39:18,UTC+01:00,Practiced breathwork?,false,
2025-10-04 00:14:15,2025-10-05 00:39:18,UTC+01:00,Consumed caffeine?,true,
2025-10-04 00:14:15,2025-10-05 00:39:18,UTC+01:00,Consumed carbohydrates?,true,
2025-10-04 00:14:15,2025-10-05 00:39:18,UTC+01:00,Avoided processed foods?,false,
2025-10-04 00:14:15,2025-10-05 00:39:18,UTC+01:00,Took creatine?,false,
2025-10-04 00:14:15,2025-10-05 00:39:18,UTC+01:00,Experienced decreased libido?,false,
2025-10-04 00:14:15,2025-10-05 00:39:18,UTC+01:00,Took electrolyte supplements?,false,
2025-10-04 00:14:15,2025-10-05 00:39:18,UTC+01:00,Took fish oil?,false,
2025-10-04 00:14:15,2025-10-05 00:39:18,UTC+01:00,Ate home-cooked food?,true,
2025-10-04 00:14:15,2025-10-05 00:39:18,UTC+01:00,Took a hot shower before bed?,false,
2025-10-04 00:14:15,2025-10-05 00:39:18,UTC+01:00,Hydrated sufficiently?,false,
2025-10-04 00:14:15,2025-10-05 00:39:18,UTC+01:00,Experienced increased libido?,false,
2025-10-04 00:14:15,2025-10-05 00:39:18,UTC+01:00,Ate food close to bedtime?,true,
2025-10-04 00:14:15,2025-10-05 00:39:18,UTC+01:00,Took a magnesium supplement?,false,
2025-10-04 00:14:15,2025-10-05 00:39:18,UTC+01:00,Consumed meat?,true,
2025-10-04 00:14:15,2025-10-05 00:39:18,UTC+01:00,Wore mouth tape while sleeping?,false,
2025-10-04 00:14:15,2025-10-05 00:39:18,UTC+01:00,Took a multivitamin?,false,
2025-10-04 00:14:15,2025-10-05 00:39:18,UTC+01:00,Consumed nuts?,true,
2025-10-04 00:14:15,2025-10-05 00:39:18,UTC+01:00,Took omega 3 supplement?,false,
2025-10-04 00:14:15,2025-10-05 00:39:18,UTC+01:00,Walked after a meal?,true,
2025-10-04 00:14:15,2025-10-05 00:39:18,UTC+01:00,Used a sauna?,false,
2025-10-04 00:14:15,2025-10-05 00:39:18,UTC+01:00,Engaged in sexual activity?,false,
2025-10-04 00:14:15,2025-10-05 00:39:18,UTC+01:00,Took vitamin D?,false,
2025-10-04 00:14:15,2025-10-05 00:39:18,UTC+01:00,Took a zinc supplement?,false,
2025-10-02 23:36:37,2025-10-04 00:14:15,UTC+01:00,Have any alcoholic drinks?,false,
2025-10-02 23:36:37,2025-10-04 00:14:15,UTC+01:00,Consumed caffeine?,true,
2025-10-02 23:36:37,2025-10-04 00:14:15,UTC+01:00,Engaged in sexual activity?,false,
2025-10-02 23:36:37,2025-10-04 00:14:15,UTC+01:00,Ate food close to bedtime?,true,
2025-10-02 23:36:37,2025-10-04 00:14:15,UTC+01:00,Consumed meat?,true,
2025-10-02 23:36:37,2025-10-04 00:14:15,UTC+01:00,Took a magnesium supplement?,false,
2025-10-02 23:36:37,2025-10-04 00:14:15,UTC+01:00,Used a sauna?,false,
2025-10-02 23:36:37,2025-10-04 00:14:15,UTC+01:00,Hydrated sufficiently?,false,
2025-10-02 23:36:37,2025-10-04 00:14:15,UTC+01:00,Practiced breathwork?,false,
2025-10-02 23:36:37,2025-10-04 00:14:15,UTC+01:00,Experienced bloating?,false,
2025-10-02 23:36:37,2025-10-04 00:14:15,UTC+01:00,Consumed carbohydrates?,true,
2025-10-02 23:36:37,2025-10-04 00:14:15,UTC+01:00,Avoided processed foods?,false,
2025-10-02 23:36:37,2025-10-04 00:14:15,UTC+01:00,Consumed added sugar?,true,
2025-10-02 23:36:37,2025-10-04 00:14:15,UTC+01:00,Took creatine?,false,
2025-10-02 23:36:37,2025-10-04 00:14:15,UTC+01:00,Took fish oil?,false,
2025-10-02 23:36:37,2025-10-04 00:14:15,UTC+01:00,Took a multivitamin?,false,
2025-10-02 23:36:37,2025-10-04 00:14:15,UTC+01:00,Took vitamin D?,false,
2025-10-02 23:36:37,2025-10-04 00:14:15,UTC+01:00,Took a zinc supplement?,false,
2025-10-02 23:36:37,2025-10-04 00:14:15,UTC+01:00,Wore mouth tape while sleeping?,false,
2025-10-02 23:36:37,2025-10-04 00:14:15,UTC+01:00,Took a hot shower before bed?,false,
2025-10-02 23:36:37,2025-10-04 00:14:15,UTC+01:00,Took electrolyte supplements?,false,
2025-10-02 23:36:37,2025-10-04 00:14:15,UTC+01:00,Experienced increased libido?,false,
2025-10-02 23:36:37,2025-10-04 00:14:15,UTC+01:00,Experienced decreased libido?,false,
2025-10-02 23:36:37,2025-10-04 00:14:15,UTC+01:00,Ate breakfast?,false,
2025-10-02 23:36:37,2025-10-04 00:14:15,UTC+01:00,Ate home-cooked food?,true,
2025-10-02 23:36:37,2025-10-04 00:14:15,UTC+01:00,Walked after a meal?,true,
2025-10-02 23:36:37,2025-10-04 00:14:15,UTC+01:00,Consumed nuts?,true,
2025-10-02 23:36:37,2025-10-04 00:14:15,UTC+01:00,Took omega 3 supplement?,false,
2025-10-01 23:55:05,2025-10-02 23:36:37,UTC+01:00,Consumed added sugar?,true,
2025-10-01 23:55:05,2025-10-02 23:36:37,UTC+01:00,Have any alcoholic drinks?,false,
2025-10-01 23:55:05,2025-10-02 23:36:37,UTC+01:00,Experienced bloating?,false,
2025-10-01 23:55:05,2025-10-02 23:36:37,UTC+01:00,Ate breakfast?,false,
2025-10-01 23:55:05,2025-10-02 23:36:37,UTC+01:00,Practiced breathwork?,false,
2025-10-01 23:55:05,2025-10-02 23:36:37,UTC+01:00,Consumed caffeine?,true,
2025-10-01 23:55:05,2025-10-02 23:36:37,UTC+01:00,Consumed carbohydrates?,true,
2025-10-01 23:55:05,2025-10-02 23:36:37,UTC+01:00,Avoided processed foods?,false,
2025-10-01 23:55:05,2025-10-02 23:36:37,UTC+01:00,Took creatine?,false,
2025-10-01 23:55:05,2025-10-02 23:36:37,UTC+01:00,Experienced decreased libido?,false,
2025-10-01 23:55:05,2025-10-02 23:36:37,UTC+01:00,Took electrolyte supplements?,false,
2025-10-01 23:55:05,2025-10-02 23:36:37,UTC+01:00,Took fish oil?,false,
2025-10-01 23:55:05,2025-10-02 23:36:37,UTC+01:00,Ate home-cooked food?,true,
2025-10-01 23:55:05,2025-10-02 23:36:37,UTC+01:00,Took a hot shower before bed?,false,
2025-10-01 23:55:05,2025-10-02 23:36:37,UTC+01:00,Hydrated sufficiently?,true,
2025-10-01 23:55:05,2025-10-02 23:36:37,UTC+01:00,Experienced increased libido?,false,
2025-10-01 23:55:05,2025-10-02 23:36:37,UTC+01:00,Ate food close to bedtime?,true,
2025-10-01 23:55:05,2025-10-02 23:36:37,UTC+01:00,Took a magnesium supplement?,false,
2025-10-01 23:55:05,2025-10-02 23:36:37,UTC+01:00,Consumed meat?,true,
2025-10-01 23:55:05,2025-10-02 23:36:37,UTC+01:00,Wore mouth tape while sleeping?,false,
2025-10-01 23:55:05,2025-10-02 23:36:37,UTC+01:00,Took a multivitamin?,false,
2025-10-01 23:55:05,2025-10-02 23:36:37,UTC+01:00,Consumed nuts?,false,
2025-10-01 23:55:05,2025-10-02 23:36:37,UTC+01:00,Took omega 3 supplement?,false,
2025-10-01 23:55:05,2025-10-02 23:36:37,UTC+01:00,Walked after a meal?,true,
2025-10-01 23:55:05,2025-10-02 23:36:37,UTC+01:00,Used a sauna?,false,
2025-10-01 23:55:05,2025-10-02 23:36:37,UTC+01:00,Engaged in sexual activity?,false,
2025-10-01 23:55:05,2025-10-02 23:36:37,UTC+01:00,Took vitamin D?,false,
2025-10-01 23:55:05,2025-10-02 23:36:37,UTC+01:00,Took a zinc supplement?,false,
2025-09-30 23:15:47,2025-10-01 23:55:05,UTC+01:00,Consumed added sugar?,true,
2025-09-30 23:15:47,2025-10-01 23:55:05,UTC+01:00,Have any alcoholic drinks?,false,
2025-09-30 23:15:47,2025-10-01 23:55:05,UTC+01:00,Experienced bloating?,false,
2025-09-30 23:15:47,2025-10-01 23:55:05,UTC+01:00,Ate breakfast?,false,
2025-09-30 23:15:47,2025-10-01 23:55:05,UTC+01:00,Practiced breathwork?,false,
2025-09-30 23:15:47,2025-10-01 23:55:05,UTC+01:00,Consumed caffeine?,true,
2025-09-30 23:15:47,2025-10-01 23:55:05,UTC+01:00,Consumed carbohydrates?,true,
2025-09-30 23:15:47,2025-10-01 23:55:05,UTC+01:00,Avoided processed foods?,false,
2025-09-30 23:15:47,2025-10-01 23:55:05,UTC+01:00,Took creatine?,false,
2025-09-30 23:15:47,2025-10-01 23:55:05,UTC+01:00,Experienced decreased libido?,false,
2025-09-30 23:15:47,2025-10-01 23:55:05,UTC+01:00,Took electrolyte supplements?,false,
2025-09-30 23:15:47,2025-10-01 23:55:05,UTC+01:00,Took fish oil?,false,
2025-09-30 23:15:47,2025-10-01 23:55:05,UTC+01:00,Ate home-cooked food?,true,
2025-09-30 23:15:47,2025-10-01 23:55:05,UTC+01:00,Took a hot shower before bed?,false,
2025-09-30 23:15:47,2025-10-01 23:55:05,UTC+01:00,Hydrated sufficiently?,true,
2025-09-30 23:15:47,2025-10-01 23:55:05,UTC+01:00,Experienced increased libido?,false,
2025-09-30 23:15:47,2025-10-01 23:55:05,UTC+01:00,Ate food close to bedtime?,true,
2025-09-30 23:15:47,2025-10-01 23:55:05,UTC+01:00,Took a magnesium supplement?,false,
2025-09-30 23:15:47,2025-10-01 23:55:05,UTC+01:00,Consumed meat?,true,
2025-09-30 23:15:47,2025-10-01 23:55:05,UTC+01:00,Wore mouth tape while sleeping?,false,
2025-09-30 23:15:47,2025-10-01 23:55:05,UTC+01:00,Took a multivitamin?,false,
2025-09-30 23:15:47,2025-10-01 23:55:05,UTC+01:00,Consumed nuts?,false,
2025-09-30 23:15:47,2025-10-01 23:55:05,UTC+01:00,Took omega 3 supplement?,false,
2025-09-30 23:15:47,2025-10-01 23:55:05,UTC+01:00,Walked after a meal?,true,
2025-09-30 23:15:47,2025-10-01 23:55:05,UTC+01:00,Used a sauna?,false,
2025-09-30 23:15:47,2025-10-01 23:55:05,UTC+01:00,Engaged in sexual activity?,false,
2025-09-30 23:15:47,2025-10-01 23:55:05,UTC+01:00,Took vitamin D?,false,
2025-09-30 23:15:47,2025-10-01 23:55:05,UTC+01:00,Took a zinc supplement?,false,
2025-09-29 23:00:58,2025-09-30 23:15:47,UTC+01:00,Consumed added sugar?,true,
2025-09-29 23:00:58,2025-09-30 23:15:47,UTC+01:00,Have any alcoholic drinks?,false,
2025-09-29 23:00:58,2025-09-30 23:15:47,UTC+01:00,Experienced bloating?,false,
2025-09-29 23:00:58,2025-09-30 23:15:47,UTC+01:00,Ate breakfast?,false,
2025-09-29 23:00:58,2025-09-30 23:15:47,UTC+01:00,Practiced breathwork?,false,
2025-09-29 23:00:58,2025-09-30 23:15:47,UTC+01:00,Consumed caffeine?,true,
2025-09-29 23:00:58,2025-09-30 23:15:47,UTC+01:00,Consumed carbohydrates?,true,
2025-09-29 23:00:58,2025-09-30 23:15:47,UTC+01:00,Avoided processed foods?,false,
2025-09-29 23:00:58,2025-09-30 23:15:47,UTC+01:00,Took creatine?,false,
2025-09-29 23:00:58,2025-09-30 23:15:47,UTC+01:00,Experienced decreased libido?,false,
2025-09-29 23:00:58,2025-09-30 23:15:47,UTC+01:00,Took electrolyte supplements?,false,
2025-09-29 23:00:58,2025-09-30 23:15:47,UTC+01:00,Took fish oil?,false,
2025-09-29 23:00:58,2025-09-30 23:15:47,UTC+01:00,Ate home-cooked food?,false,
2025-09-29 23:00:58,2025-09-30 23:15:47,UTC+01:00,Took a hot shower before bed?,false,
2025-09-29 23:00:58,2025-09-30 23:15:47,UTC+01:00,Hydrated sufficiently?,true,
2025-09-29 23:00:58,2025-09-30 23:15:47,UTC+01:00,Experienced increased libido?,true,
2025-09-29 23:00:58,2025-09-30 23:15:47,UTC+01:00,Ate food close to bedtime?,true,
2025-09-29 23:00:58,2025-09-30 23:15:47,UTC+01:00,Took a magnesium supplement?,false,
2025-09-29 23:00:58,2025-09-30 23:15:47,UTC+01:00,Consumed meat?,true,
2025-09-29 23:00:58,2025-09-30 23:15:47,UTC+01:00,Wore mouth tape while sleeping?,false,
2025-09-29 23:00:58,2025-09-30 23:15:47,UTC+01:00,Took a multivitamin?,false,
2025-09-29 23:00:58,2025-09-30 23:15:47,UTC+01:00,Consumed nuts?,false,
2025-09-29 23:00:58,2025-09-30 23:15:47,UTC+01:00,Took omega 3 supplement?,false,
2025-09-29 23:00:58,2025-09-30 23:15:47,UTC+01:00,Walked after a meal?,true,
2025-09-29 23:00:58,2025-09-30 23:15:47,UTC+01:00,Used a sauna?,false,
2025-09-29 23:00:58,2025-09-30 23:15:47,UTC+01:00,Engaged in sexual activity?,true,
2025-09-29 23:00:58,2025-09-30 23:15:47,UTC+01:00,Took vitamin D?,false,
2025-09-29 23:00:58,2025-09-30 23:15:47,UTC+01:00,Took a zinc supplement?,false,
2025-09-27 23:31:02,2025-09-28 23:05:05,UTC+01:00,Consumed added sugar?,true,
2025-09-27 23:31:02,2025-09-28 23:05:05,UTC+01:00,Have any alcoholic drinks?,false,
2025-09-27 23:31:02,2025-09-28 23:05:05,UTC+01:00,Experienced bloating?,false,
2025-09-27 23:31:02,2025-09-28 23:05:05,UTC+01:00,Ate breakfast?,false,
2025-09-27 23:31:02,2025-09-28 23:05:05,UTC+01:00,Practiced breathwork?,false,
2025-09-27 23:31:02,2025-09-28 23:05:05,UTC+01:00,Consumed caffeine?,true,
2025-09-27 23:31:02,2025-09-28 23:05:05,UTC+01:00,Consumed carbohydrates?,true,
2025-09-27 23:31:02,2025-09-28 23:05:05,UTC+01:00,Avoided processed foods?,false,
2025-09-27 23:31:02,2025-09-28 23:05:05,UTC+01:00,Took creatine?,false,
2025-09-27 23:31:02,2025-09-28 23:05:05,UTC+01:00,Experienced decreased libido?,false,
2025-09-27 23:31:02,2025-09-28 23:05:05,UTC+01:00,Took electrolyte supplements?,false,
2025-09-27 23:31:02,2025-09-28 23:05:05,UTC+01:00,Took fish oil?,false,
2025-09-27 23:31:02,2025-09-28 23:05:05,UTC+01:00,Ate home-cooked food?,false,
2025-09-27 23:31:02,2025-09-28 23:05:05,UTC+01:00,Took a hot shower before bed?,false,
2025-09-27 23:31:02,2025-09-28 23:05:05,UTC+01:00,Hydrated sufficiently?,true,
2025-09-27 23:31:02,2025-09-28 23:05:05,UTC+01:00,Experienced increased libido?,true,
2025-09-27 23:31:02,2025-09-28 23:05:05,UTC+01:00,Ate food close to bedtime?,true,
2025-09-27 23:31:02,2025-09-28 23:05:05,UTC+01:00,Took a magnesium supplement?,false,
2025-09-27 23:31:02,2025-09-28 23:05:05,UTC+01:00,Consumed meat?,true,
2025-09-27 23:31:02,2025-09-28 23:05:05,UTC+01:00,Wore mouth tape while sleeping?,false,
2025-09-27 23:31:02,2025-09-28 23:05:05,UTC+01:00,Took a multivitamin?,false,
2025-09-27 23:31:02,2025-09-28 23:05:05,UTC+01:00,Consumed nuts?,false,
2025-09-27 23:31:02,2025-09-28 23:05:05,UTC+01:00,Took omega 3 supplement?,false,
2025-09-27 23:31:02,2025-09-28 23:05:05,UTC+01:00,Walked after a meal?,true,
2025-09-27 23:31:02,2025-09-28 23:05:05,UTC+01:00,Used a sauna?,false,
2025-09-27 23:31:02,2025-09-28 23:05:05,UTC+01:00,Engaged in sexual activity?,false,
2025-09-27 23:31:02,2025-09-28 23:05:05,UTC+01:00,Took vitamin D?,false,
2025-09-27 23:31:02,2025-09-28 23:05:05,UTC+01:00,Took a zinc supplement?,false,
2025-09-26 23:34:00,2025-09-27 23:31:02,UTC+01:00,Consumed added sugar?,true,
2025-09-26 23:34:00,2025-09-27 23:31:02,UTC+01:00,Have any alcoholic drinks?,false,
2025-09-26 23:34:00,2025-09-27 23:31:02,UTC+01:00,Experienced bloating?,false,
2025-09-26 23:34:00,2025-09-27 23:31:02,UTC+01:00,Ate breakfast?,false,
2025-09-26 23:34:00,2025-09-27 23:31:02,UTC+01:00,Practiced breathwork?,false,
2025-09-26 23:34:00,2025-09-27 23:31:02,UTC+01:00,Consumed caffeine?,true,
2025-09-26 23:34:00,2025-09-27 23:31:02,UTC+01:00,Consumed carbohydrates?,true,
2025-09-26 23:34:00,2025-09-27 23:31:02,UTC+01:00,Avoided processed foods?,false,
2025-09-26 23:34:00,2025-09-27 23:31:02,UTC+01:00,Took creatine?,false,
2025-09-26 23:34:00,2025-09-27 23:31:02,UTC+01:00,Experienced decreased libido?,false,
2025-09-26 23:34:00,2025-09-27 23:31:02,UTC+01:00,Took electrolyte supplements?,false,
2025-09-26 23:34:00,2025-09-27 23:31:02,UTC+01:00,Took fish oil?,false,
2025-09-26 23:34:00,2025-09-27 23:31:02,UTC+01:00,Ate home-cooked food?,false,
2025-09-26 23:34:00,2025-09-27 23:31:02,UTC+01:00,Took a hot shower before bed?,false,
2025-09-26 23:34:00,2025-09-27 23:31:02,UTC+01:00,Hydrated sufficiently?,true,
2025-09-26 23:34:00,2025-09-27 23:31:02,UTC+01:00,Experienced increased libido?,true,
2025-09-26 23:34:00,2025-09-27 23:31:02,UTC+01:00,Ate food close to bedtime?,true,
2025-09-26 23:34:00,2025-09-27 23:31:02,UTC+01:00,Took a magnesium supplement?,false,
2025-09-26 23:34:00,2025-09-27 23:31:02,UTC+01:00,Consumed meat?,true,
2025-09-26 23:34:00,2025-09-27 23:31:02,UTC+01:00,Wore mouth tape while sleeping?,false,
2025-09-26 23:34:00,2025-09-27 23:31:02,UTC+01:00,Took a multivitamin?,false,
2025-09-26 23:34:00,2025-09-27 23:31:02,UTC+01:00,Consumed nuts?,false,
2025-09-26 23:34:00,2025-09-27 23:31:02,UTC+01:00,Took omega 3 supplement?,false,
2025-09-26 23:34:00,2025-09-27 23:31:02,UTC+01:00,Walked after a meal?,true,
2025-09-26 23:34:00,2025-09-27 23:31:02,UTC+01:00,Used a sauna?,false,
2025-09-26 23:34:00,2025-09-27 23:31:02,UTC+01:00,Engaged in sexual activity?,false,
2025-09-26 23:34:00,2025-09-27 23:31:02,UTC+01:00,Took vitamin D?,false,
2025-09-26 23:34:00,2025-09-27 23:31:02,UTC+01:00,Took a zinc supplement?,false,
2025-09-25 23:38:33,2025-09-26 23:34:00,UTC+01:00,Consumed added sugar?,true,
2025-09-25 23:38:33,2025-09-26 23:34:00,UTC+01:00,Have any alcoholic drinks?,false,
2025-09-25 23:38:33,2025-09-26 23:34:00,UTC+01:00,Experienced bloating?,false,
2025-09-25 23:38:33,2025-09-26 23:34:00,UTC+01:00,Ate breakfast?,false,
2025-09-25 23:38:33,2025-09-26 23:34:00,UTC+01:00,Practiced breathwork?,false,
2025-09-25 23:38:33,2025-09-26 23:34:00,UTC+01:00,Consumed caffeine?,true,
2025-09-25 23:38:33,2025-09-26 23:34:00,UTC+01:00,Consumed carbohydrates?,true,
2025-09-25 23:38:33,2025-09-26 23:34:00,UTC+01:00,Avoided processed foods?,false,
2025-09-25 23:38:33,2025-09-26 23:34:00,UTC+01:00,Took creatine?,false,
2025-09-25 23:38:33,2025-09-26 23:34:00,UTC+01:00,Experienced decreased libido?,false,
2025-09-25 23:38:33,2025-09-26 23:34:00,UTC+01:00,Took electrolyte supplements?,false,
2025-09-25 23:38:33,2025-09-26 23:34:00,UTC+01:00,Took fish oil?,false,
2025-09-25 23:38:33,2025-09-26 23:34:00,UTC+01:00,Ate home-cooked food?,false,
2025-09-25 23:38:33,2025-09-26 23:34:00,UTC+01:00,Took a hot shower before bed?,false,
2025-09-25 23:38:33,2025-09-26 23:34:00,UTC+01:00,Hydrated sufficiently?,true,
2025-09-25 23:38:33,2025-09-26 23:34:00,UTC+01:00,Experienced increased libido?,true,
2025-09-25 23:38:33,2025-09-26 23:34:00,UTC+01:00,Ate food close to bedtime?,true,
2025-09-25 23:38:33,2025-09-26 23:34:00,UTC+01:00,Took a magnesium supplement?,false,
2025-09-25 23:38:33,2025-09-26 23:34:00,UTC+01:00,Consumed meat?,true,
2025-09-25 23:38:33,2025-09-26 23:34:00,UTC+01:00,Wore mouth tape while sleeping?,false,
2025-09-25 23:38:33,2025-09-26 23:34:00,UTC+01:00,Took a multivitamin?,false,
2025-09-25 23:38:33,2025-09-26 23:34:00,UTC+01:00,Consumed nuts?,false,
2025-09-25 23:38:33,2025-09-26 23:34:00,UTC+01:00,Took omega 3 supplement?,false,
2025-09-25 23:38:33,2025-09-26 23:34:00,UTC+01:00,Walked after a meal?,true,
2025-09-25 23:38:33,2025-09-26 23:34:00,UTC+01:00,Used a sauna?,false,
2025-09-25 23:38:33,2025-09-26 23:34:00,UTC+01:00,Engaged in sexual activity?,false,
2025-09-25 23:38:33,2025-09-26 23:34:00,UTC+01:00,Took vitamin D?,false,
2025-09-25 23:38:33,2025-09-26 23:34:00,UTC+01:00,Took a zinc supplement?,false,
2025-09-25 00:48:59,2025-09-25 23:38:33,UTC+01:00,Consumed added sugar?,true,
2025-09-25 00:48:59,2025-09-25 23:38:33,UTC+01:00,Have any alcoholic drinks?,false,
2025-09-25 00:48:59,2025-09-25 23:38:33,UTC+01:00,Experienced bloating?,false,
2025-09-25 00:48:59,2025-09-25 23:38:33,UTC+01:00,Ate breakfast?,false,
2025-09-25 00:48:59,2025-09-25 23:38:33,UTC+01:00,Practiced breathwork?,false,
2025-09-25 00:48:59,2025-09-25 23:38:33,UTC+01:00,Consumed caffeine?,true,
2025-09-25 00:48:59,2025-09-25 23:38:33,UTC+01:00,Consumed carbohydrates?,true,
2025-09-25 00:48:59,2025-09-25 23:38:33,UTC+01:00,Avoided processed foods?,false,
2025-09-25 00:48:59,2025-09-25 23:38:33,UTC+01:00,Took creatine?,false,
2025-09-25 00:48:59,2025-09-25 23:38:33,UTC+01:00,Experienced decreased libido?,false,
2025-09-25 00:48:59,2025-09-25 23:38:33,UTC+01:00,Took electrolyte supplements?,false,
2025-09-25 00:48:59,2025-09-25 23:38:33,UTC+01:00,Took fish oil?,false,
2025-09-25 00:48:59,2025-09-25 23:38:33,UTC+01:00,Ate home-cooked food?,true,
2025-09-25 00:48:59,2025-09-25 23:38:33,UTC+01:00,Took a hot shower before bed?,true,
2025-09-25 00:48:59,2025-09-25 23:38:33,UTC+01:00,Hydrated sufficiently?,true,
2025-09-25 00:48:59,2025-09-25 23:38:33,UTC+01:00,Experienced increased libido?,true,
2025-09-25 00:48:59,2025-09-25 23:38:33,UTC+01:00,Ate food close to bedtime?,true,
2025-09-25 00:48:59,2025-09-25 23:38:33,UTC+01:00,Took a magnesium supplement?,false,
2025-09-25 00:48:59,2025-09-25 23:38:33,UTC+01:00,Consumed meat?,true,
2025-09-25 00:48:59,2025-09-25 23:38:33,UTC+01:00,Wore mouth tape while sleeping?,false,
2025-09-25 00:48:59,2025-09-25 23:38:33,UTC+01:00,Took a multivitamin?,false,
2025-09-25 00:48:59,2025-09-25 23:38:33,UTC+01:00,Consumed nuts?,false,
2025-09-25 00:48:59,2025-09-25 23:38:33,UTC+01:00,Took omega 3 supplement?,false,
2025-09-25 00:48:59,2025-09-25 23:38:33,UTC+01:00,Walked after a meal?,true,
2025-09-25 00:48:59,2025-09-25 23:38:33,UTC+01:00,Used a sauna?,false,
2025-09-25 00:48:59,2025-09-25 23:38:33,UTC+01:00,Engaged in sexual activity?,true,
2025-09-25 00:48:59,2025-09-25 23:38:33,UTC+01:00,Took vitamin D?,false,
2025-09-25 00:48:59,2025-09-25 23:38:33,UTC+01:00,Took a zinc supplement?,false,
2025-09-17 23:17:50,2025-09-18 23:54:49,UTC+01:00,Have any alcoholic drinks?,false,
2025-09-17 23:17:50,2025-09-18 23:54:49,UTC+01:00,Consumed caffeine?,true,
2025-09-17 23:17:50,2025-09-18 23:54:49,UTC+01:00,Engaged in sexual activity?,true,
2025-09-17 23:17:50,2025-09-18 23:54:49,UTC+01:00,Ate food close to bedtime?,true,
2025-09-17 23:17:50,2025-09-18 23:54:49,UTC+01:00,Took electrolyte supplements?,false,
2025-09-17 23:17:50,2025-09-18 23:54:49,UTC+01:00,Ate breakfast?,false,
2025-09-17 23:17:50,2025-09-18 23:54:49,UTC+01:00,Consumed meat?,true,
2025-09-17 23:17:50,2025-09-18 23:54:49,UTC+01:00,Experienced bloating?,false,
2025-09-17 23:17:50,2025-09-18 23:54:49,UTC+01:00,Ate home-cooked food?,true,
2025-09-17 23:17:50,2025-09-18 23:54:49,UTC+01:00,Consumed carbohydrates?,true,
2025-09-17 23:17:50,2025-09-18 23:54:49,UTC+01:00,Avoided processed foods?,false,
2025-09-17 23:17:50,2025-09-18 23:54:49,UTC+01:00,Consumed added sugar?,true,
2025-09-17 23:17:50,2025-09-18 23:54:49,UTC+01:00,Took a zinc supplement?,false,
2025-09-17 23:17:50,2025-09-18 23:54:49,UTC+01:00,Experienced increased libido?,true,
2025-09-17 23:17:50,2025-09-18 23:54:49,UTC+01:00,Took a magnesium supplement?,false,
2025-09-17 23:17:50,2025-09-18 23:54:49,UTC+01:00,Wore mouth tape while sleeping?,false,
2025-09-17 23:17:50,2025-09-18 23:54:49,UTC+01:00,Experienced decreased libido?,false,
2025-09-17 23:17:50,2025-09-18 23:54:49,UTC+01:00,Took creatine?,false,
2025-09-17 23:17:50,2025-09-18 23:54:49,UTC+01:00,Took fish oil?,false,
2025-09-17 23:17:50,2025-09-18 23:54:49,UTC+01:00,Took a multivitamin?,false,
2025-09-17 23:17:50,2025-09-18 23:54:49,UTC+01:00,Walked after a meal?,true,
2025-09-17 23:17:50,2025-09-18 23:54:49,UTC+01:00,Consumed nuts?,false,
2025-09-17 23:17:50,2025-09-18 23:54:49,UTC+01:00,Took vitamin D?,false,
2025-09-17 23:17:50,2025-09-18 23:54:49,UTC+01:00,Took omega 3 supplement?,false,
2025-09-17 23:17:50,2025-09-18 23:54:49,UTC+01:00,Took a hot shower before bed?,true,
2025-09-17 23:17:50,2025-09-18 23:54:49,UTC+01:00,Used a sauna?,false,
2025-09-17 23:17:50,2025-09-18 23:54:49,UTC+01:00,Hydrated sufficiently?,true,
2025-09-17 23:17:50,2025-09-18 23:54:49,UTC+01:00,Practiced breathwork?,false,
2025-09-07 23:59:48,2025-09-08 23:44:45,UTC+01:00,Consumed added sugar?,true,
2025-09-07 23:59:48,2025-09-08 23:44:45,UTC+01:00,Have any alcoholic drinks?,false,
2025-09-07 23:59:48,2025-09-08 23:44:45,UTC+01:00,Experienced bloating?,false,
2025-09-07 23:59:48,2025-09-08 23:44:45,UTC+01:00,Ate breakfast?,false,
2025-09-07 23:59:48,2025-09-08 23:44:45,UTC+01:00,Practiced breathwork?,false,
2025-09-07 23:59:48,2025-09-08 23:44:45,UTC+01:00,Consumed caffeine?,true,
2025-09-07 23:59:48,2025-09-08 23:44:45,UTC+01:00,Consumed carbohydrates?,true,
2025-09-07 23:59:48,2025-09-08 23:44:45,UTC+01:00,Avoided processed foods?,false,
2025-09-07 23:59:48,2025-09-08 23:44:45,UTC+01:00,Took creatine?,false,
2025-09-07 23:59:48,2025-09-08 23:44:45,UTC+01:00,Experienced decreased libido?,false,
2025-09-07 23:59:48,2025-09-08 23:44:45,UTC+01:00,Took electrolyte supplements?,false,
2025-09-07 23:59:48,2025-09-08 23:44:45,UTC+01:00,Took fish oil?,false,
2025-09-07 23:59:48,2025-09-08 23:44:45,UTC+01:00,Ate home-cooked food?,true,
2025-09-07 23:59:48,2025-09-08 23:44:45,UTC+01:00,Took a hot shower before bed?,false,
2025-09-07 23:59:48,2025-09-08 23:44:45,UTC+01:00,Hydrated sufficiently?,false,
2025-09-07 23:59:48,2025-09-08 23:44:45,UTC+01:00,Experienced increased libido?,false,
2025-09-07 23:59:48,2025-09-08 23:44:45,UTC+01:00,Ate food close to bedtime?,false,
2025-09-07 23:59:48,2025-09-08 23:44:45,UTC+01:00,Took a magnesium supplement?,false,
2025-09-07 23:59:48,2025-09-08 23:44:45,UTC+01:00,Consumed meat?,true,
2025-09-07 23:59:48,2025-09-08 23:44:45,UTC+01:00,Wore mouth tape while sleeping?,false,
2025-09-07 23:59:48,2025-09-08 23:44:45,UTC+01:00,Took a multivitamin?,false,
2025-09-07 23:59:48,2025-09-08 23:44:45,UTC+01:00,Consumed nuts?,false,
2025-09-07 23:59:48,2025-09-08 23:44:45,UTC+01:00,Took omega 3 supplement?,false,
2025-09-07 23:59:48,2025-09-08 23:44:45,UTC+01:00,Walked after a meal?,true,
2025-09-07 23:59:48,2025-09-08 23:44:45,UTC+01:00,Used a sauna?,false,
2025-09-07 23:59:48,2025-09-08 23:44:45,UTC+01:00,Engaged in sexual activity?,false,
2025-09-07 23:59:48,2025-09-08 23:44:45,UTC+01:00,Took vitamin D?,false,
2025-09-07 23:59:48,2025-09-08 23:44:45,UTC+01:00,Took a zinc supplement?,false,
2025-09-07 00:11:16,2025-09-07 23:59:48,UTC+01:00,Consumed added sugar?,true,
2025-09-07 00:11:16,2025-09-07 23:59:48,UTC+01:00,Have any alcoholic drinks?,false,
2025-09-07 00:11:16,2025-09-07 23:59:48,UTC+01:00,Experienced bloating?,false,
2025-09-07 00:11:16,2025-09-07 23:59:48,UTC+01:00,Ate breakfast?,false,
2025-09-07 00:11:16,2025-09-07 23:59:48,UTC+01:00,Practiced breathwork?,false,
2025-09-07 00:11:16,2025-09-07 23:59:48,UTC+01:00,Consumed caffeine?,true,
2025-09-07 00:11:16,2025-09-07 23:59:48,UTC+01:00,Consumed carbohydrates?,true,
2025-09-07 00:11:16,2025-09-07 23:59:48,UTC+01:00,Avoided processed foods?,false,
2025-09-07 00:11:16,2025-09-07 23:59:48,UTC+01:00,Took creatine?,false,
2025-09-07 00:11:16,2025-09-07 23:59:48,UTC+01:00,Experienced decreased libido?,false,
2025-09-07 00:11:16,2025-09-07 23:59:48,UTC+01:00,Took electrolyte supplements?,false,
2025-09-07 00:11:16,2025-09-07 23:59:48,UTC+01:00,Took fish oil?,false,
2025-09-07 00:11:16,2025-09-07 23:59:48,UTC+01:00,Ate home-cooked food?,true,
2025-09-07 00:11:16,2025-09-07 23:59:48,UTC+01:00,Took a hot shower before bed?,false,
2025-09-07 00:11:16,2025-09-07 23:59:48,UTC+01:00,Hydrated sufficiently?,false,
2025-09-07 00:11:16,2025-09-07 23:59:48,UTC+01:00,Experienced increased libido?,false,
2025-09-07 00:11:16,2025-09-07 23:59:48,UTC+01:00,Ate food close to bedtime?,false,
2025-09-07 00:11:16,2025-09-07 23:59:48,UTC+01:00,Took a magnesium supplement?,false,
2025-09-07 00:11:16,2025-09-07 23:59:48,UTC+01:00,Consumed meat?,true,
2025-09-07 00:11:16,2025-09-07 23:59:48,UTC+01:00,Wore mouth tape while sleeping?,false,
2025-09-07 00:11:16,2025-09-07 23:59:48,UTC+01:00,Took a multivitamin?,false,
2025-09-07 00:11:16,2025-09-07 23:59:48,UTC+01:00,Consumed nuts?,false,
2025-09-07 00:11:16,2025-09-07 23:59:48,UTC+01:00,Took omega 3 supplement?,false,
2025-09-07 00:11:16,2025-09-07 23:59:48,UTC+01:00,Walked after a meal?,true,
2025-09-07 00:11:16,2025-09-07 23:59:48,UTC+01:00,Used a sauna?,false,
2025-09-07 00:11:16,2025-09-07 23:59:48,UTC+01:00,Engaged in sexual activity?,true,
2025-09-07 00:11:16,2025-09-07 23:59:48,UTC+01:00,Took vitamin D?,false,
2025-09-07 00:11:16,2025-09-07 23:59:48,UTC+01:00,Took a zinc supplement?,false,
2025-09-02 00:32:40,2025-09-03 00:23:44,UTC+01:00,Have any alcoholic drinks?,false,
2025-09-02 00:32:40,2025-09-03 00:23:44,UTC+01:00,Consumed caffeine?,true,
2025-09-02 00:32:40,2025-09-03 00:23:44,UTC+01:00,Engaged in sexual activity?,true,
2025-09-02 00:32:40,2025-09-03 00:23:44,UTC+01:00,Ate food close to bedtime?,false,
2025-09-02 00:32:40,2025-09-03 00:23:44,UTC+01:00,Consumed meat?,true,
2025-09-02 00:32:40,2025-09-03 00:23:44,UTC+01:00,Took a magnesium supplement?,false,
2025-09-02 00:32:40,2025-09-03 00:23:44,UTC+01:00,Used a sauna?,false,
2025-09-02 00:32:40,2025-09-03 00:23:44,UTC+01:00,Hydrated sufficiently?,false,
2025-09-02 00:32:40,2025-09-03 00:23:44,UTC+01:00,Practiced breathwork?,false,
2025-09-02 00:32:40,2025-09-03 00:23:44,UTC+01:00,Experienced bloating?,false,
2025-09-02 00:32:40,2025-09-03 00:23:44,UTC+01:00,Consumed carbohydrates?,true,
2025-09-02 00:32:40,2025-09-03 00:23:44,UTC+01:00,Avoided processed foods?,false,
2025-09-02 00:32:40,2025-09-03 00:23:44,UTC+01:00,Consumed added sugar?,true,
2025-09-02 00:32:40,2025-09-03 00:23:44,UTC+01:00,Took creatine?,false,
2025-09-02 00:32:40,2025-09-03 00:23:44,UTC+01:00,Took fish oil?,false,
2025-09-02 00:32:40,2025-09-03 00:23:44,UTC+01:00,Took a multivitamin?,false,
2025-09-02 00:32:40,2025-09-03 00:23:44,UTC+01:00,Took vitamin D?,false,
2025-09-02 00:32:40,2025-09-03 00:23:44,UTC+01:00,Took a zinc supplement?,false,
2025-09-02 00:32:40,2025-09-03 00:23:44,UTC+01:00,Wore mouth tape while sleeping?,false,
2025-09-02 00:32:40,2025-09-03 00:23:44,UTC+01:00,Took a hot shower before bed?,false,
2025-09-02 00:32:40,2025-09-03 00:23:44,UTC+01:00,Took electrolyte supplements?,false,
2025-09-02 00:32:40,2025-09-03 00:23:44,UTC+01:00,Experienced increased libido?,false,
2025-09-02 00:32:40,2025-09-03 00:23:44,UTC+01:00,Experienced decreased libido?,false,
2025-09-02 00:32:40,2025-09-03 00:23:44,UTC+01:00,Ate breakfast?,false,
2025-09-02 00:32:40,2025-09-03 00:23:44,UTC+01:00,Ate home-cooked food?,true,
2025-09-02 00:32:40,2025-09-03 00:23:44,UTC+01:00,Walked after a meal?,true,
2025-09-02 00:32:40,2025-09-03 00:23:44,UTC+01:00,Consumed nuts?,false,
2025-09-02 00:32:40,2025-09-03 00:23:44,UTC+01:00,Took omega 3 supplement?,false,
2025-08-25 02:02:35,2025-08-25 23:47:37,UTC+01:00,Consumed added sugar?,true,
2025-08-25 02:02:35,2025-08-25 23:47:37,UTC+01:00,Have any alcoholic drinks?,false,
2025-08-25 02:02:35,2025-08-25 23:47:37,UTC+01:00,Experienced bloating?,false,
2025-08-25 02:02:35,2025-08-25 23:47:37,UTC+01:00,Ate breakfast?,false,
2025-08-25 02:02:35,2025-08-25 23:47:37,UTC+01:00,Practiced breathwork?,false,
2025-08-25 02:02:35,2025-08-25 23:47:37,UTC+01:00,Consumed caffeine?,true,
2025-08-25 02:02:35,2025-08-25 23:47:37,UTC+01:00,Consumed carbohydrates?,true,
2025-08-25 02:02:35,2025-08-25 23:47:37,UTC+01:00,Avoided processed foods?,false,
2025-08-25 02:02:35,2025-08-25 23:47:37,UTC+01:00,Took creatine?,false,
2025-08-25 02:02:35,2025-08-25 23:47:37,UTC+01:00,Experienced decreased libido?,false,
2025-08-25 02:02:35,2025-08-25 23:47:37,UTC+01:00,Took electrolyte supplements?,false,
2025-08-25 02:02:35,2025-08-25 23:47:37,UTC+01:00,Took fish oil?,false,
2025-08-25 02:02:35,2025-08-25 23:47:37,UTC+01:00,Ate home-cooked food?,true,
2025-08-25 02:02:35,2025-08-25 23:47:37,UTC+01:00,Took a hot shower before bed?,false,
2025-08-25 02:02:35,2025-08-25 23:47:37,UTC+01:00,Hydrated sufficiently?,false,
2025-08-25 02:02:35,2025-08-25 23:47:37,UTC+01:00,Experienced increased libido?,false,
2025-08-25 02:02:35,2025-08-25 23:47:37,UTC+01:00,Ate food close to bedtime?,false,
2025-08-25 02:02:35,2025-08-25 23:47:37,UTC+01:00,Took a magnesium supplement?,false,
2025-08-25 02:02:35,2025-08-25 23:47:37,UTC+01:00,Consumed meat?,true,
2025-08-25 02:02:35,2025-08-25 23:47:37,UTC+01:00,Wore mouth tape while sleeping?,false,
2025-08-25 02:02:35,2025-08-25 23:47:37,UTC+01:00,Took a multivitamin?,false,
2025-08-25 02:02:35,2025-08-25 23:47:37,UTC+01:00,Consumed nuts?,false,
2025-08-25 02:02:35,2025-08-25 23:47:37,UTC+01:00,Took omega 3 supplement?,false,
2025-08-25 02:02:35,2025-08-25 23:47:37,UTC+01:00,Walked after a meal?,true,
2025-08-25 02:02:35,2025-08-25 23:47:37,UTC+01:00,Used a sauna?,false,
2025-08-25 02:02:35,2025-08-25 23:47:37,UTC+01:00,Engaged in sexual activity?,false,
2025-08-25 02:02:35,2025-08-25 23:47:37,UTC+01:00,Took vitamin D?,false,
2025-08-25 02:02:35,2025-08-25 23:47:37,UTC+01:00,Took a zinc supplement?,false,
2025-08-21 00:11:41,2025-08-21 23:47:24,UTC+01:00,Consumed added sugar?,true,
2025-08-21 00:11:41,2025-08-21 23:47:24,UTC+01:00,Have any alcoholic drinks?,false,
2025-08-21 00:11:41,2025-08-21 23:47:24,UTC+01:00,Experienced bloating?,false,
2025-08-21 00:11:41,2025-08-21 23:47:24,UTC+01:00,Ate breakfast?,false,
2025-08-21 00:11:41,2025-08-21 23:47:24,UTC+01:00,Practiced breathwork?,false,
2025-08-21 00:11:41,2025-08-21 23:47:24,UTC+01:00,Consumed caffeine?,true,
2025-08-21 00:11:41,2025-08-21 23:47:24,UTC+01:00,Consumed carbohydrates?,true,
2025-08-21 00:11:41,2025-08-21 23:47:24,UTC+01:00,Avoided processed foods?,false,
2025-08-21 00:11:41,2025-08-21 23:47:24,UTC+01:00,Took creatine?,false,
2025-08-21 00:11:41,2025-08-21 23:47:24,UTC+01:00,Experienced decreased libido?,false,
2025-08-21 00:11:41,2025-08-21 23:47:24,UTC+01:00,Took electrolyte supplements?,false,
2025-08-21 00:11:41,2025-08-21 23:47:24,UTC+01:00,Took fish oil?,false,
2025-08-21 00:11:41,2025-08-21 23:47:24,UTC+01:00,Ate home-cooked food?,true,
2025-08-21 00:11:41,2025-08-21 23:47:24,UTC+01:00,Took a hot shower before bed?,false,
2025-08-21 00:11:41,2025-08-21 23:47:24,UTC+01:00,Hydrated sufficiently?,false,
2025-08-21 00:11:41,2025-08-21 23:47:24,UTC+01:00,Experienced increased libido?,false,
2025-08-21 00:11:41,2025-08-21 23:47:24,UTC+01:00,Ate food close to bedtime?,false,
2025-08-21 00:11:41,2025-08-21 23:47:24,UTC+01:00,Took a magnesium supplement?,true,
2025-08-21 00:11:41,2025-08-21 23:47:24,UTC+01:00,Consumed meat?,true,
2025-08-21 00:11:41,2025-08-21 23:47:24,UTC+01:00,Wore mouth tape while sleeping?,false,
2025-08-21 00:11:41,2025-08-21 23:47:24,UTC+01:00,Took a multivitamin?,false,
2025-08-21 00:11:41,2025-08-21 23:47:24,UTC+01:00,Consumed nuts?,false,
2025-08-21 00:11:41,2025-08-21 23:47:24,UTC+01:00,Took omega 3 supplement?,false,
2025-08-21 00:11:41,2025-08-21 23:47:24,UTC+01:00,Walked after a meal?,true,
2025-08-21 00:11:41,2025-08-21 23:47:24,UTC+01:00,Used a sauna?,false,
2025-08-21 00:11:41,2025-08-21 23:47:24,UTC+01:00,Engaged in sexual activity?,false,
2025-08-21 00:11:41,2025-08-21 23:47:24,UTC+01:00,Took vitamin D?,false,
2025-08-21 00:11:41,2025-08-21 23:47:24,UTC+01:00,Took a zinc supplement?,false,
2025-08-18 23:57:29,2025-08-20 01:06:46,UTC+01:00,Consumed added sugar?,true,
2025-08-18 23:57:29,2025-08-20 01:06:46,UTC+01:00,Have any alcoholic drinks?,false,
2025-08-18 23:57:29,2025-08-20 01:06:46,UTC+01:00,Experienced bloating?,false,
2025-08-18 23:57:29,2025-08-20 01:06:46,UTC+01:00,Ate breakfast?,false,
2025-08-18 23:57:29,2025-08-20 01:06:46,UTC+01:00,Practiced breathwork?,false,
2025-08-18 23:57:29,2025-08-20 01:06:46,UTC+01:00,Consumed caffeine?,true,
2025-08-18 23:57:29,2025-08-20 01:06:46,UTC+01:00,Consumed carbohydrates?,true,
2025-08-18 23:57:29,2025-08-20 01:06:46,UTC+01:00,Avoided processed foods?,false,
2025-08-18 23:57:29,2025-08-20 01:06:46,UTC+01:00,Took creatine?,false,
2025-08-18 23:57:29,2025-08-20 01:06:46,UTC+01:00,Experienced decreased libido?,false,
2025-08-18 23:57:29,2025-08-20 01:06:46,UTC+01:00,Took electrolyte supplements?,false,
2025-08-18 23:57:29,2025-08-20 01:06:46,UTC+01:00,Took fish oil?,false,
2025-08-18 23:57:29,2025-08-20 01:06:46,UTC+01:00,Ate home-cooked food?,true,
2025-08-18 23:57:29,2025-08-20 01:06:46,UTC+01:00,Took a hot shower before bed?,false,
2025-08-18 23:57:29,2025-08-20 01:06:46,UTC+01:00,Hydrated sufficiently?,false,
2025-08-18 23:57:29,2025-08-20 01:06:46,UTC+01:00,Experienced increased libido?,false,
2025-08-18 23:57:29,2025-08-20 01:06:46,UTC+01:00,Ate food close to bedtime?,false,
2025-08-18 23:57:29,2025-08-20 01:06:46,UTC+01:00,Took a magnesium supplement?,true,
2025-08-18 23:57:29,2025-08-20 01:06:46,UTC+01:00,Consumed meat?,true,
2025-08-18 23:57:29,2025-08-20 01:06:46,UTC+01:00,Wore mouth tape while sleeping?,false,
2025-08-18 23:57:29,2025-08-20 01:06:46,UTC+01:00,Took a multivitamin?,false,
2025-08-18 23:57:29,2025-08-20 01:06:46,UTC+01:00,Consumed nuts?,false,
2025-08-18 23:57:29,2025-08-20 01:06:46,UTC+01:00,Took omega 3 supplement?,false,
2025-08-18 23:57:29,2025-08-20 01:06:46,UTC+01:00,Walked after a meal?,true,
2025-08-18 23:57:29,2025-08-20 01:06:46,UTC+01:00,Used a sauna?,false,
2025-08-18 23:57:29,2025-08-20 01:06:46,UTC+01:00,Engaged in sexual activity?,false,
2025-08-18 23:57:29,2025-08-20 01:06:46,UTC+01:00,Took vitamin D?,false,
2025-08-18 23:57:29,2025-08-20 01:06:46,UTC+01:00,Took a zinc supplement?,false,
2025-08-18 00:27:34,2025-08-18 23:57:29,UTC+01:00,Have any alcoholic drinks?,false,
2025-08-18 00:27:34,2025-08-18 23:57:29,UTC+01:00,Consumed caffeine?,true,
2025-08-18 00:27:34,2025-08-18 23:57:29,UTC+01:00,Engaged in sexual activity?,true,
2025-08-18 00:27:34,2025-08-18 23:57:29,UTC+01:00,Ate food close to bedtime?,true,
2025-08-18 00:27:34,2025-08-18 23:57:29,UTC+01:00,Consumed meat?,true,
2025-08-18 00:27:34,2025-08-18 23:57:29,UTC+01:00,Took a magnesium supplement?,true,
2025-08-18 00:27:34,2025-08-18 23:57:29,UTC+01:00,Used a sauna?,false,
2025-08-18 00:27:34,2025-08-18 23:57:29,UTC+01:00,Hydrated sufficiently?,false,
2025-08-18 00:27:34,2025-08-18 23:57:29,UTC+01:00,Practiced breathwork?,false,
2025-08-18 00:27:34,2025-08-18 23:57:29,UTC+01:00,Experienced bloating?,false,
2025-08-18 00:27:34,2025-08-18 23:57:29,UTC+01:00,Consumed carbohydrates?,true,
2025-08-18 00:27:34,2025-08-18 23:57:29,UTC+01:00,Avoided processed foods?,false,
2025-08-18 00:27:34,2025-08-18 23:57:29,UTC+01:00,Consumed added sugar?,true,
2025-08-18 00:27:34,2025-08-18 23:57:29,UTC+01:00,Took creatine?,false,
2025-08-18 00:27:34,2025-08-18 23:57:29,UTC+01:00,Took fish oil?,false,
2025-08-18 00:27:34,2025-08-18 23:57:29,UTC+01:00,Took a multivitamin?,false,
2025-08-18 00:27:34,2025-08-18 23:57:29,UTC+01:00,Took vitamin D?,false,
2025-08-18 00:27:34,2025-08-18 23:57:29,UTC+01:00,Took a zinc supplement?,false,
2025-08-18 00:27:34,2025-08-18 23:57:29,UTC+01:00,Wore mouth tape while sleeping?,false,
2025-08-18 00:27:34,2025-08-18 23:57:29,UTC+01:00,Took a hot shower before bed?,false,
2025-08-18 00:27:34,2025-08-18 23:57:29,UTC+01:00,Took electrolyte supplements?,false,
2025-08-18 00:27:34,2025-08-18 23:57:29,UTC+01:00,Experienced increased libido?,false,
2025-08-18 00:27:34,2025-08-18 23:57:29,UTC+01:00,Experienced decreased libido?,false,
2025-08-18 00:27:34,2025-08-18 23:57:29,UTC+01:00,Ate breakfast?,false,
2025-08-18 00:27:34,2025-08-18 23:57:29,UTC+01:00,Ate home-cooked food?,true,
2025-08-18 00:27:34,2025-08-18 23:57:29,UTC+01:00,Walked after a meal?,true,
2025-08-18 00:27:34,2025-08-18 23:57:29,UTC+01:00,Consumed nuts?,false,
2025-08-18 00:27:34,2025-08-18 23:57:29,UTC+01:00,Took omega 3 supplement?,true,
2025-08-17 03:17:03,2025-08-18 00:27:34,UTC+01:00,Consumed added sugar?,true,
2025-08-17 03:17:03,2025-08-18 00:27:34,UTC+01:00,Have any alcoholic drinks?,false,
2025-08-17 03:17:03,2025-08-18 00:27:34,UTC+01:00,Experienced bloating?,false,
2025-08-17 03:17:03,2025-08-18 00:27:34,UTC+01:00,Ate breakfast?,false,
2025-08-17 03:17:03,2025-08-18 00:27:34,UTC+01:00,Practiced breathwork?,false,
2025-08-17 03:17:03,2025-08-18 00:27:34,UTC+01:00,Consumed caffeine?,true,
2025-08-17 03:17:03,2025-08-18 00:27:34,UTC+01:00,Consumed carbohydrates?,true,
2025-08-17 03:17:03,2025-08-18 00:27:34,UTC+01:00,Avoided processed foods?,false,
2025-08-17 03:17:03,2025-08-18 00:27:34,UTC+01:00,Took creatine?,false,
2025-08-17 03:17:03,2025-08-18 00:27:34,UTC+01:00,Experienced decreased libido?,false,
2025-08-17 03:17:03,2025-08-18 00:27:34,UTC+01:00,Took electrolyte supplements?,false,
2025-08-17 03:17:03,2025-08-18 00:27:34,UTC+01:00,Took fish oil?,false,
2025-08-17 03:17:03,2025-08-18 00:27:34,UTC+01:00,Ate home-cooked food?,false,
2025-08-17 03:17:03,2025-08-18 00:27:34,UTC+01:00,Took a hot shower before bed?,true,
2025-08-17 03:17:03,2025-08-18 00:27:34,UTC+01:00,Hydrated sufficiently?,false,
2025-08-17 03:17:03,2025-08-18 00:27:34,UTC+01:00,Experienced increased libido?,false,
2025-08-17 03:17:03,2025-08-18 00:27:34,UTC+01:00,Ate food close to bedtime?,true,
2025-08-17 03:17:03,2025-08-18 00:27:34,UTC+01:00,Took a magnesium supplement?,false,
2025-08-17 03:17:03,2025-08-18 00:27:34,UTC+01:00,Consumed meat?,true,
2025-08-17 03:17:03,2025-08-18 00:27:34,UTC+01:00,Wore mouth tape while sleeping?,false,
2025-08-17 03:17:03,2025-08-18 00:27:34,UTC+01:00,Took a multivitamin?,false,
2025-08-17 03:17:03,2025-08-18 00:27:34,UTC+01:00,Consumed nuts?,true,
2025-08-17 03:17:03,2025-08-18 00:27:34,UTC+01:00,Took omega 3 supplement?,false,
2025-08-17 03:17:03,2025-08-18 00:27:34,UTC+01:00,Walked after a meal?,true,
2025-08-17 03:17:03,2025-08-18 00:27:34,UTC+01:00,Used a sauna?,false,
2025-08-17 03:17:03,2025-08-18 00:27:34,UTC+01:00,Engaged in sexual activity?,true,
2025-08-17 03:17:03,2025-08-18 00:27:34,UTC+01:00,Took vitamin D?,false,
2025-08-17 03:17:03,2025-08-18 00:27:34,UTC+01:00,Took a zinc supplement?,false,
2025-08-15 00:09:53,2025-08-16 00:52:00,UTC+01:00,Consumed added sugar?,true,
2025-08-15 00:09:53,2025-08-16 00:52:00,UTC+01:00,Have any alcoholic drinks?,false,
2025-08-15 00:09:53,2025-08-16 00:52:00,UTC+01:00,Experienced bloating?,false,
2025-08-15 00:09:53,2025-08-16 00:52:00,UTC+01:00,Ate breakfast?,false,
2025-08-15 00:09:53,2025-08-16 00:52:00,UTC+01:00,Practiced breathwork?,false,
2025-08-15 00:09:53,2025-08-16 00:52:00,UTC+01:00,Consumed caffeine?,true,
2025-08-15 00:09:53,2025-08-16 00:52:00,UTC+01:00,Consumed carbohydrates?,true,
2025-08-15 00:09:53,2025-08-16 00:52:00,UTC+01:00,Avoided processed foods?,false,
2025-08-15 00:09:53,2025-08-16 00:52:00,UTC+01:00,Took creatine?,false,
2025-08-15 00:09:53,2025-08-16 00:52:00,UTC+01:00,Experienced decreased libido?,false,
2025-08-15 00:09:53,2025-08-16 00:52:00,UTC+01:00,Took electrolyte supplements?,false,
2025-08-15 00:09:53,2025-08-16 00:52:00,UTC+01:00,Took fish oil?,false,
2025-08-15 00:09:53,2025-08-16 00:52:00,UTC+01:00,Ate home-cooked food?,true,
2025-08-15 00:09:53,2025-08-16 00:52:00,UTC+01:00,Took a hot shower before bed?,false,
2025-08-15 00:09:53,2025-08-16 00:52:00,UTC+01:00,Hydrated sufficiently?,false,
2025-08-15 00:09:53,2025-08-16 00:52:00,UTC+01:00,Experienced increased libido?,false,
2025-08-15 00:09:53,2025-08-16 00:52:00,UTC+01:00,Ate food close to bedtime?,true,
2025-08-15 00:09:53,2025-08-16 00:52:00,UTC+01:00,Took a magnesium supplement?,false,
2025-08-15 00:09:53,2025-08-16 00:52:00,UTC+01:00,Consumed meat?,true,
2025-08-15 00:09:53,2025-08-16 00:52:00,UTC+01:00,Wore mouth tape while sleeping?,false,
2025-08-15 00:09:53,2025-08-16 00:52:00,UTC+01:00,Took a multivitamin?,false,
2025-08-15 00:09:53,2025-08-16 00:52:00,UTC+01:00,Consumed nuts?,true,
2025-08-15 00:09:53,2025-08-16 00:52:00,UTC+01:00,Took omega 3 supplement?,false,
2025-08-15 00:09:53,2025-08-16 00:52:00,UTC+01:00,Walked after a meal?,true,
2025-08-15 00:09:53,2025-08-16 00:52:00,UTC+01:00,Used a sauna?,false,
2025-08-15 00:09:53,2025-08-16 00:52:00,UTC+01:00,Engaged in sexual activity?,false,
2025-08-15 00:09:53,2025-08-16 00:52:00,UTC+01:00,Took vitamin D?,false,
2025-08-15 00:09:53,2025-08-16 00:52:00,UTC+01:00,Took a zinc supplement?,false,
2025-08-16 00:52:00,2025-08-17 03:17:03,UTC+01:00,Consumed added sugar?,true,
2025-08-16 00:52:00,2025-08-17 03:17:03,UTC+01:00,Have any alcoholic drinks?,false,
2025-08-16 00:52:00,2025-08-17 03:17:03,UTC+01:00,Experienced bloating?,false,
2025-08-16 00:52:00,2025-08-17 03:17:03,UTC+01:00,Ate breakfast?,false,
2025-08-16 00:52:00,2025-08-17 03:17:03,UTC+01:00,Practiced breathwork?,false,
2025-08-16 00:52:00,2025-08-17 03:17:03,UTC+01:00,Consumed caffeine?,true,
2025-08-16 00:52:00,2025-08-17 03:17:03,UTC+01:00,Consumed carbohydrates?,true,
2025-08-16 00:52:00,2025-08-17 03:17:03,UTC+01:00,Avoided processed foods?,false,
2025-08-16 00:52:00,2025-08-17 03:17:03,UTC+01:00,Took creatine?,false,
2025-08-16 00:52:00,2025-08-17 03:17:03,UTC+01:00,Experienced decreased libido?,false,
2025-08-16 00:52:00,2025-08-17 03:17:03,UTC+01:00,Took electrolyte supplements?,false,
2025-08-16 00:52:00,2025-08-17 03:17:03,UTC+01:00,Took fish oil?,false,
2025-08-16 00:52:00,2025-08-17 03:17:03,UTC+01:00,Ate home-cooked food?,false,
2025-08-16 00:52:00,2025-08-17 03:17:03,UTC+01:00,Took a hot shower before bed?,true,
2025-08-16 00:52:00,2025-08-17 03:17:03,UTC+01:00,Hydrated sufficiently?,false,
2025-08-16 00:52:00,2025-08-17 03:17:03,UTC+01:00,Experienced increased libido?,false,
2025-08-16 00:52:00,2025-08-17 03:17:03,UTC+01:00,Ate food close to bedtime?,true,
2025-08-16 00:52:00,2025-08-17 03:17:03,UTC+01:00,Took a magnesium supplement?,false,
2025-08-16 00:52:00,2025-08-17 03:17:03,UTC+01:00,Consumed meat?,true,
2025-08-16 00:52:00,2025-08-17 03:17:03,UTC+01:00,Wore mouth tape while sleeping?,false,
2025-08-16 00:52:00,2025-08-17 03:17:03,UTC+01:00,Took a multivitamin?,false,
2025-08-16 00:52:00,2025-08-17 03:17:03,UTC+01:00,Consumed nuts?,true,
2025-08-16 00:52:00,2025-08-17 03:17:03,UTC+01:00,Took omega 3 supplement?,false,
2025-08-16 00:52:00,2025-08-17 03:17:03,UTC+01:00,Walked after a meal?,true,
2025-08-16 00:52:00,2025-08-17 03:17:03,UTC+01:00,Used a sauna?,false,
2025-08-16 00:52:00,2025-08-17 03:17:03,UTC+01:00,Engaged in sexual activity?,false,
2025-08-16 00:52:00,2025-08-17 03:17:03,UTC+01:00,Took vitamin D?,false,
2025-08-16 00:52:00,2025-08-17 03:17:03,UTC+01:00,Took a zinc supplement?,false,
2025-08-13 23:41:43,2025-08-15 00:09:53,UTC+01:00,Consumed added sugar?,true,
2025-08-13 23:41:43,2025-08-15 00:09:53,UTC+01:00,Have any alcoholic drinks?,false,
2025-08-13 23:41:43,2025-08-15 00:09:53,UTC+01:00,Experienced bloating?,false,
2025-08-13 23:41:43,2025-08-15 00:09:53,UTC+01:00,Ate breakfast?,true,
2025-08-13 23:41:43,2025-08-15 00:09:53,UTC+01:00,Practiced breathwork?,false,
2025-08-13 23:41:43,2025-08-15 00:09:53,UTC+01:00,Consumed caffeine?,true,
2025-08-13 23:41:43,2025-08-15 00:09:53,UTC+01:00,Consumed carbohydrates?,true,
2025-08-13 23:41:43,2025-08-15 00:09:53,UTC+01:00,Avoided processed foods?,false,
2025-08-13 23:41:43,2025-08-15 00:09:53,UTC+01:00,Took creatine?,false,
2025-08-13 23:41:43,2025-08-15 00:09:53,UTC+01:00,Experienced decreased libido?,false,
2025-08-13 23:41:43,2025-08-15 00:09:53,UTC+01:00,Took electrolyte supplements?,false,
2025-08-13 23:41:43,2025-08-15 00:09:53,UTC+01:00,Took fish oil?,false,
2025-08-13 23:41:43,2025-08-15 00:09:53,UTC+01:00,Ate home-cooked food?,false,
2025-08-13 23:41:43,2025-08-15 00:09:53,UTC+01:00,Took a hot shower before bed?,true,
2025-08-13 23:41:43,2025-08-15 00:09:53,UTC+01:00,Hydrated sufficiently?,false,
2025-08-13 23:41:43,2025-08-15 00:09:53,UTC+01:00,Experienced increased libido?,false,
2025-08-13 23:41:43,2025-08-15 00:09:53,UTC+01:00,Ate food close to bedtime?,true,
2025-08-13 23:41:43,2025-08-15 00:09:53,UTC+01:00,Took a magnesium supplement?,false,
2025-08-13 23:41:43,2025-08-15 00:09:53,UTC+01:00,Consumed meat?,true,
2025-08-13 23:41:43,2025-08-15 00:09:53,UTC+01:00,Wore mouth tape while sleeping?,false,
2025-08-13 23:41:43,2025-08-15 00:09:53,UTC+01:00,Took a multivitamin?,false,
2025-08-13 23:41:43,2025-08-15 00:09:53,UTC+01:00,Consumed nuts?,true,
2025-08-13 23:41:43,2025-08-15 00:09:53,UTC+01:00,Took omega 3 supplement?,false,
2025-08-13 23:41:43,2025-08-15 00:09:53,UTC+01:00,Walked after a meal?,true,
2025-08-13 23:41:43,2025-08-15 00:09:53,UTC+01:00,Used a sauna?,false,
2025-08-13 23:41:43,2025-08-15 00:09:53,UTC+01:00,Engaged in sexual activity?,false,
2025-08-13 23:41:43,2025-08-15 00:09:53,UTC+01:00,Took vitamin D?,false,
2025-08-13 23:41:43,2025-08-15 00:09:53,UTC+01:00,Took a zinc supplement?,false,
2025-08-12 00:22:56,2025-08-13 00:51:45,UTC+01:00,Consumed added sugar?,true,
2025-08-12 00:22:56,2025-08-13 00:51:45,UTC+01:00,Have any alcoholic drinks?,false,
2025-08-12 00:22:56,2025-08-13 00:51:45,UTC+01:00,Experienced bloating?,false,
2025-08-12 00:22:56,2025-08-13 00:51:45,UTC+01:00,Ate breakfast?,true,
2025-08-12 00:22:56,2025-08-13 00:51:45,UTC+01:00,Practiced breathwork?,false,
2025-08-12 00:22:56,2025-08-13 00:51:45,UTC+01:00,Consumed caffeine?,true,
2025-08-12 00:22:56,2025-08-13 00:51:45,UTC+01:00,Consumed carbohydrates?,true,
2025-08-12 00:22:56,2025-08-13 00:51:45,UTC+01:00,Avoided processed foods?,false,
2025-08-12 00:22:56,2025-08-13 00:51:45,UTC+01:00,Took creatine?,false,
2025-08-12 00:22:56,2025-08-13 00:51:45,UTC+01:00,Experienced decreased libido?,false,
2025-08-12 00:22:56,2025-08-13 00:51:45,UTC+01:00,Took electrolyte supplements?,false,
2025-08-12 00:22:56,2025-08-13 00:51:45,UTC+01:00,Took fish oil?,false,
2025-08-12 00:22:56,2025-08-13 00:51:45,UTC+01:00,Ate home-cooked food?,false,
2025-08-12 00:22:56,2025-08-13 00:51:45,UTC+01:00,Took a hot shower before bed?,true,
2025-08-12 00:22:56,2025-08-13 00:51:45,UTC+01:00,Hydrated sufficiently?,true,
2025-08-12 00:22:56,2025-08-13 00:51:45,UTC+01:00,Experienced increased libido?,false,
2025-08-12 00:22:56,2025-08-13 00:51:45,UTC+01:00,Ate food close to bedtime?,true,
2025-08-12 00:22:56,2025-08-13 00:51:45,UTC+01:00,Took a magnesium supplement?,false,
2025-08-12 00:22:56,2025-08-13 00:51:45,UTC+01:00,Consumed meat?,true,
2025-08-12 00:22:56,2025-08-13 00:51:45,UTC+01:00,Wore mouth tape while sleeping?,false,
2025-08-12 00:22:56,2025-08-13 00:51:45,UTC+01:00,Took a multivitamin?,false,
2025-08-12 00:22:56,2025-08-13 00:51:45,UTC+01:00,Consumed nuts?,true,
2025-08-12 00:22:56,2025-08-13 00:51:45,UTC+01:00,Took omega 3 supplement?,false,
2025-08-12 00:22:56,2025-08-13 00:51:45,UTC+01:00,Walked after a meal?,true,
2025-08-12 00:22:56,2025-08-13 00:51:45,UTC+01:00,Used a sauna?,false,
2025-08-12 00:22:56,2025-08-13 00:51:45,UTC+01:00,Engaged in sexual activity?,false,
2025-08-12 00:22:56,2025-08-13 00:51:45,UTC+01:00,Took vitamin D?,false,
2025-08-12 00:22:56,2025-08-13 00:51:45,UTC+01:00,Took a zinc supplement?,false,
2025-08-11 00:46:40,2025-08-12 01:22:56,UTC+02:00,Consumed added sugar?,true,
2025-08-11 00:46:40,2025-08-12 01:22:56,UTC+02:00,Have any alcoholic drinks?,false,
2025-08-11 00:46:40,2025-08-12 01:22:56,UTC+02:00,Experienced bloating?,false,
2025-08-11 00:46:40,2025-08-12 01:22:56,UTC+02:00,Ate breakfast?,true,
2025-08-11 00:46:40,2025-08-12 01:22:56,UTC+02:00,Practiced breathwork?,false,
2025-08-11 00:46:40,2025-08-12 01:22:56,UTC+02:00,Consumed caffeine?,true,
2025-08-11 00:46:40,2025-08-12 01:22:56,UTC+02:00,Consumed carbohydrates?,true,
2025-08-11 00:46:40,2025-08-12 01:22:56,UTC+02:00,Avoided processed foods?,false,
2025-08-11 00:46:40,2025-08-12 01:22:56,UTC+02:00,Took creatine?,false,
2025-08-11 00:46:40,2025-08-12 01:22:56,UTC+02:00,Experienced decreased libido?,false,
2025-08-11 00:46:40,2025-08-12 01:22:56,UTC+02:00,Took electrolyte supplements?,false,
2025-08-11 00:46:40,2025-08-12 01:22:56,UTC+02:00,Took fish oil?,false,
2025-08-11 00:46:40,2025-08-12 01:22:56,UTC+02:00,Ate home-cooked food?,false,
2025-08-11 00:46:40,2025-08-12 01:22:56,UTC+02:00,Took a hot shower before bed?,true,
2025-08-11 00:46:40,2025-08-12 01:22:56,UTC+02:00,Hydrated sufficiently?,true,
2025-08-11 00:46:40,2025-08-12 01:22:56,UTC+02:00,Experienced increased libido?,false,
2025-08-11 00:46:40,2025-08-12 01:22:56,UTC+02:00,Ate food close to bedtime?,true,
2025-08-11 00:46:40,2025-08-12 01:22:56,UTC+02:00,Took a magnesium supplement?,false,
2025-08-11 00:46:40,2025-08-12 01:22:56,UTC+02:00,Consumed meat?,true,
2025-08-11 00:46:40,2025-08-12 01:22:56,UTC+02:00,Wore mouth tape while sleeping?,false,
2025-08-11 00:46:40,2025-08-12 01:22:56,UTC+02:00,Took a multivitamin?,false,
2025-08-11 00:46:40,2025-08-12 01:22:56,UTC+02:00,Consumed nuts?,true,
2025-08-11 00:46:40,2025-08-12 01:22:56,UTC+02:00,Took omega 3 supplement?,false,
2025-08-11 00:46:40,2025-08-12 01:22:56,UTC+02:00,Walked after a meal?,true,
2025-08-11 00:46:40,2025-08-12 01:22:56,UTC+02:00,Used a sauna?,false,
2025-08-11 00:46:40,2025-08-12 01:22:56,UTC+02:00,Engaged in sexual activity?,false,
2025-08-11 00:46:40,2025-08-12 01:22:56,UTC+02:00,Took vitamin D?,false,
2025-08-11 00:46:40,2025-08-12 01:22:56,UTC+02:00,Took a zinc supplement?,false,
2025-08-09 00:11:08,2025-08-10 00:15:30,UTC+02:00,Have any alcoholic drinks?,false,
2025-08-09 00:11:08,2025-08-10 00:15:30,UTC+02:00,Consumed caffeine?,true,
2025-08-09 00:11:08,2025-08-10 00:15:30,UTC+02:00,Engaged in sexual activity?,false,
2025-08-09 00:11:08,2025-08-10 00:15:30,UTC+02:00,Ate food close to bedtime?,true,
2025-08-09 00:11:08,2025-08-10 00:15:30,UTC+02:00,Consumed meat?,true,
2025-08-09 00:11:08,2025-08-10 00:15:30,UTC+02:00,Took a magnesium supplement?,false,
2025-08-09 00:11:08,2025-08-10 00:15:30,UTC+02:00,Used a sauna?,false,
2025-08-09 00:11:08,2025-08-10 00:15:30,UTC+02:00,Hydrated sufficiently?,true,
2025-08-09 00:11:08,2025-08-10 00:15:30,UTC+02:00,Practiced breathwork?,false,
2025-08-09 00:11:08,2025-08-10 00:15:30,UTC+02:00,Experienced bloating?,false,
2025-08-09 00:11:08,2025-08-10 00:15:30,UTC+02:00,Consumed carbohydrates?,true,
2025-08-09 00:11:08,2025-08-10 00:15:30,UTC+02:00,Avoided processed foods?,true,
2025-08-09 00:11:08,2025-08-10 00:15:30,UTC+02:00,Consumed added sugar?,true,
2025-08-09 00:11:08,2025-08-10 00:15:30,UTC+02:00,Took creatine?,false,
2025-08-09 00:11:08,2025-08-10 00:15:30,UTC+02:00,Took fish oil?,false,
2025-08-09 00:11:08,2025-08-10 00:15:30,UTC+02:00,Took a multivitamin?,false,
2025-08-09 00:11:08,2025-08-10 00:15:30,UTC+02:00,Took vitamin D?,false,
2025-08-09 00:11:08,2025-08-10 00:15:30,UTC+02:00,Took a zinc supplement?,false,
2025-08-09 00:11:08,2025-08-10 00:15:30,UTC+02:00,Wore mouth tape while sleeping?,false,
2025-08-09 00:11:08,2025-08-10 00:15:30,UTC+02:00,Took a hot shower before bed?,false,
2025-08-09 00:11:08,2025-08-10 00:15:30,UTC+02:00,Took electrolyte supplements?,false,
2025-08-09 00:11:08,2025-08-10 00:15:30,UTC+02:00,Experienced increased libido?,false,
2025-08-09 00:11:08,2025-08-10 00:15:30,UTC+02:00,Experienced decreased libido?,false,
2025-08-09 00:11:08,2025-08-10 00:15:30,UTC+02:00,Ate breakfast?,true,
2025-08-09 00:11:08,2025-08-10 00:15:30,UTC+02:00,Ate home-cooked food?,true,
2025-08-09 00:11:08,2025-08-10 00:15:30,UTC+02:00,Walked after a meal?,true,
2025-08-09 00:11:08,2025-08-10 00:15:30,UTC+02:00,Consumed nuts?,true,
2025-08-09 00:11:08,2025-08-10 00:15:30,UTC+02:00,Took omega 3 supplement?,false,
2025-08-10 00:15:30,2025-08-11 00:46:40,UTC+02:00,Consumed added sugar?,true,
2025-08-10 00:15:30,2025-08-11 00:46:40,UTC+02:00,Have any alcoholic drinks?,false,
2025-08-10 00:15:30,2025-08-11 00:46:40,UTC+02:00,Experienced bloating?,false,
2025-08-10 00:15:30,2025-08-11 00:46:40,UTC+02:00,Ate breakfast?,true,
2025-08-10 00:15:30,2025-08-11 00:46:40,UTC+02:00,Practiced breathwork?,false,
2025-08-10 00:15:30,2025-08-11 00:46:40,UTC+02:00,Consumed caffeine?,true,
2025-08-10 00:15:30,2025-08-11 00:46:40,UTC+02:00,Consumed carbohydrates?,true,
2025-08-10 00:15:30,2025-08-11 00:46:40,UTC+02:00,Avoided processed foods?,false,
2025-08-10 00:15:30,2025-08-11 00:46:40,UTC+02:00,Took creatine?,false,
2025-08-10 00:15:30,2025-08-11 00:46:40,UTC+02:00,Experienced decreased libido?,false,
2025-08-10 00:15:30,2025-08-11 00:46:40,UTC+02:00,Took electrolyte supplements?,false,
2025-08-10 00:15:30,2025-08-11 00:46:40,UTC+02:00,Took fish oil?,false,
2025-08-10 00:15:30,2025-08-11 00:46:40,UTC+02:00,Ate home-cooked food?,false,
2025-08-10 00:15:30,2025-08-11 00:46:40,UTC+02:00,Took a hot shower before bed?,true,
2025-08-10 00:15:30,2025-08-11 00:46:40,UTC+02:00,Hydrated sufficiently?,true,
2025-08-10 00:15:30,2025-08-11 00:46:40,UTC+02:00,Experienced increased libido?,false,
2025-08-10 00:15:30,2025-08-11 00:46:40,UTC+02:00,Ate food close to bedtime?,true,
2025-08-10 00:15:30,2025-08-11 00:46:40,UTC+02:00,Took a magnesium supplement?,false,
2025-08-10 00:15:30,2025-08-11 00:46:40,UTC+02:00,Consumed meat?,true,
2025-08-10 00:15:30,2025-08-11 00:46:40,UTC+02:00,Wore mouth tape while sleeping?,false,
2025-08-10 00:15:30,2025-08-11 00:46:40,UTC+02:00,Took a multivitamin?,false,
2025-08-10 00:15:30,2025-08-11 00:46:40,UTC+02:00,Consumed nuts?,true,
2025-08-10 00:15:30,2025-08-11 00:46:40,UTC+02:00,Took omega 3 supplement?,false,
2025-08-10 00:15:30,2025-08-11 00:46:40,UTC+02:00,Walked after a meal?,true,
2025-08-10 00:15:30,2025-08-11 00:46:40,UTC+02:00,Used a sauna?,false,
2025-08-10 00:15:30,2025-08-11 00:46:40,UTC+02:00,Engaged in sexual activity?,false,
2025-08-10 00:15:30,2025-08-11 00:46:40,UTC+02:00,Took vitamin D?,false,
2025-08-10 00:15:30,2025-08-11 00:46:40,UTC+02:00,Took a zinc supplement?,false,
2025-08-07 23:40:05,2025-08-09 00:11:08,UTC+02:00,Consumed added sugar?,true,
2025-08-07 23:40:05,2025-08-09 00:11:08,UTC+02:00,Have any alcoholic drinks?,false,
2025-08-07 23:40:05,2025-08-09 00:11:08,UTC+02:00,Experienced bloating?,false,
2025-08-07 23:40:05,2025-08-09 00:11:08,UTC+02:00,Ate breakfast?,true,
2025-08-07 23:40:05,2025-08-09 00:11:08,UTC+02:00,Practiced breathwork?,false,
2025-08-07 23:40:05,2025-08-09 00:11:08,UTC+02:00,Consumed caffeine?,true,
2025-08-07 23:40:05,2025-08-09 00:11:08,UTC+02:00,Consumed carbohydrates?,true,
2025-08-07 23:40:05,2025-08-09 00:11:08,UTC+02:00,Avoided processed foods?,true,
2025-08-07 23:40:05,2025-08-09 00:11:08,UTC+02:00,Took creatine?,false,
2025-08-07 23:40:05,2025-08-09 00:11:08,UTC+02:00,Experienced decreased libido?,false,
2025-08-07 23:40:05,2025-08-09 00:11:08,UTC+02:00,Took electrolyte supplements?,false,
2025-08-07 23:40:05,2025-08-09 00:11:08,UTC+02:00,Took fish oil?,false,
2025-08-07 23:40:05,2025-08-09 00:11:08,UTC+02:00,Ate home-cooked food?,true,
2025-08-07 23:40:05,2025-08-09 00:11:08,UTC+02:00,Took a hot shower before bed?,false,
2025-08-07 23:40:05,2025-08-09 00:11:08,UTC+02:00,Hydrated sufficiently?,true,
2025-08-07 23:40:05,2025-08-09 00:11:08,UTC+02:00,Experienced increased libido?,false,
2025-08-07 23:40:05,2025-08-09 00:11:08,UTC+02:00,Ate food close to bedtime?,true,
2025-08-07 23:40:05,2025-08-09 00:11:08,UTC+02:00,Took a magnesium supplement?,false,
2025-08-07 23:40:05,2025-08-09 00:11:08,UTC+02:00,Consumed meat?,true,
2025-08-07 23:40:05,2025-08-09 00:11:08,UTC+02:00,Wore mouth tape while sleeping?,false,
2025-08-07 23:40:05,2025-08-09 00:11:08,UTC+02:00,Took a multivitamin?,false,
2025-08-07 23:40:05,2025-08-09 00:11:08,UTC+02:00,Consumed nuts?,true,
2025-08-07 23:40:05,2025-08-09 00:11:08,UTC+02:00,Took omega 3 supplement?,false,
2025-08-07 23:40:05,2025-08-09 00:11:08,UTC+02:00,Walked after a meal?,true,
2025-08-07 23:40:05,2025-08-09 00:11:08,UTC+02:00,Used a sauna?,false,
2025-08-07 23:40:05,2025-08-09 00:11:08,UTC+02:00,Engaged in sexual activity?,true,
2025-08-07 23:40:05,2025-08-09 00:11:08,UTC+02:00,Took vitamin D?,false,
2025-08-07 23:40:05,2025-08-09 00:11:08,UTC+02:00,Took a zinc supplement?,false,
2025-08-07 00:16:33,2025-08-07 23:40:05,UTC+02:00,Consumed added sugar?,true,
2025-08-07 00:16:33,2025-08-07 23:40:05,UTC+02:00,Have any alcoholic drinks?,false,
2025-08-07 00:16:33,2025-08-07 23:40:05,UTC+02:00,Experienced bloating?,false,
2025-08-07 00:16:33,2025-08-07 23:40:05,UTC+02:00,Ate breakfast?,true,
2025-08-07 00:16:33,2025-08-07 23:40:05,UTC+02:00,Practiced breathwork?,false,
2025-08-07 00:16:33,2025-08-07 23:40:05,UTC+02:00,Consumed caffeine?,true,
2025-08-07 00:16:33,2025-08-07 23:40:05,UTC+02:00,Consumed carbohydrates?,true,
2025-08-07 00:16:33,2025-08-07 23:40:05,UTC+02:00,Avoided processed foods?,true,
2025-08-07 00:16:33,2025-08-07 23:40:05,UTC+02:00,Took creatine?,false,
2025-08-07 00:16:33,2025-08-07 23:40:05,UTC+02:00,Experienced decreased libido?,false,
2025-08-07 00:16:33,2025-08-07 23:40:05,UTC+02:00,Took electrolyte supplements?,false,
2025-08-07 00:16:33,2025-08-07 23:40:05,UTC+02:00,Took fish oil?,false,
2025-08-07 00:16:33,2025-08-07 23:40:05,UTC+02:00,Ate home-cooked food?,true,
2025-08-07 00:16:33,2025-08-07 23:40:05,UTC+02:00,Took a hot shower before bed?,false,
2025-08-07 00:16:33,2025-08-07 23:40:05,UTC+02:00,Hydrated sufficiently?,true,
2025-08-07 00:16:33,2025-08-07 23:40:05,UTC+02:00,Experienced increased libido?,false,
2025-08-07 00:16:33,2025-08-07 23:40:05,UTC+02:00,Ate food close to bedtime?,false,
2025-08-07 00:16:33,2025-08-07 23:40:05,UTC+02:00,Took a magnesium supplement?,false,
2025-08-07 00:16:33,2025-08-07 23:40:05,UTC+02:00,Consumed meat?,true,
2025-08-07 00:16:33,2025-08-07 23:40:05,UTC+02:00,Wore mouth tape while sleeping?,false,
2025-08-07 00:16:33,2025-08-07 23:40:05,UTC+02:00,Took a multivitamin?,false,
2025-08-07 00:16:33,2025-08-07 23:40:05,UTC+02:00,Consumed nuts?,true,
2025-08-07 00:16:33,2025-08-07 23:40:05,UTC+02:00,Took omega 3 supplement?,false,
2025-08-07 00:16:33,2025-08-07 23:40:05,UTC+02:00,Walked after a meal?,false,
2025-08-07 00:16:33,2025-08-07 23:40:05,UTC+02:00,Used a sauna?,false,
2025-08-07 00:16:33,2025-08-07 23:40:05,UTC+02:00,Engaged in sexual activity?,true,
2025-08-07 00:16:33,2025-08-07 23:40:05,UTC+02:00,Took vitamin D?,false,
2025-08-07 00:16:33,2025-08-07 23:40:05,UTC+02:00,Took a zinc supplement?,false,
2025-08-06 00:14:00,2025-08-07 00:16:33,UTC+02:00,Consumed added sugar?,true,
2025-08-06 00:14:00,2025-08-07 00:16:33,UTC+02:00,Have any alcoholic drinks?,false,
2025-08-06 00:14:00,2025-08-07 00:16:33,UTC+02:00,Experienced bloating?,false,
2025-08-06 00:14:00,2025-08-07 00:16:33,UTC+02:00,Ate breakfast?,true,
2025-08-06 00:14:00,2025-08-07 00:16:33,UTC+02:00,Practiced breathwork?,false,
2025-08-06 00:14:00,2025-08-07 00:16:33,UTC+02:00,Consumed caffeine?,true,
2025-08-06 00:14:00,2025-08-07 00:16:33,UTC+02:00,Consumed carbohydrates?,true,
2025-08-06 00:14:00,2025-08-07 00:16:33,UTC+02:00,Avoided processed foods?,true,
2025-08-06 00:14:00,2025-08-07 00:16:33,UTC+02:00,Took creatine?,false,
2025-08-06 00:14:00,2025-08-07 00:16:33,UTC+02:00,Experienced decreased libido?,false,
2025-08-06 00:14:00,2025-08-07 00:16:33,UTC+02:00,Took electrolyte supplements?,false,
2025-08-06 00:14:00,2025-08-07 00:16:33,UTC+02:00,Took fish oil?,false,
2025-08-06 00:14:00,2025-08-07 00:16:33,UTC+02:00,Ate home-cooked food?,true,
2025-08-06 00:14:00,2025-08-07 00:16:33,UTC+02:00,Took a hot shower before bed?,false,
2025-08-06 00:14:00,2025-08-07 00:16:33,UTC+02:00,Hydrated sufficiently?,true,
2025-08-06 00:14:00,2025-08-07 00:16:33,UTC+02:00,Experienced increased libido?,false,
2025-08-06 00:14:00,2025-08-07 00:16:33,UTC+02:00,Ate food close to bedtime?,false,
2025-08-06 00:14:00,2025-08-07 00:16:33,UTC+02:00,Took a magnesium supplement?,false,
2025-08-06 00:14:00,2025-08-07 00:16:33,UTC+02:00,Consumed meat?,true,
2025-08-06 00:14:00,2025-08-07 00:16:33,UTC+02:00,Wore mouth tape while sleeping?,false,
2025-08-06 00:14:00,2025-08-07 00:16:33,UTC+02:00,Took a multivitamin?,false,
2025-08-06 00:14:00,2025-08-07 00:16:33,UTC+02:00,Consumed nuts?,true,
2025-08-06 00:14:00,2025-08-07 00:16:33,UTC+02:00,Took omega 3 supplement?,false,
2025-08-06 00:14:00,2025-08-07 00:16:33,UTC+02:00,Walked after a meal?,false,
2025-08-06 00:14:00,2025-08-07 00:16:33,UTC+02:00,Used a sauna?,false,
2025-08-06 00:14:00,2025-08-07 00:16:33,UTC+02:00,Engaged in sexual activity?,false,
2025-08-06 00:14:00,2025-08-07 00:16:33,UTC+02:00,Took vitamin D?,false,
2025-08-06 00:14:00,2025-08-07 00:16:33,UTC+02:00,Took a zinc supplement?,false,
2025-08-05 01:34:58,2025-08-06 00:14:00,UTC+02:00,Consumed added sugar?,true,
2025-08-05 01:34:58,2025-08-06 00:14:00,UTC+02:00,Have any alcoholic drinks?,false,
2025-08-05 01:34:58,2025-08-06 00:14:00,UTC+02:00,Experienced bloating?,false,
2025-08-05 01:34:58,2025-08-06 00:14:00,UTC+02:00,Ate breakfast?,true,
2025-08-05 01:34:58,2025-08-06 00:14:00,UTC+02:00,Practiced breathwork?,false,
2025-08-05 01:34:58,2025-08-06 00:14:00,UTC+02:00,Consumed caffeine?,true,
2025-08-05 01:34:58,2025-08-06 00:14:00,UTC+02:00,Consumed carbohydrates?,true,
2025-08-05 01:34:58,2025-08-06 00:14:00,UTC+02:00,Avoided processed foods?,true,
2025-08-05 01:34:58,2025-08-06 00:14:00,UTC+02:00,Took creatine?,false,
2025-08-05 01:34:58,2025-08-06 00:14:00,UTC+02:00,Experienced decreased libido?,false,
2025-08-05 01:34:58,2025-08-06 00:14:00,UTC+02:00,Took electrolyte supplements?,false,
2025-08-05 01:34:58,2025-08-06 00:14:00,UTC+02:00,Took fish oil?,false,
2025-08-05 01:34:58,2025-08-06 00:14:00,UTC+02:00,Ate home-cooked food?,true,
2025-08-05 01:34:58,2025-08-06 00:14:00,UTC+02:00,Took a hot shower before bed?,false,
2025-08-05 01:34:58,2025-08-06 00:14:00,UTC+02:00,Hydrated sufficiently?,true,
2025-08-05 01:34:58,2025-08-06 00:14:00,UTC+02:00,Experienced increased libido?,false,
2025-08-05 01:34:58,2025-08-06 00:14:00,UTC+02:00,Ate food close to bedtime?,true,
2025-08-05 01:34:58,2025-08-06 00:14:00,UTC+02:00,Took a magnesium supplement?,false,
2025-08-05 01:34:58,2025-08-06 00:14:00,UTC+02:00,Consumed meat?,true,
2025-08-05 01:34:58,2025-08-06 00:14:00,UTC+02:00,Wore mouth tape while sleeping?,false,
2025-08-05 01:34:58,2025-08-06 00:14:00,UTC+02:00,Took a multivitamin?,false,
2025-08-05 01:34:58,2025-08-06 00:14:00,UTC+02:00,Consumed nuts?,true,
2025-08-05 01:34:58,2025-08-06 00:14:00,UTC+02:00,Took omega 3 supplement?,false,
2025-08-05 01:34:58,2025-08-06 00:14:00,UTC+02:00,Walked after a meal?,false,
2025-08-05 01:34:58,2025-08-06 00:14:00,UTC+02:00,Used a sauna?,false,
2025-08-05 01:34:58,2025-08-06 00:14:00,UTC+02:00,Engaged in sexual activity?,false,
2025-08-05 01:34:58,2025-08-06 00:14:00,UTC+02:00,Took vitamin D?,false,
2025-08-05 01:34:58,2025-08-06 00:14:00,UTC+02:00,Took a zinc supplement?,false,
2025-08-03 23:32:25,2025-08-05 01:34:58,UTC+02:00,Consumed added sugar?,true,
2025-08-03 23:32:25,2025-08-05 01:34:58,UTC+02:00,Have any alcoholic drinks?,false,
2025-08-03 23:32:25,2025-08-05 01:34:58,UTC+02:00,Experienced bloating?,false,
2025-08-03 23:32:25,2025-08-05 01:34:58,UTC+02:00,Ate breakfast?,true,
2025-08-03 23:32:25,2025-08-05 01:34:58,UTC+02:00,Practiced breathwork?,false,
2025-08-03 23:32:25,2025-08-05 01:34:58,UTC+02:00,Consumed caffeine?,true,
2025-08-03 23:32:25,2025-08-05 01:34:58,UTC+02:00,Consumed carbohydrates?,true,
2025-08-03 23:32:25,2025-08-05 01:34:58,UTC+02:00,Avoided processed foods?,true,
2025-08-03 23:32:25,2025-08-05 01:34:58,UTC+02:00,Took creatine?,false,
2025-08-03 23:32:25,2025-08-05 01:34:58,UTC+02:00,Experienced decreased libido?,false,
2025-08-03 23:32:25,2025-08-05 01:34:58,UTC+02:00,Took electrolyte supplements?,false,
2025-08-03 23:32:25,2025-08-05 01:34:58,UTC+02:00,Took fish oil?,false,
2025-08-03 23:32:25,2025-08-05 01:34:58,UTC+02:00,Ate home-cooked food?,true,
2025-08-03 23:32:25,2025-08-05 01:34:58,UTC+02:00,Took a hot shower before bed?,true,
2025-08-03 23:32:25,2025-08-05 01:34:58,UTC+02:00,Hydrated sufficiently?,true,
2025-08-03 23:32:25,2025-08-05 01:34:58,UTC+02:00,Experienced increased libido?,false,
2025-08-03 23:32:25,2025-08-05 01:34:58,UTC+02:00,Ate food close to bedtime?,true,
2025-08-03 23:32:25,2025-08-05 01:34:58,UTC+02:00,Took a magnesium supplement?,true,
2025-08-03 23:32:25,2025-08-05 01:34:58,UTC+02:00,Consumed meat?,true,
2025-08-03 23:32:25,2025-08-05 01:34:58,UTC+02:00,Wore mouth tape while sleeping?,false,
2025-08-03 23:32:25,2025-08-05 01:34:58,UTC+02:00,Took a multivitamin?,false,
2025-08-03 23:32:25,2025-08-05 01:34:58,UTC+02:00,Consumed nuts?,true,
2025-08-03 23:32:25,2025-08-05 01:34:58,UTC+02:00,Took omega 3 supplement?,false,
2025-08-03 23:32:25,2025-08-05 01:34:58,UTC+02:00,Walked after a meal?,false,
2025-08-03 23:32:25,2025-08-05 01:34:58,UTC+02:00,Used a sauna?,false,
2025-08-03 23:32:25,2025-08-05 01:34:58,UTC+02:00,Engaged in sexual activity?,false,
2025-08-03 23:32:25,2025-08-05 01:34:58,UTC+02:00,Took vitamin D?,true,
2025-08-03 23:32:25,2025-08-05 01:34:58,UTC+02:00,Took a zinc supplement?,false,
2025-08-02 01:20:22,2025-08-03 01:23:54,UTC+02:00,Consumed added sugar?,true,
2025-08-02 01:20:22,2025-08-03 01:23:54,UTC+02:00,Have any alcoholic drinks?,false,
2025-08-02 01:20:22,2025-08-03 01:23:54,UTC+02:00,Experienced bloating?,false,
2025-08-02 01:20:22,2025-08-03 01:23:54,UTC+02:00,Ate breakfast?,false,
2025-08-02 01:20:22,2025-08-03 01:23:54,UTC+02:00,Practiced breathwork?,false,
2025-08-02 01:20:22,2025-08-03 01:23:54,UTC+02:00,Consumed caffeine?,true,
2025-08-02 01:20:22,2025-08-03 01:23:54,UTC+02:00,Consumed carbohydrates?,true,
2025-08-02 01:20:22,2025-08-03 01:23:54,UTC+02:00,Avoided processed foods?,false,
2025-08-02 01:20:22,2025-08-03 01:23:54,UTC+02:00,Took creatine?,false,
2025-08-02 01:20:22,2025-08-03 01:23:54,UTC+02:00,Experienced decreased libido?,false,
2025-08-02 01:20:22,2025-08-03 01:23:54,UTC+02:00,Took electrolyte supplements?,false,
2025-08-02 01:20:22,2025-08-03 01:23:54,UTC+02:00,Took fish oil?,false,
2025-08-02 01:20:22,2025-08-03 01:23:54,UTC+02:00,Ate home-cooked food?,false,
2025-08-02 01:20:22,2025-08-03 01:23:54,UTC+02:00,Took a hot shower before bed?,false,
2025-08-02 01:20:22,2025-08-03 01:23:54,UTC+02:00,Hydrated sufficiently?,true,
2025-08-02 01:20:22,2025-08-03 01:23:54,UTC+02:00,Experienced increased libido?,false,
2025-08-02 01:20:22,2025-08-03 01:23:54,UTC+02:00,Ate food close to bedtime?,false,
2025-08-02 01:20:22,2025-08-03 01:23:54,UTC+02:00,Took a magnesium supplement?,true,
2025-08-02 01:20:22,2025-08-03 01:23:54,UTC+02:00,Consumed meat?,true,
2025-08-02 01:20:22,2025-08-03 01:23:54,UTC+02:00,Wore mouth tape while sleeping?,false,
2025-08-02 01:20:22,2025-08-03 01:23:54,UTC+02:00,Took a multivitamin?,false,
2025-08-02 01:20:22,2025-08-03 01:23:54,UTC+02:00,Consumed nuts?,true,
2025-08-02 01:20:22,2025-08-03 01:23:54,UTC+02:00,Took omega 3 supplement?,false,
2025-08-02 01:20:22,2025-08-03 01:23:54,UTC+02:00,Walked after a meal?,false,
2025-08-02 01:20:22,2025-08-03 01:23:54,UTC+02:00,Used a sauna?,false,
2025-08-02 01:20:22,2025-08-03 01:23:54,UTC+02:00,Engaged in sexual activity?,false,
2025-08-02 01:20:22,2025-08-03 01:23:54,UTC+02:00,Took vitamin D?,true,
2025-08-02 01:20:22,2025-08-03 01:23:54,UTC+02:00,Took a zinc supplement?,false,
2025-07-29 01:31:09,2025-07-30 01:47:58,UTC+01:00,Consumed added sugar?,true,
2025-07-29 01:31:09,2025-07-30 01:47:58,UTC+01:00,Have any alcoholic drinks?,false,
2025-07-29 01:31:09,2025-07-30 01:47:58,UTC+01:00,Experienced bloating?,false,
2025-07-29 01:31:09,2025-07-30 01:47:58,UTC+01:00,Ate breakfast?,false,
2025-07-29 01:31:09,2025-07-30 01:47:58,UTC+01:00,Practiced breathwork?,false,
2025-07-29 01:31:09,2025-07-30 01:47:58,UTC+01:00,Consumed caffeine?,true,
2025-07-29 01:31:09,2025-07-30 01:47:58,UTC+01:00,Consumed carbohydrates?,true,
2025-07-29 01:31:09,2025-07-30 01:47:58,UTC+01:00,Avoided processed foods?,false,
2025-07-29 01:31:09,2025-07-30 01:47:58,UTC+01:00,Took creatine?,false,
2025-07-29 01:31:09,2025-07-30 01:47:58,UTC+01:00,Experienced decreased libido?,false,
2025-07-29 01:31:09,2025-07-30 01:47:58,UTC+01:00,Took electrolyte supplements?,false,
2025-07-29 01:31:09,2025-07-30 01:47:58,UTC+01:00,Took fish oil?,true,
2025-07-29 01:31:09,2025-07-30 01:47:58,UTC+01:00,Ate home-cooked food?,false,
2025-07-29 01:31:09,2025-07-30 01:47:58,UTC+01:00,Took a hot shower before bed?,true,
2025-07-29 01:31:09,2025-07-30 01:47:58,UTC+01:00,Hydrated sufficiently?,true,
2025-07-29 01:31:09,2025-07-30 01:47:58,UTC+01:00,Experienced increased libido?,false,
2025-07-29 01:31:09,2025-07-30 01:47:58,UTC+01:00,Ate food close to bedtime?,true,
2025-07-29 01:31:09,2025-07-30 01:47:58,UTC+01:00,Took a magnesium supplement?,true,
2025-07-29 01:31:09,2025-07-30 01:47:58,UTC+01:00,Consumed meat?,true,
2025-07-29 01:31:09,2025-07-30 01:47:58,UTC+01:00,Wore mouth tape while sleeping?,false,
2025-07-29 01:31:09,2025-07-30 01:47:58,UTC+01:00,Took a multivitamin?,true,
2025-07-29 01:31:09,2025-07-30 01:47:58,UTC+01:00,Consumed nuts?,true,
2025-07-29 01:31:09,2025-07-30 01:47:58,UTC+01:00,Took omega 3 supplement?,true,
2025-07-29 01:31:09,2025-07-30 01:47:58,UTC+01:00,Walked after a meal?,false,
2025-07-29 01:31:09,2025-07-30 01:47:58,UTC+01:00,Used a sauna?,false,
2025-07-29 01:31:09,2025-07-30 01:47:58,UTC+01:00,Engaged in sexual activity?,false,
2025-07-29 01:31:09,2025-07-30 01:47:58,UTC+01:00,Took vitamin D?,true,
2025-07-29 01:31:09,2025-07-30 01:47:58,UTC+01:00,Took a zinc supplement?,true,
2025-07-25 00:01:54,2025-07-26 02:47:52,UTC+01:00,Consumed added sugar?,true,
2025-07-25 00:01:54,2025-07-26 02:47:52,UTC+01:00,Have any alcoholic drinks?,false,
2025-07-25 00:01:54,2025-07-26 02:47:52,UTC+01:00,Experienced bloating?,false,
2025-07-25 00:01:54,2025-07-26 02:47:52,UTC+01:00,Ate breakfast?,false,
2025-07-25 00:01:54,2025-07-26 02:47:52,UTC+01:00,Practiced breathwork?,false,
2025-07-25 00:01:54,2025-07-26 02:47:52,UTC+01:00,Consumed caffeine?,true,
2025-07-25 00:01:54,2025-07-26 02:47:52,UTC+01:00,Consumed carbohydrates?,true,
2025-07-25 00:01:54,2025-07-26 02:47:52,UTC+01:00,Avoided processed foods?,true,
2025-07-25 00:01:54,2025-07-26 02:47:52,UTC+01:00,Took creatine?,false,
2025-07-25 00:01:54,2025-07-26 02:47:52,UTC+01:00,Experienced decreased libido?,false,
2025-07-25 00:01:54,2025-07-26 02:47:52,UTC+01:00,Took electrolyte supplements?,false,
2025-07-25 00:01:54,2025-07-26 02:47:52,UTC+01:00,Took fish oil?,false,
2025-07-25 00:01:54,2025-07-26 02:47:52,UTC+01:00,Ate home-cooked food?,true,
2025-07-25 00:01:54,2025-07-26 02:47:52,UTC+01:00,Took a hot shower before bed?,true,
2025-07-25 00:01:54,2025-07-26 02:47:52,UTC+01:00,Hydrated sufficiently?,true,
2025-07-25 00:01:54,2025-07-26 02:47:52,UTC+01:00,Experienced increased libido?,false,
2025-07-25 00:01:54,2025-07-26 02:47:52,UTC+01:00,Ate food close to bedtime?,false,
2025-07-25 00:01:54,2025-07-26 02:47:52,UTC+01:00,Took a magnesium supplement?,false,
2025-07-25 00:01:54,2025-07-26 02:47:52,UTC+01:00,Consumed meat?,true,
2025-07-25 00:01:54,2025-07-26 02:47:52,UTC+01:00,Wore mouth tape while sleeping?,false,
2025-07-25 00:01:54,2025-07-26 02:47:52,UTC+01:00,Took a multivitamin?,false,
2025-07-25 00:01:54,2025-07-26 02:47:52,UTC+01:00,Consumed nuts?,true,
2025-07-25 00:01:54,2025-07-26 02:47:52,UTC+01:00,Took omega 3 supplement?,false,
2025-07-25 00:01:54,2025-07-26 02:47:52,UTC+01:00,Walked after a meal?,false,
2025-07-25 00:01:54,2025-07-26 02:47:52,UTC+01:00,Used a sauna?,false,
2025-07-25 00:01:54,2025-07-26 02:47:52,UTC+01:00,Engaged in sexual activity?,false,
2025-07-25 00:01:54,2025-07-26 02:47:52,UTC+01:00,Took vitamin D?,false,
2025-07-25 00:01:54,2025-07-26 02:47:52,UTC+01:00,Took a zinc supplement?,false,
2025-07-23 23:29:40,2025-07-25 00:01:54,UTC+01:00,Consumed added sugar?,true,
2025-07-23 23:29:40,2025-07-25 00:01:54,UTC+01:00,Have any alcoholic drinks?,false,
2025-07-23 23:29:40,2025-07-25 00:01:54,UTC+01:00,Experienced bloating?,false,
2025-07-23 23:29:40,2025-07-25 00:01:54,UTC+01:00,Ate breakfast?,false,
2025-07-23 23:29:40,2025-07-25 00:01:54,UTC+01:00,Practiced breathwork?,false,
2025-07-23 23:29:40,2025-07-25 00:01:54,UTC+01:00,Consumed caffeine?,true,
2025-07-23 23:29:40,2025-07-25 00:01:54,UTC+01:00,Consumed carbohydrates?,true,
2025-07-23 23:29:40,2025-07-25 00:01:54,UTC+01:00,Avoided processed foods?,false,
2025-07-23 23:29:40,2025-07-25 00:01:54,UTC+01:00,Took creatine?,false,
2025-07-23 23:29:40,2025-07-25 00:01:54,UTC+01:00,Experienced decreased libido?,false,
2025-07-23 23:29:40,2025-07-25 00:01:54,UTC+01:00,Took electrolyte supplements?,false,
2025-07-23 23:29:40,2025-07-25 00:01:54,UTC+01:00,Took fish oil?,false,
2025-07-23 23:29:40,2025-07-25 00:01:54,UTC+01:00,Ate home-cooked food?,true,
2025-07-23 23:29:40,2025-07-25 00:01:54,UTC+01:00,Took a hot shower before bed?,true,
2025-07-23 23:29:40,2025-07-25 00:01:54,UTC+01:00,Hydrated sufficiently?,true,
2025-07-23 23:29:40,2025-07-25 00:01:54,UTC+01:00,Experienced increased libido?,false,
2025-07-23 23:29:40,2025-07-25 00:01:54,UTC+01:00,Ate food close to bedtime?,false,
2025-07-23 23:29:40,2025-07-25 00:01:54,UTC+01:00,Took a magnesium supplement?,false,
2025-07-23 23:29:40,2025-07-25 00:01:54,UTC+01:00,Consumed meat?,true,
2025-07-23 23:29:40,2025-07-25 00:01:54,UTC+01:00,Wore mouth tape while sleeping?,true,
2025-07-23 23:29:40,2025-07-25 00:01:54,UTC+01:00,Took a multivitamin?,false,
2025-07-23 23:29:40,2025-07-25 00:01:54,UTC+01:00,Consumed nuts?,true,
2025-07-23 23:29:40,2025-07-25 00:01:54,UTC+01:00,Took omega 3 supplement?,false,
2025-07-23 23:29:40,2025-07-25 00:01:54,UTC+01:00,Walked after a meal?,false,
2025-07-23 23:29:40,2025-07-25 00:01:54,UTC+01:00,Used a sauna?,false,
2025-07-23 23:29:40,2025-07-25 00:01:54,UTC+01:00,Engaged in sexual activity?,false,
2025-07-23 23:29:40,2025-07-25 00:01:54,UTC+01:00,Took vitamin D?,true,
2025-07-23 23:29:40,2025-07-25 00:01:54,UTC+01:00,Took a zinc supplement?,false,
2025-07-23 01:49:04,2025-07-23 23:29:40,UTC+01:00,Consumed added sugar?,true,
2025-07-23 01:49:04,2025-07-23 23:29:40,UTC+01:00,Have any alcoholic drinks?,false,
2025-07-23 01:49:04,2025-07-23 23:29:40,UTC+01:00,Experienced bloating?,false,
2025-07-23 01:49:04,2025-07-23 23:29:40,UTC+01:00,Ate breakfast?,false,
2025-07-23 01:49:04,2025-07-23 23:29:40,UTC+01:00,Practiced breathwork?,false,
2025-07-23 01:49:04,2025-07-23 23:29:40,UTC+01:00,Consumed caffeine?,true,
2025-07-23 01:49:04,2025-07-23 23:29:40,UTC+01:00,Consumed carbohydrates?,true,
2025-07-23 01:49:04,2025-07-23 23:29:40,UTC+01:00,Avoided processed foods?,true,
2025-07-23 01:49:04,2025-07-23 23:29:40,UTC+01:00,Took creatine?,false,
2025-07-23 01:49:04,2025-07-23 23:29:40,UTC+01:00,Experienced decreased libido?,false,
2025-07-23 01:49:04,2025-07-23 23:29:40,UTC+01:00,Took electrolyte supplements?,false,
2025-07-23 01:49:04,2025-07-23 23:29:40,UTC+01:00,Took fish oil?,true,
2025-07-23 01:49:04,2025-07-23 23:29:40,UTC+01:00,Ate home-cooked food?,false,
2025-07-23 01:49:04,2025-07-23 23:29:40,UTC+01:00,Took a hot shower before bed?,true,
2025-07-23 01:49:04,2025-07-23 23:29:40,UTC+01:00,Hydrated sufficiently?,true,
2025-07-23 01:49:04,2025-07-23 23:29:40,UTC+01:00,Experienced increased libido?,false,
2025-07-23 01:49:04,2025-07-23 23:29:40,UTC+01:00,Ate food close to bedtime?,false,
2025-07-23 01:49:04,2025-07-23 23:29:40,UTC+01:00,Took a magnesium supplement?,true,
2025-07-23 01:49:04,2025-07-23 23:29:40,UTC+01:00,Consumed meat?,true,
2025-07-23 01:49:04,2025-07-23 23:29:40,UTC+01:00,Wore mouth tape while sleeping?,true,
2025-07-23 01:49:04,2025-07-23 23:29:40,UTC+01:00,Took a multivitamin?,false,
2025-07-23 01:49:04,2025-07-23 23:29:40,UTC+01:00,Consumed nuts?,true,
2025-07-23 01:49:04,2025-07-23 23:29:40,UTC+01:00,Took omega 3 supplement?,true,
2025-07-23 01:49:04,2025-07-23 23:29:40,UTC+01:00,Walked after a meal?,false,
2025-07-23 01:49:04,2025-07-23 23:29:40,UTC+01:00,Used a sauna?,false,
2025-07-23 01:49:04,2025-07-23 23:29:40,UTC+01:00,Engaged in sexual activity?,false,
2025-07-23 01:49:04,2025-07-23 23:29:40,UTC+01:00,Took vitamin D?,true,
2025-07-23 01:49:04,2025-07-23 23:29:40,UTC+01:00,Took a zinc supplement?,true,
2025-07-22 00:23:47,2025-07-23 01:49:04,UTC+01:00,Consumed added sugar?,true,
2025-07-22 00:23:47,2025-07-23 01:49:04,UTC+01:00,Have any alcoholic drinks?,false,
2025-07-22 00:23:47,2025-07-23 01:49:04,UTC+01:00,Experienced bloating?,false,
2025-07-22 00:23:47,2025-07-23 01:49:04,UTC+01:00,Ate breakfast?,false,
2025-07-22 00:23:47,2025-07-23 01:49:04,UTC+01:00,Practiced breathwork?,false,
2025-07-22 00:23:47,2025-07-23 01:49:04,UTC+01:00,Consumed caffeine?,true,
2025-07-22 00:23:47,2025-07-23 01:49:04,UTC+01:00,Consumed carbohydrates?,true,
2025-07-22 00:23:47,2025-07-23 01:49:04,UTC+01:00,Avoided processed foods?,true,
2025-07-22 00:23:47,2025-07-23 01:49:04,UTC+01:00,Took creatine?,false,
2025-07-22 00:23:47,2025-07-23 01:49:04,UTC+01:00,Experienced decreased libido?,false,
2025-07-22 00:23:47,2025-07-23 01:49:04,UTC+01:00,Took electrolyte supplements?,false,
2025-07-22 00:23:47,2025-07-23 01:49:04,UTC+01:00,Took fish oil?,true,
2025-07-22 00:23:47,2025-07-23 01:49:04,UTC+01:00,Ate home-cooked food?,true,
2025-07-22 00:23:47,2025-07-23 01:49:04,UTC+01:00,Took a hot shower before bed?,true,
2025-07-22 00:23:47,2025-07-23 01:49:04,UTC+01:00,Hydrated sufficiently?,true,
2025-07-22 00:23:47,2025-07-23 01:49:04,UTC+01:00,Experienced increased libido?,false,
2025-07-22 00:23:47,2025-07-23 01:49:04,UTC+01:00,Ate food close to bedtime?,false,
2025-07-22 00:23:47,2025-07-23 01:49:04,UTC+01:00,Took a magnesium supplement?,true,
2025-07-22 00:23:47,2025-07-23 01:49:04,UTC+01:00,Consumed meat?,true,
2025-07-22 00:23:47,2025-07-23 01:49:04,UTC+01:00,Wore mouth tape while sleeping?,true,
2025-07-22 00:23:47,2025-07-23 01:49:04,UTC+01:00,Took a multivitamin?,false,
2025-07-22 00:23:47,2025-07-23 01:49:04,UTC+01:00,Consumed nuts?,true,
2025-07-22 00:23:47,2025-07-23 01:49:04,UTC+01:00,Took omega 3 supplement?,true,
2025-07-22 00:23:47,2025-07-23 01:49:04,UTC+01:00,Walked after a meal?,false,
2025-07-22 00:23:47,2025-07-23 01:49:04,UTC+01:00,Used a sauna?,false,
2025-07-22 00:23:47,2025-07-23 01:49:04,UTC+01:00,Engaged in sexual activity?,false,
2025-07-22 00:23:47,2025-07-23 01:49:04,UTC+01:00,Took vitamin D?,true,
2025-07-22 00:23:47,2025-07-23 01:49:04,UTC+01:00,Took a zinc supplement?,true,
2025-07-21 00:37:45,2025-07-22 00:23:47,UTC+01:00,Consumed added sugar?,true,
2025-07-21 00:37:45,2025-07-22 00:23:47,UTC+01:00,Have any alcoholic drinks?,false,
2025-07-21 00:37:45,2025-07-22 00:23:47,UTC+01:00,Experienced bloating?,false,
2025-07-21 00:37:45,2025-07-22 00:23:47,UTC+01:00,Ate breakfast?,true,
2025-07-21 00:37:45,2025-07-22 00:23:47,UTC+01:00,Practiced breathwork?,false,
2025-07-21 00:37:45,2025-07-22 00:23:47,UTC+01:00,Consumed caffeine?,true,
2025-07-21 00:37:45,2025-07-22 00:23:47,UTC+01:00,Consumed carbohydrates?,true,
2025-07-21 00:37:45,2025-07-22 00:23:47,UTC+01:00,Avoided processed foods?,false,
2025-07-21 00:37:45,2025-07-22 00:23:47,UTC+01:00,Took creatine?,false,
2025-07-21 00:37:45,2025-07-22 00:23:47,UTC+01:00,Experienced decreased libido?,false,
2025-07-21 00:37:45,2025-07-22 00:23:47,UTC+01:00,Took electrolyte supplements?,false,
2025-07-21 00:37:45,2025-07-22 00:23:47,UTC+01:00,Took fish oil?,false,
2025-07-21 00:37:45,2025-07-22 00:23:47,UTC+01:00,Ate home-cooked food?,true,
2025-07-21 00:37:45,2025-07-22 00:23:47,UTC+01:00,Took a hot shower before bed?,true,
2025-07-21 00:37:45,2025-07-22 00:23:47,UTC+01:00,Hydrated sufficiently?,true,
2025-07-21 00:37:45,2025-07-22 00:23:47,UTC+01:00,Experienced increased libido?,false,
2025-07-21 00:37:45,2025-07-22 00:23:47,UTC+01:00,Ate food close to bedtime?,false,
2025-07-21 00:37:45,2025-07-22 00:23:47,UTC+01:00,Took a magnesium supplement?,false,
2025-07-21 00:37:45,2025-07-22 00:23:47,UTC+01:00,Consumed meat?,true,
2025-07-21 00:37:45,2025-07-22 00:23:47,UTC+01:00,Wore mouth tape while sleeping?,true,
2025-07-21 00:37:45,2025-07-22 00:23:47,UTC+01:00,Took a multivitamin?,false,
2025-07-21 00:37:45,2025-07-22 00:23:47,UTC+01:00,Consumed nuts?,true,
2025-07-21 00:37:45,2025-07-22 00:23:47,UTC+01:00,Took omega 3 supplement?,false,
2025-07-21 00:37:45,2025-07-22 00:23:47,UTC+01:00,Walked after a meal?,false,
2025-07-21 00:37:45,2025-07-22 00:23:47,UTC+01:00,Used a sauna?,false,
2025-07-21 00:37:45,2025-07-22 00:23:47,UTC+01:00,Engaged in sexual activity?,false,
2025-07-21 00:37:45,2025-07-22 00:23:47,UTC+01:00,Took vitamin D?,false,
2025-07-21 00:37:45,2025-07-22 00:23:47,UTC+01:00,Took a zinc supplement?,false,
2025-07-16 00:54:37,2025-07-17 00:13:09,UTC+01:00,Consumed added sugar?,true,
2025-07-16 00:54:37,2025-07-17 00:13:09,UTC+01:00,Have any alcoholic drinks?,false,
2025-07-16 00:54:37,2025-07-17 00:13:09,UTC+01:00,Experienced bloating?,false,
2025-07-16 00:54:37,2025-07-17 00:13:09,UTC+01:00,Ate breakfast?,false,
2025-07-16 00:54:37,2025-07-17 00:13:09,UTC+01:00,Practiced breathwork?,false,
2025-07-16 00:54:37,2025-07-17 00:13:09,UTC+01:00,Consumed caffeine?,true,
2025-07-16 00:54:37,2025-07-17 00:13:09,UTC+01:00,Consumed carbohydrates?,true,
2025-07-16 00:54:37,2025-07-17 00:13:09,UTC+01:00,Avoided processed foods?,true,
2025-07-16 00:54:37,2025-07-17 00:13:09,UTC+01:00,Took creatine?,false,
2025-07-16 00:54:37,2025-07-17 00:13:09,UTC+01:00,Experienced decreased libido?,false,
2025-07-16 00:54:37,2025-07-17 00:13:09,UTC+01:00,Took electrolyte supplements?,false,
2025-07-16 00:54:37,2025-07-17 00:13:09,UTC+01:00,Took fish oil?,false,
2025-07-16 00:54:37,2025-07-17 00:13:09,UTC+01:00,Ate home-cooked food?,true,
2025-07-16 00:54:37,2025-07-17 00:13:09,UTC+01:00,Took a hot shower before bed?,false,
2025-07-16 00:54:37,2025-07-17 00:13:09,UTC+01:00,Hydrated sufficiently?,true,
2025-07-16 00:54:37,2025-07-17 00:13:09,UTC+01:00,Experienced increased libido?,false,
2025-07-16 00:54:37,2025-07-17 00:13:09,UTC+01:00,Ate food close to bedtime?,false,
2025-07-16 00:54:37,2025-07-17 00:13:09,UTC+01:00,Took a magnesium supplement?,true,
2025-07-16 00:54:37,2025-07-17 00:13:09,UTC+01:00,Consumed meat?,true,
2025-07-16 00:54:37,2025-07-17 00:13:09,UTC+01:00,Wore mouth tape while sleeping?,false,
2025-07-16 00:54:37,2025-07-17 00:13:09,UTC+01:00,Took a multivitamin?,false,
2025-07-16 00:54:37,2025-07-17 00:13:09,UTC+01:00,Consumed nuts?,true,
2025-07-16 00:54:37,2025-07-17 00:13:09,UTC+01:00,Took omega 3 supplement?,false,
2025-07-16 00:54:37,2025-07-17 00:13:09,UTC+01:00,Walked after a meal?,false,
2025-07-16 00:54:37,2025-07-17 00:13:09,UTC+01:00,Used a sauna?,false,
2025-07-16 00:54:37,2025-07-17 00:13:09,UTC+01:00,Engaged in sexual activity?,false,
2025-07-16 00:54:37,2025-07-17 00:13:09,UTC+01:00,Took vitamin D?,false,
2025-07-16 00:54:37,2025-07-17 00:13:09,UTC+01:00,Took a zinc supplement?,false,
2025-07-15 00:41:02,2025-07-16 00:54:37,UTC+01:00,Consumed added sugar?,true,
2025-07-15 00:41:02,2025-07-16 00:54:37,UTC+01:00,Have any alcoholic drinks?,false,
2025-07-15 00:41:02,2025-07-16 00:54:37,UTC+01:00,Experienced bloating?,false,
2025-07-15 00:41:02,2025-07-16 00:54:37,UTC+01:00,Ate breakfast?,false,
2025-07-15 00:41:02,2025-07-16 00:54:37,UTC+01:00,Practiced breathwork?,false,
2025-07-15 00:41:02,2025-07-16 00:54:37,UTC+01:00,Consumed caffeine?,true,
2025-07-15 00:41:02,2025-07-16 00:54:37,UTC+01:00,Consumed carbohydrates?,true,
2025-07-15 00:41:02,2025-07-16 00:54:37,UTC+01:00,Avoided processed foods?,true,
2025-07-15 00:41:02,2025-07-16 00:54:37,UTC+01:00,Took creatine?,false,
2025-07-15 00:41:02,2025-07-16 00:54:37,UTC+01:00,Experienced decreased libido?,false,
2025-07-15 00:41:02,2025-07-16 00:54:37,UTC+01:00,Took electrolyte supplements?,false,
2025-07-15 00:41:02,2025-07-16 00:54:37,UTC+01:00,Took fish oil?,false,
2025-07-15 00:41:02,2025-07-16 00:54:37,UTC+01:00,Ate home-cooked food?,true,
2025-07-15 00:41:02,2025-07-16 00:54:37,UTC+01:00,Took a hot shower before bed?,false,
2025-07-15 00:41:02,2025-07-16 00:54:37,UTC+01:00,Hydrated sufficiently?,true,
2025-07-15 00:41:02,2025-07-16 00:54:37,UTC+01:00,Experienced increased libido?,false,
2025-07-15 00:41:02,2025-07-16 00:54:37,UTC+01:00,Ate food close to bedtime?,false,
2025-07-15 00:41:02,2025-07-16 00:54:37,UTC+01:00,Took a magnesium supplement?,false,
2025-07-15 00:41:02,2025-07-16 00:54:37,UTC+01:00,Consumed meat?,true,
2025-07-15 00:41:02,2025-07-16 00:54:37,UTC+01:00,Wore mouth tape while sleeping?,false,
2025-07-15 00:41:02,2025-07-16 00:54:37,UTC+01:00,Took a multivitamin?,false,
2025-07-15 00:41:02,2025-07-16 00:54:37,UTC+01:00,Consumed nuts?,true,
2025-07-15 00:41:02,2025-07-16 00:54:37,UTC+01:00,Took omega 3 supplement?,false,
2025-07-15 00:41:02,2025-07-16 00:54:37,UTC+01:00,Walked after a meal?,false,
2025-07-15 00:41:02,2025-07-16 00:54:37,UTC+01:00,Used a sauna?,false,
2025-07-15 00:41:02,2025-07-16 00:54:37,UTC+01:00,Engaged in sexual activity?,false,
2025-07-15 00:41:02,2025-07-16 00:54:37,UTC+01:00,Took vitamin D?,false,
2025-07-15 00:41:02,2025-07-16 00:54:37,UTC+01:00,Took a zinc supplement?,false,
2025-07-14 01:01:31,2025-07-15 00:41:02,UTC+01:00,Consumed added sugar?,true,
2025-07-14 01:01:31,2025-07-15 00:41:02,UTC+01:00,Have any alcoholic drinks?,false,
2025-07-14 01:01:31,2025-07-15 00:41:02,UTC+01:00,Experienced bloating?,true,
2025-07-14 01:01:31,2025-07-15 00:41:02,UTC+01:00,Ate breakfast?,false,
2025-07-14 01:01:31,2025-07-15 00:41:02,UTC+01:00,Practiced breathwork?,false,
2025-07-14 01:01:31,2025-07-15 00:41:02,UTC+01:00,Consumed caffeine?,true,
2025-07-14 01:01:31,2025-07-15 00:41:02,UTC+01:00,Consumed carbohydrates?,true,
2025-07-14 01:01:31,2025-07-15 00:41:02,UTC+01:00,Avoided processed foods?,true,
2025-07-14 01:01:31,2025-07-15 00:41:02,UTC+01:00,Took creatine?,false,
2025-07-14 01:01:31,2025-07-15 00:41:02,UTC+01:00,Experienced decreased libido?,false,
2025-07-14 01:01:31,2025-07-15 00:41:02,UTC+01:00,Took electrolyte supplements?,false,
2025-07-14 01:01:31,2025-07-15 00:41:02,UTC+01:00,Took fish oil?,false,
2025-07-14 01:01:31,2025-07-15 00:41:02,UTC+01:00,Ate home-cooked food?,false,
2025-07-14 01:01:31,2025-07-15 00:41:02,UTC+01:00,Took a hot shower before bed?,true,
2025-07-14 01:01:31,2025-07-15 00:41:02,UTC+01:00,Hydrated sufficiently?,false,
2025-07-14 01:01:31,2025-07-15 00:41:02,UTC+01:00,Experienced increased libido?,false,
2025-07-14 01:01:31,2025-07-15 00:41:02,UTC+01:00,Ate food close to bedtime?,true,
2025-07-14 01:01:31,2025-07-15 00:41:02,UTC+01:00,Took a magnesium supplement?,false,
2025-07-14 01:01:31,2025-07-15 00:41:02,UTC+01:00,Consumed meat?,true,
2025-07-14 01:01:31,2025-07-15 00:41:02,UTC+01:00,Wore mouth tape while sleeping?,false,
2025-07-14 01:01:31,2025-07-15 00:41:02,UTC+01:00,Took a multivitamin?,false,
2025-07-14 01:01:31,2025-07-15 00:41:02,UTC+01:00,Consumed nuts?,false,
2025-07-14 01:01:31,2025-07-15 00:41:02,UTC+01:00,Took omega 3 supplement?,false,
2025-07-14 01:01:31,2025-07-15 00:41:02,UTC+01:00,Walked after a meal?,false,
2025-07-14 01:01:31,2025-07-15 00:41:02,UTC+01:00,Used a sauna?,false,
2025-07-14 01:01:31,2025-07-15 00:41:02,UTC+01:00,Engaged in sexual activity?,false,
2025-07-14 01:01:31,2025-07-15 00:41:02,UTC+01:00,Took vitamin D?,false,
2025-07-14 01:01:31,2025-07-15 00:41:02,UTC+01:00,Took a zinc supplement?,false,
2025-07-13 00:27:58,2025-07-14 01:01:31,UTC+01:00,Have any alcoholic drinks?,false,
2025-07-13 00:27:58,2025-07-14 01:01:31,UTC+01:00,Consumed caffeine?,true,
2025-07-13 00:27:58,2025-07-14 01:01:31,UTC+01:00,Engaged in sexual activity?,false,
2025-07-13 00:27:58,2025-07-14 01:01:31,UTC+01:00,Ate food close to bedtime?,true,
2025-07-13 00:27:58,2025-07-14 01:01:31,UTC+01:00,Took electrolyte supplements?,false,
2025-07-13 00:27:58,2025-07-14 01:01:31,UTC+01:00,Ate breakfast?,false,
2025-07-13 00:27:58,2025-07-14 01:01:31,UTC+01:00,Consumed meat?,true,
2025-07-13 00:27:58,2025-07-14 01:01:31,UTC+01:00,Experienced bloating?,true,
2025-07-13 00:27:58,2025-07-14 01:01:31,UTC+01:00,Ate home-cooked food?,false,
2025-07-13 00:27:58,2025-07-14 01:01:31,UTC+01:00,Consumed carbohydrates?,true,
2025-07-13 00:27:58,2025-07-14 01:01:31,UTC+01:00,Avoided processed foods?,true,
2025-07-13 00:27:58,2025-07-14 01:01:31,UTC+01:00,Consumed added sugar?,true,
2025-07-13 00:27:58,2025-07-14 01:01:31,UTC+01:00,Took a zinc supplement?,false,
2025-07-13 00:27:58,2025-07-14 01:01:31,UTC+01:00,Experienced increased libido?,false,
2025-07-13 00:27:58,2025-07-14 01:01:31,UTC+01:00,Took a magnesium supplement?,false,
2025-07-13 00:27:58,2025-07-14 01:01:31,UTC+01:00,Wore mouth tape while sleeping?,false,
2025-07-13 00:27:58,2025-07-14 01:01:31,UTC+01:00,Experienced decreased libido?,false,
2025-07-13 00:27:58,2025-07-14 01:01:31,UTC+01:00,Took creatine?,false,
2025-07-13 00:27:58,2025-07-14 01:01:31,UTC+01:00,Took fish oil?,false,
2025-07-13 00:27:58,2025-07-14 01:01:31,UTC+01:00,Took a multivitamin?,false,
2025-07-13 00:27:58,2025-07-14 01:01:31,UTC+01:00,Walked after a meal?,false,
2025-07-13 00:27:58,2025-07-14 01:01:31,UTC+01:00,Consumed nuts?,false,
2025-07-13 00:27:58,2025-07-14 01:01:31,UTC+01:00,Took vitamin D?,false,
2025-07-13 00:27:58,2025-07-14 01:01:31,UTC+01:00,Took omega 3 supplement?,false,
2025-07-13 00:27:58,2025-07-14 01:01:31,UTC+01:00,Took a hot shower before bed?,true,
2025-07-13 00:27:58,2025-07-14 01:01:31,UTC+01:00,Used a sauna?,false,
2025-07-13 00:27:58,2025-07-14 01:01:31,UTC+01:00,Hydrated sufficiently?,false,
2025-07-13 00:27:58,2025-07-14 01:01:31,UTC+01:00,Practiced breathwork?,false,
2025-07-12 02:51:56,2025-07-13 00:27:58,UTC+01:00,Consumed caffeine?,true,
2025-07-12 02:51:56,2025-07-13 00:27:58,UTC+01:00,Engaged in sexual activity?,false,
2025-07-12 02:51:56,2025-07-13 00:27:58,UTC+01:00,Ate food close to bedtime?,true,
2025-07-12 02:51:56,2025-07-13 00:27:58,UTC+01:00,Consumed meat?,true,
2025-07-12 02:51:56,2025-07-13 00:27:58,UTC+01:00,Took a magnesium supplement?,true,
2025-07-12 02:51:56,2025-07-13 00:27:58,UTC+01:00,Used a sauna?,false,
2025-07-12 02:51:56,2025-07-13 00:27:58,UTC+01:00,Hydrated sufficiently?,true,
2025-07-12 02:51:56,2025-07-13 00:27:58,UTC+01:00,Practiced breathwork?,false,
2025-07-12 02:51:56,2025-07-13 00:27:58,UTC+01:00,Experienced bloating?,false,
2025-07-12 02:51:56,2025-07-13 00:27:58,UTC+01:00,Consumed carbohydrates?,true,
2025-07-12 02:51:56,2025-07-13 00:27:58,UTC+01:00,Avoided processed foods?,false,
2025-07-12 02:51:56,2025-07-13 00:27:58,UTC+01:00,Consumed added sugar?,true,
2025-07-12 02:51:56,2025-07-13 00:27:58,UTC+01:00,Took creatine?,false,
2025-07-12 02:51:56,2025-07-13 00:27:58,UTC+01:00,Took fish oil?,false,
2025-07-12 02:51:56,2025-07-13 00:27:58,UTC+01:00,Took a multivitamin?,true,
2025-07-12 02:51:56,2025-07-13 00:27:58,UTC+01:00,Took vitamin D?,true,
2025-07-12 02:51:56,2025-07-13 00:27:58,UTC+01:00,Took a zinc supplement?,true,
2025-07-12 02:51:56,2025-07-13 00:27:58,UTC+01:00,Wore mouth tape while sleeping?,false,
2025-07-12 02:51:56,2025-07-13 00:27:58,UTC+01:00,Took a hot shower before bed?,false,
2025-07-12 02:51:56,2025-07-13 00:27:58,UTC+01:00,Took electrolyte supplements?,false,
2025-07-12 02:51:56,2025-07-13 00:27:58,UTC+01:00,Experienced increased libido?,false,
2025-07-12 02:51:56,2025-07-13 00:27:58,UTC+01:00,Experienced decreased libido?,false,
2025-07-12 02:51:56,2025-07-13 00:27:58,UTC+01:00,Ate breakfast?,false,
2025-07-12 02:51:56,2025-07-13 00:27:58,UTC+01:00,Ate home-cooked food?,false,
2025-07-12 02:51:56,2025-07-13 00:27:58,UTC+01:00,Walked after a meal?,false,
2025-07-12 02:51:56,2025-07-13 00:27:58,UTC+01:00,Consumed nuts?,true,
2025-07-12 02:51:56,2025-07-13 00:27:58,UTC+01:00,Took omega 3 supplement?,true,
2025-07-11 00:53:56,2025-07-12 02:51:56,UTC+01:00,Consumed added sugar?,true,
2025-07-11 00:53:56,2025-07-12 02:51:56,UTC+01:00,Experienced bloating?,false,
2025-07-11 00:53:56,2025-07-12 02:51:56,UTC+01:00,Ate breakfast?,false,
2025-07-11 00:53:56,2025-07-12 02:51:56,UTC+01:00,Practiced breathwork?,false,
2025-07-11 00:53:56,2025-07-12 02:51:56,UTC+01:00,Consumed caffeine?,true,
2025-07-11 00:53:56,2025-07-12 02:51:56,UTC+01:00,Consumed carbohydrates?,true,
2025-07-11 00:53:56,2025-07-12 02:51:56,UTC+01:00,Avoided processed foods?,false,
2025-07-11 00:53:56,2025-07-12 02:51:56,UTC+01:00,Took creatine?,false,
2025-07-11 00:53:56,2025-07-12 02:51:56,UTC+01:00,Experienced decreased libido?,false,
2025-07-11 00:53:56,2025-07-12 02:51:56,UTC+01:00,Took electrolyte supplements?,false,
2025-07-11 00:53:56,2025-07-12 02:51:56,UTC+01:00,Took fish oil?,false,
2025-07-11 00:53:56,2025-07-12 02:51:56,UTC+01:00,Ate home-cooked food?,true,
2025-07-11 00:53:56,2025-07-12 02:51:56,UTC+01:00,Took a hot shower before bed?,false,
2025-07-11 00:53:56,2025-07-12 02:51:56,UTC+01:00,Hydrated sufficiently?,true,
2025-07-11 00:53:56,2025-07-12 02:51:56,UTC+01:00,Experienced increased libido?,false,
2025-07-11 00:53:56,2025-07-12 02:51:56,UTC+01:00,Ate food close to bedtime?,true,
2025-07-11 00:53:56,2025-07-12 02:51:56,UTC+01:00,Took a magnesium supplement?,true,
2025-07-11 00:53:56,2025-07-12 02:51:56,UTC+01:00,Consumed meat?,true,
2025-07-11 00:53:56,2025-07-12 02:51:56,UTC+01:00,Wore mouth tape while sleeping?,false,
2025-07-11 00:53:56,2025-07-12 02:51:56,UTC+01:00,Took a multivitamin?,true,
2025-07-11 00:53:56,2025-07-12 02:51:56,UTC+01:00,Consumed nuts?,true,
2025-07-11 00:53:56,2025-07-12 02:51:56,UTC+01:00,Took omega 3 supplement?,true,
2025-07-11 00:53:56,2025-07-12 02:51:56,UTC+01:00,Walked after a meal?,false,
2025-07-11 00:53:56,2025-07-12 02:51:56,UTC+01:00,Used a sauna?,false,
2025-07-11 00:53:56,2025-07-12 02:51:56,UTC+01:00,Engaged in sexual activity?,false,
2025-07-11 00:53:56,2025-07-12 02:51:56,UTC+01:00,Took vitamin D?,true,
2025-07-11 00:53:56,2025-07-12 02:51:56,UTC+01:00,Took a zinc supplement?,true,
2025-07-09 20:23:30,2025-07-11 00:53:56,UTC+01:00,Consumed added sugar?,true,
2025-07-09 20:23:30,2025-07-11 00:53:56,UTC+01:00,Experienced bloating?,false,
2025-07-09 20:23:30,2025-07-11 00:53:56,UTC+01:00,Ate breakfast?,false,
2025-07-09 20:23:30,2025-07-11 00:53:56,UTC+01:00,Practiced breathwork?,false,
2025-07-09 20:23:30,2025-07-11 00:53:56,UTC+01:00,Consumed caffeine?,true,
2025-07-09 20:23:30,2025-07-11 00:53:56,UTC+01:00,Consumed carbohydrates?,true,
2025-07-09 20:23:30,2025-07-11 00:53:56,UTC+01:00,Avoided processed foods?,false,
2025-07-09 20:23:30,2025-07-11 00:53:56,UTC+01:00,Took creatine?,false,
2025-07-09 20:23:30,2025-07-11 00:53:56,UTC+01:00,Experienced decreased libido?,false,
2025-07-09 20:23:30,2025-07-11 00:53:56,UTC+01:00,Took electrolyte supplements?,false,
2025-07-09 20:23:30,2025-07-11 00:53:56,UTC+01:00,Took fish oil?,false,
2025-07-09 20:23:30,2025-07-11 00:53:56,UTC+01:00,Ate home-cooked food?,true,
2025-07-09 20:23:30,2025-07-11 00:53:56,UTC+01:00,Took a hot shower before bed?,false,
2025-07-09 20:23:30,2025-07-11 00:53:56,UTC+01:00,Hydrated sufficiently?,true,
2025-07-09 20:23:30,2025-07-11 00:53:56,UTC+01:00,Experienced increased libido?,false,
2025-07-09 20:23:30,2025-07-11 00:53:56,UTC+01:00,Ate food close to bedtime?,true,
2025-07-09 20:23:30,2025-07-11 00:53:56,UTC+01:00,Took a magnesium supplement?,true,
2025-07-09 20:23:30,2025-07-11 00:53:56,UTC+01:00,Consumed meat?,true,
2025-07-09 20:23:30,2025-07-11 00:53:56,UTC+01:00,Wore mouth tape while sleeping?,false,
2025-07-09 20:23:30,2025-07-11 00:53:56,UTC+01:00,Took a multivitamin?,true,
2025-07-09 20:23:30,2025-07-11 00:53:56,UTC+01:00,Consumed nuts?,true,
2025-07-09 20:23:30,2025-07-11 00:53:56,UTC+01:00,Took omega 3 supplement?,true,
2025-07-09 20:23:30,2025-07-11 00:53:56,UTC+01:00,Walked after a meal?,false,
2025-07-09 20:23:30,2025-07-11 00:53:56,UTC+01:00,Used a sauna?,false,
2025-07-09 20:23:30,2025-07-11 00:53:56,UTC+01:00,Engaged in sexual activity?,false,
2025-07-09 20:23:30,2025-07-11 00:53:56,UTC+01:00,Took vitamin D?,true,
2025-07-09 20:23:30,2025-07-11 00:53:56,UTC+01:00,Took a zinc supplement?,true,
2025-07-09 01:10:20,2025-07-09 20:23:30,UTC+01:00,Consumed added sugar?,true,
2025-07-09 01:10:20,2025-07-09 20:23:30,UTC+01:00,Experienced bloating?,false,
2025-07-09 01:10:20,2025-07-09 20:23:30,UTC+01:00,Ate breakfast?,false,
2025-07-09 01:10:20,2025-07-09 20:23:30,UTC+01:00,Practiced breathwork?,false,
2025-07-09 01:10:20,2025-07-09 20:23:30,UTC+01:00,Consumed caffeine?,true,
2025-07-09 01:10:20,2025-07-09 20:23:30,UTC+01:00,Consumed carbohydrates?,true,
2025-07-09 01:10:20,2025-07-09 20:23:30,UTC+01:00,Avoided processed foods?,false,
2025-07-09 01:10:20,2025-07-09 20:23:30,UTC+01:00,Took creatine?,false,
2025-07-09 01:10:20,2025-07-09 20:23:30,UTC+01:00,Experienced decreased libido?,false,
2025-07-09 01:10:20,2025-07-09 20:23:30,UTC+01:00,Took electrolyte supplements?,false,
2025-07-09 01:10:20,2025-07-09 20:23:30,UTC+01:00,Took fish oil?,false,
2025-07-09 01:10:20,2025-07-09 20:23:30,UTC+01:00,Ate home-cooked food?,true,
2025-07-09 01:10:20,2025-07-09 20:23:30,UTC+01:00,Took a hot shower before bed?,false,
2025-07-09 01:10:20,2025-07-09 20:23:30,UTC+01:00,Hydrated sufficiently?,true,
2025-07-09 01:10:20,2025-07-09 20:23:30,UTC+01:00,Experienced increased libido?,false,
2025-07-09 01:10:20,2025-07-09 20:23:30,UTC+01:00,Ate food close to bedtime?,true,
2025-07-09 01:10:20,2025-07-09 20:23:30,UTC+01:00,Took a magnesium supplement?,true,
2025-07-09 01:10:20,2025-07-09 20:23:30,UTC+01:00,Consumed meat?,true,
2025-07-09 01:10:20,2025-07-09 20:23:30,UTC+01:00,Wore mouth tape while sleeping?,false,
2025-07-09 01:10:20,2025-07-09 20:23:30,UTC+01:00,Took a multivitamin?,true,
2025-07-09 01:10:20,2025-07-09 20:23:30,UTC+01:00,Consumed nuts?,true,
2025-07-09 01:10:20,2025-07-09 20:23:30,UTC+01:00,Took omega 3 supplement?,true,
2025-07-09 01:10:20,2025-07-09 20:23:30,UTC+01:00,Walked after a meal?,false,
2025-07-09 01:10:20,2025-07-09 20:23:30,UTC+01:00,Used a sauna?,false,
2025-07-09 01:10:20,2025-07-09 20:23:30,UTC+01:00,Engaged in sexual activity?,false,
2025-07-09 01:10:20,2025-07-09 20:23:30,UTC+01:00,Took vitamin D?,true,
2025-07-09 01:10:20,2025-07-09 20:23:30,UTC+01:00,Took a zinc supplement?,true,
2025-07-08 00:46:26,2025-07-09 01:10:20,UTC+01:00,Consumed added sugar?,true,
2025-07-08 00:46:26,2025-07-09 01:10:20,UTC+01:00,Experienced bloating?,false,
2025-07-08 00:46:26,2025-07-09 01:10:20,UTC+01:00,Ate breakfast?,false,
2025-07-08 00:46:26,2025-07-09 01:10:20,UTC+01:00,Practiced breathwork?,false,
2025-07-08 00:46:26,2025-07-09 01:10:20,UTC+01:00,Consumed caffeine?,true,
2025-07-08 00:46:26,2025-07-09 01:10:20,UTC+01:00,Consumed carbohydrates?,true,
2025-07-08 00:46:26,2025-07-09 01:10:20,UTC+01:00,Avoided processed foods?,false,
2025-07-08 00:46:26,2025-07-09 01:10:20,UTC+01:00,Took creatine?,false,
2025-07-08 00:46:26,2025-07-09 01:10:20,UTC+01:00,Experienced decreased libido?,false,
2025-07-08 00:46:26,2025-07-09 01:10:20,UTC+01:00,Took electrolyte supplements?,false,
2025-07-08 00:46:26,2025-07-09 01:10:20,UTC+01:00,Took fish oil?,false,
2025-07-08 00:46:26,2025-07-09 01:10:20,UTC+01:00,Ate home-cooked food?,true,
2025-07-08 00:46:26,2025-07-09 01:10:20,UTC+01:00,Took a hot shower before bed?,false,
2025-07-08 00:46:26,2025-07-09 01:10:20,UTC+01:00,Hydrated sufficiently?,true,
2025-07-08 00:46:26,2025-07-09 01:10:20,UTC+01:00,Experienced increased libido?,false,
2025-07-08 00:46:26,2025-07-09 01:10:20,UTC+01:00,Ate food close to bedtime?,true,
2025-07-08 00:46:26,2025-07-09 01:10:20,UTC+01:00,Took a magnesium supplement?,true,
2025-07-08 00:46:26,2025-07-09 01:10:20,UTC+01:00,Consumed meat?,true,
2025-07-08 00:46:26,2025-07-09 01:10:20,UTC+01:00,Wore mouth tape while sleeping?,false,
2025-07-08 00:46:26,2025-07-09 01:10:20,UTC+01:00,Took a multivitamin?,true,
2025-07-08 00:46:26,2025-07-09 01:10:20,UTC+01:00,Consumed nuts?,true,
2025-07-08 00:46:26,2025-07-09 01:10:20,UTC+01:00,Took omega 3 supplement?,true,
2025-07-08 00:46:26,2025-07-09 01:10:20,UTC+01:00,Walked after a meal?,false,
2025-07-08 00:46:26,2025-07-09 01:10:20,UTC+01:00,Used a sauna?,false,
2025-07-08 00:46:26,2025-07-09 01:10:20,UTC+01:00,Engaged in sexual activity?,false,
2025-07-08 00:46:26,2025-07-09 01:10:20,UTC+01:00,Took vitamin D?,true,
2025-07-08 00:46:26,2025-07-09 01:10:20,UTC+01:00,Took a zinc supplement?,true,
2025-07-07 00:37:18,2025-07-08 00:46:26,UTC+01:00,Consumed caffeine?,true,
2025-07-07 00:37:18,2025-07-08 00:46:26,UTC+01:00,Engaged in sexual activity?,false,
2025-07-07 00:37:18,2025-07-08 00:46:26,UTC+01:00,Ate food close to bedtime?,true,
2025-07-07 00:37:18,2025-07-08 00:46:26,UTC+01:00,Took electrolyte supplements?,false,
2025-07-07 00:37:18,2025-07-08 00:46:26,UTC+01:00,Ate breakfast?,false,
2025-07-07 00:37:18,2025-07-08 00:46:26,UTC+01:00,Consumed meat?,true,
2025-07-07 00:37:18,2025-07-08 00:46:26,UTC+01:00,Experienced bloating?,false,
2025-07-07 00:37:18,2025-07-08 00:46:26,UTC+01:00,Ate home-cooked food?,true,
2025-07-07 00:37:18,2025-07-08 00:46:26,UTC+01:00,Consumed carbohydrates?,true,
2025-07-07 00:37:18,2025-07-08 00:46:26,UTC+01:00,Avoided processed foods?,false,
2025-07-07 00:37:18,2025-07-08 00:46:26,UTC+01:00,Consumed added sugar?,true,
2025-07-07 00:37:18,2025-07-08 00:46:26,UTC+01:00,Took a zinc supplement?,true,
2025-07-07 00:37:18,2025-07-08 00:46:26,UTC+01:00,Experienced increased libido?,false,
2025-07-07 00:37:18,2025-07-08 00:46:26,UTC+01:00,Took a magnesium supplement?,true,
2025-07-07 00:37:18,2025-07-08 00:46:26,UTC+01:00,Wore mouth tape while sleeping?,false,
2025-07-07 00:37:18,2025-07-08 00:46:26,UTC+01:00,Experienced decreased libido?,false,
2025-07-07 00:37:18,2025-07-08 00:46:26,UTC+01:00,Took creatine?,false,
2025-07-07 00:37:18,2025-07-08 00:46:26,UTC+01:00,Took fish oil?,false,
2025-07-07 00:37:18,2025-07-08 00:46:26,UTC+01:00,Took a multivitamin?,true,
2025-07-07 00:37:18,2025-07-08 00:46:26,UTC+01:00,Walked after a meal?,false,
2025-07-07 00:37:18,2025-07-08 00:46:26,UTC+01:00,Consumed nuts?,true,
2025-07-07 00:37:18,2025-07-08 00:46:26,UTC+01:00,Took vitamin D?,true,
2025-07-07 00:37:18,2025-07-08 00:46:26,UTC+01:00,Took omega 3 supplement?,true,
2025-07-07 00:37:18,2025-07-08 00:46:26,UTC+01:00,Took a hot shower before bed?,false,
2025-07-07 00:37:18,2025-07-08 00:46:26,UTC+01:00,Used a sauna?,false,
2025-07-07 00:37:18,2025-07-08 00:46:26,UTC+01:00,Hydrated sufficiently?,true,
2025-07-07 00:37:18,2025-07-08 00:46:26,UTC+01:00,Practiced breathwork?,false,
2025-07-06 01:36:16,2025-07-07 00:37:18,UTC+01:00,Consumed added sugar?,true,
2025-07-06 01:36:16,2025-07-07 00:37:18,UTC+01:00,Experienced bloating?,false,
2025-07-06 01:36:16,2025-07-07 00:37:18,UTC+01:00,Ate breakfast?,false,
2025-07-06 01:36:16,2025-07-07 00:37:18,UTC+01:00,Practiced breathwork?,false,
2025-07-06 01:36:16,2025-07-07 00:37:18,UTC+01:00,Consumed caffeine?,true,
2025-07-06 01:36:16,2025-07-07 00:37:18,UTC+01:00,Consumed carbohydrates?,true,
2025-07-06 01:36:16,2025-07-07 00:37:18,UTC+01:00,Avoided processed foods?,false,
2025-07-06 01:36:16,2025-07-07 00:37:18,UTC+01:00,Took creatine?,false,
2025-07-06 01:36:16,2025-07-07 00:37:18,UTC+01:00,Experienced decreased libido?,false,
2025-07-06 01:36:16,2025-07-07 00:37:18,UTC+01:00,Took electrolyte supplements?,false,
2025-07-06 01:36:16,2025-07-07 00:37:18,UTC+01:00,Took fish oil?,false,
2025-07-06 01:36:16,2025-07-07 00:37:18,UTC+01:00,Ate home-cooked food?,false,
2025-07-06 01:36:16,2025-07-07 00:37:18,UTC+01:00,Took a hot shower before bed?,false,
2025-07-06 01:36:16,2025-07-07 00:37:18,UTC+01:00,Hydrated sufficiently?,true,
2025-07-06 01:36:16,2025-07-07 00:37:18,UTC+01:00,Experienced increased libido?,false,
2025-07-06 01:36:16,2025-07-07 00:37:18,UTC+01:00,Ate food close to bedtime?,false,
2025-07-06 01:36:16,2025-07-07 00:37:18,UTC+01:00,Took a magnesium supplement?,true,
2025-07-06 01:36:16,2025-07-07 00:37:18,UTC+01:00,Consumed meat?,true,
2025-07-06 01:36:16,2025-07-07 00:37:18,UTC+01:00,Wore mouth tape while sleeping?,false,
2025-07-06 01:36:16,2025-07-07 00:37:18,UTC+01:00,Took a multivitamin?,false,
2025-07-06 01:36:16,2025-07-07 00:37:18,UTC+01:00,Consumed nuts?,true,
2025-07-06 01:36:16,2025-07-07 00:37:18,UTC+01:00,Took omega 3 supplement?,false,
2025-07-06 01:36:16,2025-07-07 00:37:18,UTC+01:00,Walked after a meal?,false,
2025-07-06 01:36:16,2025-07-07 00:37:18,UTC+01:00,Used a sauna?,false,
2025-07-06 01:36:16,2025-07-07 00:37:18,UTC+01:00,Engaged in sexual activity?,false,
2025-07-06 01:36:16,2025-07-07 00:37:18,UTC+01:00,Took vitamin D?,false,
2025-07-06 01:36:16,2025-07-07 00:37:18,UTC+01:00,Took a zinc supplement?,false,
2025-07-03 00:18:58,2025-07-04 00:47:13,UTC+01:00,Consumed added sugar?,true,
2025-07-03 00:18:58,2025-07-04 00:47:13,UTC+01:00,Experienced bloating?,false,
2025-07-03 00:18:58,2025-07-04 00:47:13,UTC+01:00,Ate breakfast?,false,
2025-07-03 00:18:58,2025-07-04 00:47:13,UTC+01:00,Practiced breathwork?,false,
2025-07-03 00:18:58,2025-07-04 00:47:13,UTC+01:00,Consumed caffeine?,true,
2025-07-03 00:18:58,2025-07-04 00:47:13,UTC+01:00,Consumed carbohydrates?,true,
2025-07-03 00:18:58,2025-07-04 00:47:13,UTC+01:00,Avoided processed foods?,false,
2025-07-03 00:18:58,2025-07-04 00:47:13,UTC+01:00,Took creatine?,false,
2025-07-03 00:18:58,2025-07-04 00:47:13,UTC+01:00,Experienced decreased libido?,false,
2025-07-03 00:18:58,2025-07-04 00:47:13,UTC+01:00,Took electrolyte supplements?,false,
2025-07-03 00:18:58,2025-07-04 00:47:13,UTC+01:00,Took fish oil?,false,
2025-07-03 00:18:58,2025-07-04 00:47:13,UTC+01:00,Ate home-cooked food?,true,
2025-07-03 00:18:58,2025-07-04 00:47:13,UTC+01:00,Took a hot shower before bed?,false,
2025-07-03 00:18:58,2025-07-04 00:47:13,UTC+01:00,Hydrated sufficiently?,true,
2025-07-03 00:18:58,2025-07-04 00:47:13,UTC+01:00,Experienced increased libido?,false,
2025-07-03 00:18:58,2025-07-04 00:47:13,UTC+01:00,Ate food close to bedtime?,false,
2025-07-03 00:18:58,2025-07-04 00:47:13,UTC+01:00,Took a magnesium supplement?,true,
2025-07-03 00:18:58,2025-07-04 00:47:13,UTC+01:00,Consumed meat?,true,
2025-07-03 00:18:58,2025-07-04 00:47:13,UTC+01:00,Wore mouth tape while sleeping?,false,
2025-07-03 00:18:58,2025-07-04 00:47:13,UTC+01:00,Took a multivitamin?,false,
2025-07-03 00:18:58,2025-07-04 00:47:13,UTC+01:00,Consumed nuts?,true,
2025-07-03 00:18:58,2025-07-04 00:47:13,UTC+01:00,Took omega 3 supplement?,true,
2025-07-03 00:18:58,2025-07-04 00:47:13,UTC+01:00,Walked after a meal?,false,
2025-07-03 00:18:58,2025-07-04 00:47:13,UTC+01:00,Used a sauna?,false,
2025-07-03 00:18:58,2025-07-04 00:47:13,UTC+01:00,Engaged in sexual activity?,false,
2025-07-03 00:18:58,2025-07-04 00:47:13,UTC+01:00,Took vitamin D?,true,
2025-07-03 00:18:58,2025-07-04 00:47:13,UTC+01:00,Took a zinc supplement?,true,
2025-07-04 23:08:43,2025-07-06 01:36:16,UTC+01:00,Consumed added sugar?,true,
2025-07-04 23:08:43,2025-07-06 01:36:16,UTC+01:00,Experienced bloating?,false,
2025-07-04 23:08:43,2025-07-06 01:36:16,UTC+01:00,Ate breakfast?,false,
2025-07-04 23:08:43,2025-07-06 01:36:16,UTC+01:00,Practiced breathwork?,false,
2025-07-04 23:08:43,2025-07-06 01:36:16,UTC+01:00,Consumed caffeine?,true,
2025-07-04 23:08:43,2025-07-06 01:36:16,UTC+01:00,Consumed carbohydrates?,true,
2025-07-04 23:08:43,2025-07-06 01:36:16,UTC+01:00,Avoided processed foods?,false,
2025-07-04 23:08:43,2025-07-06 01:36:16,UTC+01:00,Took creatine?,false,
2025-07-04 23:08:43,2025-07-06 01:36:16,UTC+01:00,Experienced decreased libido?,false,
2025-07-04 23:08:43,2025-07-06 01:36:16,UTC+01:00,Took electrolyte supplements?,false,
2025-07-04 23:08:43,2025-07-06 01:36:16,UTC+01:00,Took fish oil?,false,
2025-07-04 23:08:43,2025-07-06 01:36:16,UTC+01:00,Ate home-cooked food?,false,
2025-07-04 23:08:43,2025-07-06 01:36:16,UTC+01:00,Took a hot shower before bed?,false,
2025-07-04 23:08:43,2025-07-06 01:36:16,UTC+01:00,Hydrated sufficiently?,true,
2025-07-04 23:08:43,2025-07-06 01:36:16,UTC+01:00,Experienced increased libido?,false,
2025-07-04 23:08:43,2025-07-06 01:36:16,UTC+01:00,Ate food close to bedtime?,false,
2025-07-04 23:08:43,2025-07-06 01:36:16,UTC+01:00,Took a magnesium supplement?,true,
2025-07-04 23:08:43,2025-07-06 01:36:16,UTC+01:00,Consumed meat?,true,
2025-07-04 23:08:43,2025-07-06 01:36:16,UTC+01:00,Wore mouth tape while sleeping?,false,
2025-07-04 23:08:43,2025-07-06 01:36:16,UTC+01:00,Took a multivitamin?,false,
2025-07-04 23:08:43,2025-07-06 01:36:16,UTC+01:00,Consumed nuts?,true,
2025-07-04 23:08:43,2025-07-06 01:36:16,UTC+01:00,Took omega 3 supplement?,true,
2025-07-04 23:08:43,2025-07-06 01:36:16,UTC+01:00,Walked after a meal?,false,
2025-07-04 23:08:43,2025-07-06 01:36:16,UTC+01:00,Used a sauna?,false,
2025-07-04 23:08:43,2025-07-06 01:36:16,UTC+01:00,Engaged in sexual activity?,false,
2025-07-04 23:08:43,2025-07-06 01:36:16,UTC+01:00,Took vitamin D?,true,
2025-07-04 23:08:43,2025-07-06 01:36:16,UTC+01:00,Took a zinc supplement?,true,
2025-07-04 00:47:13,2025-07-04 23:08:43,UTC+01:00,Consumed added sugar?,true,
2025-07-04 00:47:13,2025-07-04 23:08:43,UTC+01:00,Experienced bloating?,false,
2025-07-04 00:47:13,2025-07-04 23:08:43,UTC+01:00,Ate breakfast?,false,
2025-07-04 00:47:13,2025-07-04 23:08:43,UTC+01:00,Practiced breathwork?,false,
2025-07-04 00:47:13,2025-07-04 23:08:43,UTC+01:00,Consumed caffeine?,true,
2025-07-04 00:47:13,2025-07-04 23:08:43,UTC+01:00,Consumed carbohydrates?,true,
2025-07-04 00:47:13,2025-07-04 23:08:43,UTC+01:00,Avoided processed foods?,false,
2025-07-04 00:47:13,2025-07-04 23:08:43,UTC+01:00,Took creatine?,false,
2025-07-04 00:47:13,2025-07-04 23:08:43,UTC+01:00,Experienced decreased libido?,false,
2025-07-04 00:47:13,2025-07-04 23:08:43,UTC+01:00,Took electrolyte supplements?,false,
2025-07-04 00:47:13,2025-07-04 23:08:43,UTC+01:00,Took fish oil?,false,
2025-07-04 00:47:13,2025-07-04 23:08:43,UTC+01:00,Ate home-cooked food?,false,
2025-07-04 00:47:13,2025-07-04 23:08:43,UTC+01:00,Took a hot shower before bed?,false,
2025-07-04 00:47:13,2025-07-04 23:08:43,UTC+01:00,Hydrated sufficiently?,true,
2025-07-04 00:47:13,2025-07-04 23:08:43,UTC+01:00,Experienced increased libido?,false,
2025-07-04 00:47:13,2025-07-04 23:08:43,UTC+01:00,Ate food close to bedtime?,false,
2025-07-04 00:47:13,2025-07-04 23:08:43,UTC+01:00,Took a magnesium supplement?,true,
2025-07-04 00:47:13,2025-07-04 23:08:43,UTC+01:00,Consumed meat?,true,
2025-07-04 00:47:13,2025-07-04 23:08:43,UTC+01:00,Wore mouth tape while sleeping?,false,
2025-07-04 00:47:13,2025-07-04 23:08:43,UTC+01:00,Took a multivitamin?,false,
2025-07-04 00:47:13,2025-07-04 23:08:43,UTC+01:00,Consumed nuts?,true,
2025-07-04 00:47:13,2025-07-04 23:08:43,UTC+01:00,Took omega 3 supplement?,true,
2025-07-04 00:47:13,2025-07-04 23:08:43,UTC+01:00,Walked after a meal?,false,
2025-07-04 00:47:13,2025-07-04 23:08:43,UTC+01:00,Used a sauna?,false,
2025-07-04 00:47:13,2025-07-04 23:08:43,UTC+01:00,Engaged in sexual activity?,false,
2025-07-04 00:47:13,2025-07-04 23:08:43,UTC+01:00,Took vitamin D?,true,
2025-07-04 00:47:13,2025-07-04 23:08:43,UTC+01:00,Took a zinc supplement?,true,
2025-07-02 00:34:00,2025-07-03 00:18:58,UTC+01:00,Consumed added sugar?,true,
2025-07-02 00:34:00,2025-07-03 00:18:58,UTC+01:00,Experienced bloating?,false,
2025-07-02 00:34:00,2025-07-03 00:18:58,UTC+01:00,Ate breakfast?,false,
2025-07-02 00:34:00,2025-07-03 00:18:58,UTC+01:00,Practiced breathwork?,false,
2025-07-02 00:34:00,2025-07-03 00:18:58,UTC+01:00,Consumed caffeine?,true,
2025-07-02 00:34:00,2025-07-03 00:18:58,UTC+01:00,Consumed carbohydrates?,true,
2025-07-02 00:34:00,2025-07-03 00:18:58,UTC+01:00,Avoided processed foods?,false,
2025-07-02 00:34:00,2025-07-03 00:18:58,UTC+01:00,Took creatine?,false,
2025-07-02 00:34:00,2025-07-03 00:18:58,UTC+01:00,Experienced decreased libido?,false,
2025-07-02 00:34:00,2025-07-03 00:18:58,UTC+01:00,Took electrolyte supplements?,false,
2025-07-02 00:34:00,2025-07-03 00:18:58,UTC+01:00,Took fish oil?,false,
2025-07-02 00:34:00,2025-07-03 00:18:58,UTC+01:00,Ate home-cooked food?,true,
2025-07-02 00:34:00,2025-07-03 00:18:58,UTC+01:00,Took a hot shower before bed?,false,
2025-07-02 00:34:00,2025-07-03 00:18:58,UTC+01:00,Hydrated sufficiently?,true,
2025-07-02 00:34:00,2025-07-03 00:18:58,UTC+01:00,Experienced increased libido?,false,
2025-07-02 00:34:00,2025-07-03 00:18:58,UTC+01:00,Ate food close to bedtime?,false,
2025-07-02 00:34:00,2025-07-03 00:18:58,UTC+01:00,Took a magnesium supplement?,true,
2025-07-02 00:34:00,2025-07-03 00:18:58,UTC+01:00,Consumed meat?,true,
2025-07-02 00:34:00,2025-07-03 00:18:58,UTC+01:00,Wore mouth tape while sleeping?,false,
2025-07-02 00:34:00,2025-07-03 00:18:58,UTC+01:00,Took a multivitamin?,false,
2025-07-02 00:34:00,2025-07-03 00:18:58,UTC+01:00,Consumed nuts?,true,
2025-07-02 00:34:00,2025-07-03 00:18:58,UTC+01:00,Took omega 3 supplement?,true,
2025-07-02 00:34:00,2025-07-03 00:18:58,UTC+01:00,Walked after a meal?,false,
2025-07-02 00:34:00,2025-07-03 00:18:58,UTC+01:00,Used a sauna?,false,
2025-07-02 00:34:00,2025-07-03 00:18:58,UTC+01:00,Engaged in sexual activity?,false,
2025-07-02 00:34:00,2025-07-03 00:18:58,UTC+01:00,Took vitamin D?,true,
2025-07-02 00:34:00,2025-07-03 00:18:58,UTC+01:00,Took a zinc supplement?,true,
2025-07-01 00:01:22,2025-07-02 00:34:00,UTC+01:00,Consumed added sugar?,true,
2025-07-01 00:01:22,2025-07-02 00:34:00,UTC+01:00,Experienced bloating?,false,
2025-07-01 00:01:22,2025-07-02 00:34:00,UTC+01:00,Ate breakfast?,false,
2025-07-01 00:01:22,2025-07-02 00:34:00,UTC+01:00,Practiced breathwork?,false,
2025-07-01 00:01:22,2025-07-02 00:34:00,UTC+01:00,Consumed caffeine?,true,
2025-07-01 00:01:22,2025-07-02 00:34:00,UTC+01:00,Consumed carbohydrates?,true,
2025-07-01 00:01:22,2025-07-02 00:34:00,UTC+01:00,Avoided processed foods?,false,
2025-07-01 00:01:22,2025-07-02 00:34:00,UTC+01:00,Took creatine?,false,
2025-07-01 00:01:22,2025-07-02 00:34:00,UTC+01:00,Experienced decreased libido?,false,
2025-07-01 00:01:22,2025-07-02 00:34:00,UTC+01:00,Took electrolyte supplements?,false,
2025-07-01 00:01:22,2025-07-02 00:34:00,UTC+01:00,Took fish oil?,false,
2025-07-01 00:01:22,2025-07-02 00:34:00,UTC+01:00,Ate home-cooked food?,true,
2025-07-01 00:01:22,2025-07-02 00:34:00,UTC+01:00,Took a hot shower before bed?,false,
2025-07-01 00:01:22,2025-07-02 00:34:00,UTC+01:00,Hydrated sufficiently?,true,
2025-07-01 00:01:22,2025-07-02 00:34:00,UTC+01:00,Experienced increased libido?,false,
2025-07-01 00:01:22,2025-07-02 00:34:00,UTC+01:00,Ate food close to bedtime?,false,
2025-07-01 00:01:22,2025-07-02 00:34:00,UTC+01:00,Took a magnesium supplement?,true,
2025-07-01 00:01:22,2025-07-02 00:34:00,UTC+01:00,Consumed meat?,true,
2025-07-01 00:01:22,2025-07-02 00:34:00,UTC+01:00,Wore mouth tape while sleeping?,false,
2025-07-01 00:01:22,2025-07-02 00:34:00,UTC+01:00,Took a multivitamin?,false,
2025-07-01 00:01:22,2025-07-02 00:34:00,UTC+01:00,Consumed nuts?,true,
2025-07-01 00:01:22,2025-07-02 00:34:00,UTC+01:00,Took omega 3 supplement?,true,
2025-07-01 00:01:22,2025-07-02 00:34:00,UTC+01:00,Walked after a meal?,false,
2025-07-01 00:01:22,2025-07-02 00:34:00,UTC+01:00,Used a sauna?,false,
2025-07-01 00:01:22,2025-07-02 00:34:00,UTC+01:00,Engaged in sexual activity?,false,
2025-07-01 00:01:22,2025-07-02 00:34:00,UTC+01:00,Took vitamin D?,true,
2025-07-01 00:01:22,2025-07-02 00:34:00,UTC+01:00,Took a zinc supplement?,true,
2025-06-30 01:19:28,2025-07-01 00:01:22,UTC+01:00,Consumed caffeine?,true,
2025-06-30 01:19:28,2025-07-01 00:01:22,UTC+01:00,Engaged in sexual activity?,false,
2025-06-30 01:19:28,2025-07-01 00:01:22,UTC+01:00,Ate food close to bedtime?,false,
2025-06-30 01:19:28,2025-07-01 00:01:22,UTC+01:00,Took electrolyte supplements?,true,
2025-06-30 01:19:28,2025-07-01 00:01:22,UTC+01:00,Ate breakfast?,false,
2025-06-30 01:19:28,2025-07-01 00:01:22,UTC+01:00,Consumed meat?,true,
2025-06-30 01:19:28,2025-07-01 00:01:22,UTC+01:00,Experienced bloating?,true,
2025-06-30 01:19:28,2025-07-01 00:01:22,UTC+01:00,Ate home-cooked food?,false,
2025-06-30 01:19:28,2025-07-01 00:01:22,UTC+01:00,Consumed carbohydrates?,true,
2025-06-30 01:19:28,2025-07-01 00:01:22,UTC+01:00,Avoided processed foods?,false,
2025-06-30 01:19:28,2025-07-01 00:01:22,UTC+01:00,Consumed added sugar?,true,
2025-06-30 01:19:28,2025-07-01 00:01:22,UTC+01:00,Took a zinc supplement?,true,
2025-06-30 01:19:28,2025-07-01 00:01:22,UTC+01:00,Experienced increased libido?,false,
2025-06-30 01:19:28,2025-07-01 00:01:22,UTC+01:00,Took a magnesium supplement?,true,
2025-06-30 01:19:28,2025-07-01 00:01:22,UTC+01:00,Wore mouth tape while sleeping?,false,
2025-06-30 01:19:28,2025-07-01 00:01:22,UTC+01:00,Experienced decreased libido?,false,
2025-06-30 01:19:28,2025-07-01 00:01:22,UTC+01:00,Took creatine?,false,
2025-06-30 01:19:28,2025-07-01 00:01:22,UTC+01:00,Took fish oil?,true,
2025-06-30 01:19:28,2025-07-01 00:01:22,UTC+01:00,Took a multivitamin?,false,
2025-06-30 01:19:28,2025-07-01 00:01:22,UTC+01:00,Walked after a meal?,false,
2025-06-30 01:19:28,2025-07-01 00:01:22,UTC+01:00,Consumed nuts?,false,
2025-06-30 01:19:28,2025-07-01 00:01:22,UTC+01:00,Took vitamin D?,true,
2025-06-30 01:19:28,2025-07-01 00:01:22,UTC+01:00,Took omega 3 supplement?,true,
2025-06-30 01:19:28,2025-07-01 00:01:22,UTC+01:00,Took a hot shower before bed?,true,
2025-06-30 01:19:28,2025-07-01 00:01:22,UTC+01:00,Used a sauna?,false,
2025-06-30 01:19:28,2025-07-01 00:01:22,UTC+01:00,Hydrated sufficiently?,false,
2025-06-30 01:19:28,2025-07-01 00:01:22,UTC+01:00,Practiced breathwork?,false,
2025-06-29 00:30:25,2025-06-30 01:19:28,UTC+01:00,Consumed added sugar?,true,
2025-06-29 00:30:25,2025-06-30 01:19:28,UTC+01:00,Experienced bloating?,false,
2025-06-29 00:30:25,2025-06-30 01:19:28,UTC+01:00,Ate breakfast?,false,
2025-06-29 00:30:25,2025-06-30 01:19:28,UTC+01:00,Practiced breathwork?,false,
2025-06-29 00:30:25,2025-06-30 01:19:28,UTC+01:00,Consumed caffeine?,true,
2025-06-29 00:30:25,2025-06-30 01:19:28,UTC+01:00,Consumed carbohydrates?,true,
2025-06-29 00:30:25,2025-06-30 01:19:28,UTC+01:00,Avoided processed foods?,false,
2025-06-29 00:30:25,2025-06-30 01:19:28,UTC+01:00,Took creatine?,false,
2025-06-29 00:30:25,2025-06-30 01:19:28,UTC+01:00,Experienced decreased libido?,false,
2025-06-29 00:30:25,2025-06-30 01:19:28,UTC+01:00,Took electrolyte supplements?,false,
2025-06-29 00:30:25,2025-06-30 01:19:28,UTC+01:00,Took fish oil?,true,
2025-06-29 00:30:25,2025-06-30 01:19:28,UTC+01:00,Ate home-cooked food?,false,
2025-06-29 00:30:25,2025-06-30 01:19:28,UTC+01:00,Took a hot shower before bed?,false,
2025-06-29 00:30:25,2025-06-30 01:19:28,UTC+01:00,Hydrated sufficiently?,true,
2025-06-29 00:30:25,2025-06-30 01:19:28,UTC+01:00,Experienced increased libido?,false,
2025-06-29 00:30:25,2025-06-30 01:19:28,UTC+01:00,Ate food close to bedtime?,false,
2025-06-29 00:30:25,2025-06-30 01:19:28,UTC+01:00,Took a magnesium supplement?,false,
2025-06-29 00:30:25,2025-06-30 01:19:28,UTC+01:00,Consumed meat?,true,
2025-06-29 00:30:25,2025-06-30 01:19:28,UTC+01:00,Wore mouth tape while sleeping?,false,
2025-06-29 00:30:25,2025-06-30 01:19:28,UTC+01:00,Took a multivitamin?,false,
2025-06-29 00:30:25,2025-06-30 01:19:28,UTC+01:00,Consumed nuts?,true,
2025-06-29 00:30:25,2025-06-30 01:19:28,UTC+01:00,Took omega 3 supplement?,true,
2025-06-29 00:30:25,2025-06-30 01:19:28,UTC+01:00,Walked after a meal?,false,
2025-06-29 00:30:25,2025-06-30 01:19:28,UTC+01:00,Used a sauna?,false,
2025-06-29 00:30:25,2025-06-30 01:19:28,UTC+01:00,Engaged in sexual activity?,false,
2025-06-29 00:30:25,2025-06-30 01:19:28,UTC+01:00,Took vitamin D?,true,
2025-06-29 00:30:25,2025-06-30 01:19:28,UTC+01:00,Took a zinc supplement?,true,
2025-06-28 02:07:41,2025-06-29 00:30:25,UTC+01:00,Consumed added sugar?,true,
2025-06-28 02:07:41,2025-06-29 00:30:25,UTC+01:00,Experienced bloating?,false,
2025-06-28 02:07:41,2025-06-29 00:30:25,UTC+01:00,Ate breakfast?,false,
2025-06-28 02:07:41,2025-06-29 00:30:25,UTC+01:00,Practiced breathwork?,false,
2025-06-28 02:07:41,2025-06-29 00:30:25,UTC+01:00,Consumed caffeine?,true,
2025-06-28 02:07:41,2025-06-29 00:30:25,UTC+01:00,Consumed carbohydrates?,true,
2025-06-28 02:07:41,2025-06-29 00:30:25,UTC+01:00,Avoided processed foods?,false,
2025-06-28 02:07:41,2025-06-29 00:30:25,UTC+01:00,Took creatine?,false,
2025-06-28 02:07:41,2025-06-29 00:30:25,UTC+01:00,Experienced decreased libido?,false,
2025-06-28 02:07:41,2025-06-29 00:30:25,UTC+01:00,Took electrolyte supplements?,false,
2025-06-28 02:07:41,2025-06-29 00:30:25,UTC+01:00,Took fish oil?,true,
2025-06-28 02:07:41,2025-06-29 00:30:25,UTC+01:00,Ate home-cooked food?,true,
2025-06-28 02:07:41,2025-06-29 00:30:25,UTC+01:00,Took a hot shower before bed?,false,
2025-06-28 02:07:41,2025-06-29 00:30:25,UTC+01:00,Hydrated sufficiently?,false,
2025-06-28 02:07:41,2025-06-29 00:30:25,UTC+01:00,Experienced increased libido?,false,
2025-06-28 02:07:41,2025-06-29 00:30:25,UTC+01:00,Ate food close to bedtime?,false,
2025-06-28 02:07:41,2025-06-29 00:30:25,UTC+01:00,Took a magnesium supplement?,true,
2025-06-28 02:07:41,2025-06-29 00:30:25,UTC+01:00,Consumed meat?,true,
2025-06-28 02:07:41,2025-06-29 00:30:25,UTC+01:00,Wore mouth tape while sleeping?,false,
2025-06-28 02:07:41,2025-06-29 00:30:25,UTC+01:00,Took a multivitamin?,false,
2025-06-28 02:07:41,2025-06-29 00:30:25,UTC+01:00,Consumed nuts?,false,
2025-06-28 02:07:41,2025-06-29 00:30:25,UTC+01:00,Took omega 3 supplement?,false,
2025-06-28 02:07:41,2025-06-29 00:30:25,UTC+01:00,Walked after a meal?,false,
2025-06-28 02:07:41,2025-06-29 00:30:25,UTC+01:00,Used a sauna?,false,
2025-06-28 02:07:41,2025-06-29 00:30:25,UTC+01:00,Engaged in sexual activity?,false,
2025-06-28 02:07:41,2025-06-29 00:30:25,UTC+01:00,Took vitamin D?,false,
2025-06-28 02:07:41,2025-06-29 00:30:25,UTC+01:00,Took a zinc supplement?,false,
2025-06-27 00:08:06,2025-06-28 02:07:41,UTC+01:00,Consumed added sugar?,true,
2025-06-27 00:08:06,2025-06-28 02:07:41,UTC+01:00,Experienced bloating?,false,
2025-06-27 00:08:06,2025-06-28 02:07:41,UTC+01:00,Ate breakfast?,false,
2025-06-27 00:08:06,2025-06-28 02:07:41,UTC+01:00,Practiced breathwork?,false,
2025-06-27 00:08:06,2025-06-28 02:07:41,UTC+01:00,Consumed caffeine?,true,
2025-06-27 00:08:06,2025-06-28 02:07:41,UTC+01:00,Consumed carbohydrates?,true,
2025-06-27 00:08:06,2025-06-28 02:07:41,UTC+01:00,Avoided processed foods?,false,
2025-06-27 00:08:06,2025-06-28 02:07:41,UTC+01:00,Took creatine?,false,
2025-06-27 00:08:06,2025-06-28 02:07:41,UTC+01:00,Experienced decreased libido?,false,
2025-06-27 00:08:06,2025-06-28 02:07:41,UTC+01:00,Took electrolyte supplements?,false,
2025-06-27 00:08:06,2025-06-28 02:07:41,UTC+01:00,Took fish oil?,true,
2025-06-27 00:08:06,2025-06-28 02:07:41,UTC+01:00,Ate home-cooked food?,true,
2025-06-27 00:08:06,2025-06-28 02:07:41,UTC+01:00,Took a hot shower before bed?,false,
2025-06-27 00:08:06,2025-06-28 02:07:41,UTC+01:00,Hydrated sufficiently?,true,
2025-06-27 00:08:06,2025-06-28 02:07:41,UTC+01:00,Experienced increased libido?,false,
2025-06-27 00:08:06,2025-06-28 02:07:41,UTC+01:00,Ate food close to bedtime?,false,
2025-06-27 00:08:06,2025-06-28 02:07:41,UTC+01:00,Took a magnesium supplement?,false,
2025-06-27 00:08:06,2025-06-28 02:07:41,UTC+01:00,Consumed meat?,true,
2025-06-27 00:08:06,2025-06-28 02:07:41,UTC+01:00,Wore mouth tape while sleeping?,false,
2025-06-27 00:08:06,2025-06-28 02:07:41,UTC+01:00,Took a multivitamin?,false,
2025-06-27 00:08:06,2025-06-28 02:07:41,UTC+01:00,Consumed nuts?,true,
2025-06-27 00:08:06,2025-06-28 02:07:41,UTC+01:00,Took omega 3 supplement?,false,
2025-06-27 00:08:06,2025-06-28 02:07:41,UTC+01:00,Walked after a meal?,false,
2025-06-27 00:08:06,2025-06-28 02:07:41,UTC+01:00,Used a sauna?,false,
2025-06-27 00:08:06,2025-06-28 02:07:41,UTC+01:00,Engaged in sexual activity?,false,
2025-06-27 00:08:06,2025-06-28 02:07:41,UTC+01:00,Took vitamin D?,true,
2025-06-27 00:08:06,2025-06-28 02:07:41,UTC+01:00,Took a zinc supplement?,true,
2025-06-25 23:30:31,2025-06-27 00:08:06,UTC+01:00,Consumed added sugar?,true,
2025-06-25 23:30:31,2025-06-27 00:08:06,UTC+01:00,Experienced bloating?,true,
2025-06-25 23:30:31,2025-06-27 00:08:06,UTC+01:00,Ate breakfast?,false,
2025-06-25 23:30:31,2025-06-27 00:08:06,UTC+01:00,Practiced breathwork?,false,
2025-06-25 23:30:31,2025-06-27 00:08:06,UTC+01:00,Consumed caffeine?,true,
2025-06-25 23:30:31,2025-06-27 00:08:06,UTC+01:00,Consumed carbohydrates?,true,
2025-06-25 23:30:31,2025-06-27 00:08:06,UTC+01:00,Avoided processed foods?,false,
2025-06-25 23:30:31,2025-06-27 00:08:06,UTC+01:00,Took creatine?,false,
2025-06-25 23:30:31,2025-06-27 00:08:06,UTC+01:00,Experienced decreased libido?,false,
2025-06-25 23:30:31,2025-06-27 00:08:06,UTC+01:00,Took electrolyte supplements?,false,
2025-06-25 23:30:31,2025-06-27 00:08:06,UTC+01:00,Took fish oil?,true,
2025-06-25 23:30:31,2025-06-27 00:08:06,UTC+01:00,Ate home-cooked food?,false,
2025-06-25 23:30:31,2025-06-27 00:08:06,UTC+01:00,Took a hot shower before bed?,false,
2025-06-25 23:30:31,2025-06-27 00:08:06,UTC+01:00,Hydrated sufficiently?,false,
2025-06-25 23:30:31,2025-06-27 00:08:06,UTC+01:00,Experienced increased libido?,false,
2025-06-25 23:30:31,2025-06-27 00:08:06,UTC+01:00,Ate food close to bedtime?,true,
2025-06-25 23:30:31,2025-06-27 00:08:06,UTC+01:00,Took a magnesium supplement?,true,
2025-06-25 23:30:31,2025-06-27 00:08:06,UTC+01:00,Consumed meat?,true,
2025-06-25 23:30:31,2025-06-27 00:08:06,UTC+01:00,Wore mouth tape while sleeping?,false,
2025-06-25 23:30:31,2025-06-27 00:08:06,UTC+01:00,Took a multivitamin?,false,
2025-06-25 23:30:31,2025-06-27 00:08:06,UTC+01:00,Consumed nuts?,true,
2025-06-25 23:30:31,2025-06-27 00:08:06,UTC+01:00,Took omega 3 supplement?,true,
2025-06-25 23:30:31,2025-06-27 00:08:06,UTC+01:00,Walked after a meal?,false,
2025-06-25 23:30:31,2025-06-27 00:08:06,UTC+01:00,Used a sauna?,false,
2025-06-25 23:30:31,2025-06-27 00:08:06,UTC+01:00,Engaged in sexual activity?,false,
2025-06-25 23:30:31,2025-06-27 00:08:06,UTC+01:00,Took vitamin D?,true,
2025-06-25 23:30:31,2025-06-27 00:08:06,UTC+01:00,Took a zinc supplement?,true,
2025-06-25 01:12:40,2025-06-25 23:30:31,UTC+01:00,Consumed added sugar?,true,
2025-06-25 01:12:40,2025-06-25 23:30:31,UTC+01:00,Experienced bloating?,true,
2025-06-25 01:12:40,2025-06-25 23:30:31,UTC+01:00,Ate breakfast?,false,
2025-06-25 01:12:40,2025-06-25 23:30:31,UTC+01:00,Practiced breathwork?,false,
2025-06-25 01:12:40,2025-06-25 23:30:31,UTC+01:00,Consumed caffeine?,true,
2025-06-25 01:12:40,2025-06-25 23:30:31,UTC+01:00,Consumed carbohydrates?,true,
2025-06-25 01:12:40,2025-06-25 23:30:31,UTC+01:00,Avoided processed foods?,false,
2025-06-25 01:12:40,2025-06-25 23:30:31,UTC+01:00,Took creatine?,false,
2025-06-25 01:12:40,2025-06-25 23:30:31,UTC+01:00,Experienced decreased libido?,false,
2025-06-25 01:12:40,2025-06-25 23:30:31,UTC+01:00,Took electrolyte supplements?,false,
2025-06-25 01:12:40,2025-06-25 23:30:31,UTC+01:00,Took fish oil?,true,
2025-06-25 01:12:40,2025-06-25 23:30:31,UTC+01:00,Ate home-cooked food?,false,
2025-06-25 01:12:40,2025-06-25 23:30:31,UTC+01:00,Took a hot shower before bed?,false,
2025-06-25 01:12:40,2025-06-25 23:30:31,UTC+01:00,Hydrated sufficiently?,false,
2025-06-25 01:12:40,2025-06-25 23:30:31,UTC+01:00,Experienced increased libido?,false,
2025-06-25 01:12:40,2025-06-25 23:30:31,UTC+01:00,Ate food close to bedtime?,true,
2025-06-25 01:12:40,2025-06-25 23:30:31,UTC+01:00,Took a magnesium supplement?,false,
2025-06-25 01:12:40,2025-06-25 23:30:31,UTC+01:00,Consumed meat?,true,
2025-06-25 01:12:40,2025-06-25 23:30:31,UTC+01:00,Wore mouth tape while sleeping?,false,
2025-06-25 01:12:40,2025-06-25 23:30:31,UTC+01:00,Took a multivitamin?,false,
2025-06-25 01:12:40,2025-06-25 23:30:31,UTC+01:00,Consumed nuts?,false,
2025-06-25 01:12:40,2025-06-25 23:30:31,UTC+01:00,Took omega 3 supplement?,true,
2025-06-25 01:12:40,2025-06-25 23:30:31,UTC+01:00,Walked after a meal?,false,
2025-06-25 01:12:40,2025-06-25 23:30:31,UTC+01:00,Used a sauna?,false,
2025-06-25 01:12:40,2025-06-25 23:30:31,UTC+01:00,Engaged in sexual activity?,false,
2025-06-25 01:12:40,2025-06-25 23:30:31,UTC+01:00,Took vitamin D?,true,
2025-06-25 01:12:40,2025-06-25 23:30:31,UTC+01:00,Took a zinc supplement?,true,
2025-06-24 00:18:26,2025-06-25 01:12:40,UTC+01:00,Consumed added sugar?,true,
2025-06-24 00:18:26,2025-06-25 01:12:40,UTC+01:00,Experienced bloating?,false,
2025-06-24 00:18:26,2025-06-25 01:12:40,UTC+01:00,Ate breakfast?,false,
2025-06-24 00:18:26,2025-06-25 01:12:40,UTC+01:00,Practiced breathwork?,false,
2025-06-24 00:18:26,2025-06-25 01:12:40,UTC+01:00,Consumed caffeine?,true,
2025-06-24 00:18:26,2025-06-25 01:12:40,UTC+01:00,Consumed carbohydrates?,true,
2025-06-24 00:18:26,2025-06-25 01:12:40,UTC+01:00,Avoided processed foods?,true,
2025-06-24 00:18:26,2025-06-25 01:12:40,UTC+01:00,Took creatine?,false,
2025-06-24 00:18:26,2025-06-25 01:12:40,UTC+01:00,Experienced decreased libido?,false,
2025-06-24 00:18:26,2025-06-25 01:12:40,UTC+01:00,Took electrolyte supplements?,false,
2025-06-24 00:18:26,2025-06-25 01:12:40,UTC+01:00,Took fish oil?,true,
2025-06-24 00:18:26,2025-06-25 01:12:40,UTC+01:00,Ate home-cooked food?,true,
2025-06-24 00:18:26,2025-06-25 01:12:40,UTC+01:00,Took a hot shower before bed?,false,
2025-06-24 00:18:26,2025-06-25 01:12:40,UTC+01:00,Hydrated sufficiently?,true,
2025-06-24 00:18:26,2025-06-25 01:12:40,UTC+01:00,Experienced increased libido?,false,
2025-06-24 00:18:26,2025-06-25 01:12:40,UTC+01:00,Ate food close to bedtime?,true,
2025-06-24 00:18:26,2025-06-25 01:12:40,UTC+01:00,Took a magnesium supplement?,true,
2025-06-24 00:18:26,2025-06-25 01:12:40,UTC+01:00,Consumed meat?,true,
2025-06-24 00:18:26,2025-06-25 01:12:40,UTC+01:00,Wore mouth tape while sleeping?,false,
2025-06-24 00:18:26,2025-06-25 01:12:40,UTC+01:00,Took a multivitamin?,false,
2025-06-24 00:18:26,2025-06-25 01:12:40,UTC+01:00,Consumed nuts?,true,
2025-06-24 00:18:26,2025-06-25 01:12:40,UTC+01:00,Took omega 3 supplement?,true,
2025-06-24 00:18:26,2025-06-25 01:12:40,UTC+01:00,Walked after a meal?,false,
2025-06-24 00:18:26,2025-06-25 01:12:40,UTC+01:00,Used a sauna?,false,
2025-06-24 00:18:26,2025-06-25 01:12:40,UTC+01:00,Engaged in sexual activity?,false,
2025-06-24 00:18:26,2025-06-25 01:12:40,UTC+01:00,Took vitamin D?,true,
2025-06-24 00:18:26,2025-06-25 01:12:40,UTC+01:00,Took a zinc supplement?,true,
2025-06-23 01:00:09,2025-06-24 00:18:26,UTC+01:00,Consumed added sugar?,true,
2025-06-23 01:00:09,2025-06-24 00:18:26,UTC+01:00,Experienced bloating?,false,
2025-06-23 01:00:09,2025-06-24 00:18:26,UTC+01:00,Ate breakfast?,true,
2025-06-23 01:00:09,2025-06-24 00:18:26,UTC+01:00,Practiced breathwork?,false,
2025-06-23 01:00:09,2025-06-24 00:18:26,UTC+01:00,Consumed caffeine?,true,
2025-06-23 01:00:09,2025-06-24 00:18:26,UTC+01:00,Consumed carbohydrates?,true,
2025-06-23 01:00:09,2025-06-24 00:18:26,UTC+01:00,Avoided processed foods?,false,
2025-06-23 01:00:09,2025-06-24 00:18:26,UTC+01:00,Took creatine?,false,
2025-06-23 01:00:09,2025-06-24 00:18:26,UTC+01:00,Experienced decreased libido?,false,
2025-06-23 01:00:09,2025-06-24 00:18:26,UTC+01:00,Took electrolyte supplements?,false,
2025-06-23 01:00:09,2025-06-24 00:18:26,UTC+01:00,Took fish oil?,true,
2025-06-23 01:00:09,2025-06-24 00:18:26,UTC+01:00,Ate home-cooked food?,true,
2025-06-23 01:00:09,2025-06-24 00:18:26,UTC+01:00,Took a hot shower before bed?,false,
2025-06-23 01:00:09,2025-06-24 00:18:26,UTC+01:00,Hydrated sufficiently?,true,
2025-06-23 01:00:09,2025-06-24 00:18:26,UTC+01:00,Experienced increased libido?,false,
2025-06-23 01:00:09,2025-06-24 00:18:26,UTC+01:00,Ate food close to bedtime?,false,
2025-06-23 01:00:09,2025-06-24 00:18:26,UTC+01:00,Took a magnesium supplement?,true,
2025-06-23 01:00:09,2025-06-24 00:18:26,UTC+01:00,Consumed meat?,true,
2025-06-23 01:00:09,2025-06-24 00:18:26,UTC+01:00,Wore mouth tape while sleeping?,false,
2025-06-23 01:00:09,2025-06-24 00:18:26,UTC+01:00,Took a multivitamin?,false,
2025-06-23 01:00:09,2025-06-24 00:18:26,UTC+01:00,Consumed nuts?,false,
2025-06-23 01:00:09,2025-06-24 00:18:26,UTC+01:00,Took omega 3 supplement?,true,
2025-06-23 01:00:09,2025-06-24 00:18:26,UTC+01:00,Walked after a meal?,false,
2025-06-23 01:00:09,2025-06-24 00:18:26,UTC+01:00,Used a sauna?,false,
2025-06-23 01:00:09,2025-06-24 00:18:26,UTC+01:00,Engaged in sexual activity?,false,
2025-06-23 01:00:09,2025-06-24 00:18:26,UTC+01:00,Took vitamin D?,true,
2025-06-23 01:00:09,2025-06-24 00:18:26,UTC+01:00,Took a zinc supplement?,true,
2025-06-21 02:27:58,2025-06-22 01:27:00,UTC+01:00,Consumed added sugar?,true,
2025-06-21 02:27:58,2025-06-22 01:27:00,UTC+01:00,Experienced bloating?,false,
2025-06-21 02:27:58,2025-06-22 01:27:00,UTC+01:00,Ate breakfast?,false,
2025-06-21 02:27:58,2025-06-22 01:27:00,UTC+01:00,Practiced breathwork?,false,
2025-06-21 02:27:58,2025-06-22 01:27:00,UTC+01:00,Consumed caffeine?,true,
2025-06-21 02:27:58,2025-06-22 01:27:00,UTC+01:00,Consumed carbohydrates?,true,
2025-06-21 02:27:58,2025-06-22 01:27:00,UTC+01:00,Avoided processed foods?,false,
2025-06-21 02:27:58,2025-06-22 01:27:00,UTC+01:00,Took creatine?,false,
2025-06-21 02:27:58,2025-06-22 01:27:00,UTC+01:00,Experienced decreased libido?,false,
2025-06-21 02:27:58,2025-06-22 01:27:00,UTC+01:00,Took electrolyte supplements?,false,
2025-06-21 02:27:58,2025-06-22 01:27:00,UTC+01:00,Took fish oil?,false,
2025-06-21 02:27:58,2025-06-22 01:27:00,UTC+01:00,Ate home-cooked food?,true,
2025-06-21 02:27:58,2025-06-22 01:27:00,UTC+01:00,Took a hot shower before bed?,false,
2025-06-21 02:27:58,2025-06-22 01:27:00,UTC+01:00,Hydrated sufficiently?,false,
2025-06-21 02:27:58,2025-06-22 01:27:00,UTC+01:00,Experienced increased libido?,true,
2025-06-21 02:27:58,2025-06-22 01:27:00,UTC+01:00,Ate food close to bedtime?,false,
2025-06-21 02:27:58,2025-06-22 01:27:00,UTC+01:00,Took a magnesium supplement?,false,
2025-06-21 02:27:58,2025-06-22 01:27:00,UTC+01:00,Consumed meat?,true,
2025-06-21 02:27:58,2025-06-22 01:27:00,UTC+01:00,Wore mouth tape while sleeping?,false,
2025-06-21 02:27:58,2025-06-22 01:27:00,UTC+01:00,Took a multivitamin?,false,
2025-06-21 02:27:58,2025-06-22 01:27:00,UTC+01:00,Consumed nuts?,true,
2025-06-21 02:27:58,2025-06-22 01:27:00,UTC+01:00,Took omega 3 supplement?,false,
2025-06-21 02:27:58,2025-06-22 01:27:00,UTC+01:00,Walked after a meal?,false,
2025-06-21 02:27:58,2025-06-22 01:27:00,UTC+01:00,Used a sauna?,false,
2025-06-21 02:27:58,2025-06-22 01:27:00,UTC+01:00,Engaged in sexual activity?,false,
2025-06-21 02:27:58,2025-06-22 01:27:00,UTC+01:00,Took vitamin D?,false,
2025-06-21 02:27:58,2025-06-22 01:27:00,UTC+01:00,Took a zinc supplement?,false,
2025-06-17 01:05:30,2025-06-18 00:06:00,UTC+01:00,Consumed added sugar?,true,
2025-06-17 01:05:30,2025-06-18 00:06:00,UTC+01:00,Experienced bloating?,false,
2025-06-17 01:05:30,2025-06-18 00:06:00,UTC+01:00,Ate breakfast?,false,
2025-06-17 01:05:30,2025-06-18 00:06:00,UTC+01:00,Practiced breathwork?,false,
2025-06-17 01:05:30,2025-06-18 00:06:00,UTC+01:00,Consumed caffeine?,true,
2025-06-17 01:05:30,2025-06-18 00:06:00,UTC+01:00,Consumed carbohydrates?,true,
2025-06-17 01:05:30,2025-06-18 00:06:00,UTC+01:00,Avoided processed foods?,false,
2025-06-17 01:05:30,2025-06-18 00:06:00,UTC+01:00,Took creatine?,false,
2025-06-17 01:05:30,2025-06-18 00:06:00,UTC+01:00,Experienced decreased libido?,false,
2025-06-17 01:05:30,2025-06-18 00:06:00,UTC+01:00,Took electrolyte supplements?,false,
2025-06-17 01:05:30,2025-06-18 00:06:00,UTC+01:00,Took fish oil?,false,
2025-06-17 01:05:30,2025-06-18 00:06:00,UTC+01:00,Ate home-cooked food?,true,
2025-06-17 01:05:30,2025-06-18 00:06:00,UTC+01:00,Took a hot shower before bed?,true,
2025-06-17 01:05:30,2025-06-18 00:06:00,UTC+01:00,Hydrated sufficiently?,true,
2025-06-17 01:05:30,2025-06-18 00:06:00,UTC+01:00,Experienced increased libido?,false,
2025-06-17 01:05:30,2025-06-18 00:06:00,UTC+01:00,Ate food close to bedtime?,true,
2025-06-17 01:05:30,2025-06-18 00:06:00,UTC+01:00,Took a magnesium supplement?,false,
2025-06-17 01:05:30,2025-06-18 00:06:00,UTC+01:00,Consumed meat?,false,
2025-06-17 01:05:30,2025-06-18 00:06:00,UTC+01:00,Wore mouth tape while sleeping?,false,
2025-06-17 01:05:30,2025-06-18 00:06:00,UTC+01:00,Took a multivitamin?,false,
2025-06-17 01:05:30,2025-06-18 00:06:00,UTC+01:00,Consumed nuts?,true,
2025-06-17 01:05:30,2025-06-18 00:06:00,UTC+01:00,Took omega 3 supplement?,false,
2025-06-17 01:05:30,2025-06-18 00:06:00,UTC+01:00,Walked after a meal?,false,
2025-06-17 01:05:30,2025-06-18 00:06:00,UTC+01:00,Used a sauna?,false,
2025-06-17 01:05:30,2025-06-18 00:06:00,UTC+01:00,Engaged in sexual activity?,false,
2025-06-17 01:05:30,2025-06-18 00:06:00,UTC+01:00,Took vitamin D?,false,
2025-06-17 01:05:30,2025-06-18 00:06:00,UTC+01:00,Took a zinc supplement?,false,
2025-06-13 23:04:35,2025-06-15 01:06:20,UTC+01:00,Have any alcoholic drinks?,false,
2025-06-13 23:04:35,2025-06-15 01:06:20,UTC+01:00,Consumed caffeine?,false,
2025-06-13 23:04:35,2025-06-15 01:06:20,UTC+01:00,Engaged in sexual activity?,false,
2025-06-13 23:04:35,2025-06-15 01:06:20,UTC+01:00,Ate food close to bedtime?,false,
2025-06-13 23:04:35,2025-06-15 01:06:20,UTC+01:00,Consumed meat?,false,
2025-06-13 23:04:35,2025-06-15 01:06:20,UTC+01:00,Wore blue-light blocking glasses before bed?,false,
2025-06-13 23:04:35,2025-06-15 01:06:20,UTC+01:00,Used a sauna?,false,
2025-06-13 23:04:35,2025-06-15 01:06:20,UTC+01:00,Masturbated?,false,
2025-06-13 23:04:35,2025-06-15 01:06:20,UTC+01:00,Hydrated sufficiently?,false,
2025-06-13 23:04:35,2025-06-15 01:06:20,UTC+01:00,Experienced bloating?,false,
2025-06-13 23:04:35,2025-06-15 01:06:20,UTC+01:00,Consumed carbohydrates?,true,
2025-06-13 23:04:35,2025-06-15 01:06:20,UTC+01:00,Avoided processed foods?,false,
2025-06-13 23:04:35,2025-06-15 01:06:20,UTC+01:00,Took creatine?,false,
2025-06-13 23:04:35,2025-06-15 01:06:20,UTC+01:00,Took fish oil?,false,
2025-06-13 23:04:35,2025-06-15 01:06:20,UTC+01:00,Took vitamin D?,false,
2025-06-13 23:04:35,2025-06-15 01:06:20,UTC+01:00,Took a zinc supplement?,false,
2025-06-13 23:04:35,2025-06-15 01:06:20,UTC+01:00,Wore mouth tape while sleeping?,false,
2025-06-13 23:04:35,2025-06-15 01:06:20,UTC+01:00,Took a hot shower before bed?,false,
2025-06-13 23:04:35,2025-06-15 01:06:20,UTC+01:00,Experienced increased libido?,false,
2025-06-13 23:04:35,2025-06-15 01:06:20,UTC+01:00,Experienced decreased libido?,false,
2025-06-13 23:04:35,2025-06-15 01:06:20,UTC+01:00,Ate breakfast?,false,
2025-06-13 23:04:35,2025-06-15 01:06:20,UTC+01:00,Ate home-cooked food?,false,
2025-06-13 23:04:35,2025-06-15 01:06:20,UTC+01:00,Ate takeout?,true,
2025-06-13 23:04:35,2025-06-15 01:06:20,UTC+01:00,Walked after a meal?,false,
2025-06-13 23:04:35,2025-06-15 01:06:20,UTC+01:00,Consumed chicken/poultry?,false,
2025-06-13 23:04:35,2025-06-15 01:06:20,UTC+01:00,Consumed nuts?,false,
2025-06-13 23:04:35,2025-06-15 01:06:20,UTC+01:00,Took omega 3 supplement?,false,
2025-06-11 00:54:46,2025-06-12 01:00:37,UTC+01:00,Have any alcoholic drinks?,false,
2025-06-11 00:54:46,2025-06-12 01:00:37,UTC+01:00,Experienced bloating?,false,
2025-06-11 00:54:46,2025-06-12 01:00:37,UTC+01:00,Wore blue-light blocking glasses before bed?,false,
2025-06-11 00:54:46,2025-06-12 01:00:37,UTC+01:00,Ate breakfast?,false,
2025-06-11 00:54:46,2025-06-12 01:00:37,UTC+01:00,Consumed caffeine?,false,
2025-06-11 00:54:46,2025-06-12 01:00:37,UTC+01:00,Consumed carbohydrates?,false,
2025-06-11 00:54:46,2025-06-12 01:00:37,UTC+01:00,Consumed chicken/poultry?,false,
2025-06-11 00:54:46,2025-06-12 01:00:37,UTC+01:00,Avoided processed foods?,false,
2025-06-11 00:54:46,2025-06-12 01:00:37,UTC+01:00,Took creatine?,false,
2025-06-11 00:54:46,2025-06-12 01:00:37,UTC+01:00,Experienced decreased libido?,false,
2025-06-11 00:54:46,2025-06-12 01:00:37,UTC+01:00,Took fish oil?,true,
2025-06-11 00:54:46,2025-06-12 01:00:37,UTC+01:00,Ate home-cooked food?,false,
2025-06-11 00:54:46,2025-06-12 01:00:37,UTC+01:00,Took a hot shower before bed?,true,
2025-06-11 00:54:46,2025-06-12 01:00:37,UTC+01:00,Hydrated sufficiently?,false,
2025-06-11 00:54:46,2025-06-12 01:00:37,UTC+01:00,Experienced increased libido?,false,
2025-06-11 00:54:46,2025-06-12 01:00:37,UTC+01:00,Ate food close to bedtime?,false,
2025-06-11 00:54:46,2025-06-12 01:00:37,UTC+01:00,Masturbated?,true,
2025-06-11 00:54:46,2025-06-12 01:00:37,UTC+01:00,Consumed meat?,false,
2025-06-11 00:54:46,2025-06-12 01:00:37,UTC+01:00,Wore mouth tape while sleeping?,false,
2025-06-11 00:54:46,2025-06-12 01:00:37,UTC+01:00,Consumed nuts?,false,
2025-06-11 00:54:46,2025-06-12 01:00:37,UTC+01:00,Took omega 3 supplement?,false,
2025-06-11 00:54:46,2025-06-12 01:00:37,UTC+01:00,Walked after a meal?,false,
2025-06-11 00:54:46,2025-06-12 01:00:37,UTC+01:00,Used a sauna?,false,
2025-06-11 00:54:46,2025-06-12 01:00:37,UTC+01:00,Engaged in sexual activity?,false,
2025-06-11 00:54:46,2025-06-12 01:00:37,UTC+01:00,Ate takeout?,false,
2025-06-11 00:54:46,2025-06-12 01:00:37,UTC+01:00,Took vitamin D?,true,
2025-06-11 00:54:46,2025-06-12 01:00:37,UTC+01:00,Took a zinc supplement?,true,
2025-06-10 00:51:33,2025-06-11 00:54:46,UTC+01:00,Have any alcoholic drinks?,false,
2025-06-10 00:51:33,2025-06-11 00:54:46,UTC+01:00,Experienced bloating?,false,
2025-06-10 00:51:33,2025-06-11 00:54:46,UTC+01:00,Wore blue-light blocking glasses before bed?,false,
2025-06-10 00:51:33,2025-06-11 00:54:46,UTC+01:00,Ate breakfast?,false,
2025-06-10 00:51:33,2025-06-11 00:54:46,UTC+01:00,Consumed caffeine?,false,
2025-06-10 00:51:33,2025-06-11 00:54:46,UTC+01:00,Consumed carbohydrates?,false,
2025-06-10 00:51:33,2025-06-11 00:54:46,UTC+01:00,Consumed chicken/poultry?,false,
2025-06-10 00:51:33,2025-06-11 00:54:46,UTC+01:00,Avoided processed foods?,false,
2025-06-10 00:51:33,2025-06-11 00:54:46,UTC+01:00,Took creatine?,false,
2025-06-10 00:51:33,2025-06-11 00:54:46,UTC+01:00,Experienced decreased libido?,false,
2025-06-10 00:51:33,2025-06-11 00:54:46,UTC+01:00,Took fish oil?,false,
2025-06-10 00:51:33,2025-06-11 00:54:46,UTC+01:00,Ate home-cooked food?,false,
2025-06-10 00:51:33,2025-06-11 00:54:46,UTC+01:00,Took a hot shower before bed?,false,
2025-06-10 00:51:33,2025-06-11 00:54:46,UTC+01:00,Hydrated sufficiently?,false,
2025-06-10 00:51:33,2025-06-11 00:54:46,UTC+01:00,Experienced increased libido?,false,
2025-06-10 00:51:33,2025-06-11 00:54:46,UTC+01:00,Ate food close to bedtime?,false,
2025-06-10 00:51:33,2025-06-11 00:54:46,UTC+01:00,Masturbated?,true,
2025-06-10 00:51:33,2025-06-11 00:54:46,UTC+01:00,Consumed meat?,false,
2025-06-10 00:51:33,2025-06-11 00:54:46,UTC+01:00,Wore mouth tape while sleeping?,false,
2025-06-10 00:51:33,2025-06-11 00:54:46,UTC+01:00,Consumed nuts?,false,
2025-06-10 00:51:33,2025-06-11 00:54:46,UTC+01:00,Took omega 3 supplement?,false,
2025-06-10 00:51:33,2025-06-11 00:54:46,UTC+01:00,Walked after a meal?,false,
2025-06-10 00:51:33,2025-06-11 00:54:46,UTC+01:00,Used a sauna?,false,
2025-06-10 00:51:33,2025-06-11 00:54:46,UTC+01:00,Engaged in sexual activity?,false,
2025-06-10 00:51:33,2025-06-11 00:54:46,UTC+01:00,Ate takeout?,false,
2025-06-10 00:51:33,2025-06-11 00:54:46,UTC+01:00,Took vitamin D?,false,
2025-06-10 00:51:33,2025-06-11 00:54:46,UTC+01:00,Took a zinc supplement?,false,
2025-06-08 01:02:00,2025-06-09 00:31:46,UTC+01:00,Have any alcoholic drinks?,false,
2025-06-08 01:02:00,2025-06-09 00:31:46,UTC+01:00,Experienced bloating?,false,
2025-06-08 01:02:00,2025-06-09 00:31:46,UTC+01:00,Wore blue-light blocking glasses before bed?,false,
2025-06-08 01:02:00,2025-06-09 00:31:46,UTC+01:00,Ate breakfast?,false,
2025-06-08 01:02:00,2025-06-09 00:31:46,UTC+01:00,Consumed caffeine?,false,
2025-06-08 01:02:00,2025-06-09 00:31:46,UTC+01:00,Consumed carbohydrates?,false,
2025-06-08 01:02:00,2025-06-09 00:31:46,UTC+01:00,Consumed chicken/poultry?,false,
2025-06-08 01:02:00,2025-06-09 00:31:46,UTC+01:00,Avoided processed foods?,false,
2025-06-08 01:02:00,2025-06-09 00:31:46,UTC+01:00,Took creatine?,false,
2025-06-08 01:02:00,2025-06-09 00:31:46,UTC+01:00,Experienced decreased libido?,false,
2025-06-08 01:02:00,2025-06-09 00:31:46,UTC+01:00,Took fish oil?,false,
2025-06-08 01:02:00,2025-06-09 00:31:46,UTC+01:00,Ate home-cooked food?,false,
2025-06-08 01:02:00,2025-06-09 00:31:46,UTC+01:00,Took a hot shower before bed?,false,
2025-06-08 01:02:00,2025-06-09 00:31:46,UTC+01:00,Hydrated sufficiently?,false,
2025-06-08 01:02:00,2025-06-09 00:31:46,UTC+01:00,Experienced increased libido?,false,
2025-06-08 01:02:00,2025-06-09 00:31:46,UTC+01:00,Ate food close to bedtime?,false,
2025-06-08 01:02:00,2025-06-09 00:31:46,UTC+01:00,Masturbated?,false,
2025-06-08 01:02:00,2025-06-09 00:31:46,UTC+01:00,Consumed meat?,false,
2025-06-08 01:02:00,2025-06-09 00:31:46,UTC+01:00,Wore mouth tape while sleeping?,false,
2025-06-08 01:02:00,2025-06-09 00:31:46,UTC+01:00,Consumed nuts?,false,
2025-06-08 01:02:00,2025-06-09 00:31:46,UTC+01:00,Took omega 3 supplement?,false,
2025-06-08 01:02:00,2025-06-09 00:31:46,UTC+01:00,Walked after a meal?,false,
2025-06-08 01:02:00,2025-06-09 00:31:46,UTC+01:00,Used a sauna?,false,
2025-06-08 01:02:00,2025-06-09 00:31:46,UTC+01:00,Engaged in sexual activity?,false,
2025-06-08 01:02:00,2025-06-09 00:31:46,UTC+01:00,Ate takeout?,false,
2025-06-08 01:02:00,2025-06-09 00:31:46,UTC+01:00,Took vitamin D?,false,
2025-06-08 01:02:00,2025-06-09 00:31:46,UTC+01:00,Took a zinc supplement?,false,
2025-06-07 00:24:54,2025-06-08 01:02:00,UTC+01:00,Have any alcoholic drinks?,false,
2025-06-07 00:24:54,2025-06-08 01:02:00,UTC+01:00,Experienced bloating?,false,
2025-06-07 00:24:54,2025-06-08 01:02:00,UTC+01:00,Wore blue-light blocking glasses before bed?,false,
2025-06-07 00:24:54,2025-06-08 01:02:00,UTC+01:00,Ate breakfast?,false,
2025-06-07 00:24:54,2025-06-08 01:02:00,UTC+01:00,Consumed caffeine?,false,
2025-06-07 00:24:54,2025-06-08 01:02:00,UTC+01:00,Consumed carbohydrates?,false,
2025-06-07 00:24:54,2025-06-08 01:02:00,UTC+01:00,Consumed chicken/poultry?,false,
2025-06-07 00:24:54,2025-06-08 01:02:00,UTC+01:00,Avoided processed foods?,false,
2025-06-07 00:24:54,2025-06-08 01:02:00,UTC+01:00,Took creatine?,false,
2025-06-07 00:24:54,2025-06-08 01:02:00,UTC+01:00,Experienced decreased libido?,false,
2025-06-07 00:24:54,2025-06-08 01:02:00,UTC+01:00,Took fish oil?,false,
2025-06-07 00:24:54,2025-06-08 01:02:00,UTC+01:00,Ate home-cooked food?,false,
2025-06-07 00:24:54,2025-06-08 01:02:00,UTC+01:00,Took a hot shower before bed?,false,
2025-06-07 00:24:54,2025-06-08 01:02:00,UTC+01:00,Hydrated sufficiently?,false,
2025-06-07 00:24:54,2025-06-08 01:02:00,UTC+01:00,Experienced increased libido?,false,
2025-06-07 00:24:54,2025-06-08 01:02:00,UTC+01:00,Ate food close to bedtime?,false,
2025-06-07 00:24:54,2025-06-08 01:02:00,UTC+01:00,Masturbated?,false,
2025-06-07 00:24:54,2025-06-08 01:02:00,UTC+01:00,Consumed meat?,false,
2025-06-07 00:24:54,2025-06-08 01:02:00,UTC+01:00,Wore mouth tape while sleeping?,false,
2025-06-07 00:24:54,2025-06-08 01:02:00,UTC+01:00,Consumed nuts?,false,
2025-06-07 00:24:54,2025-06-08 01:02:00,UTC+01:00,Took omega 3 supplement?,false,
2025-06-07 00:24:54,2025-06-08 01:02:00,UTC+01:00,Walked after a meal?,false,
2025-06-07 00:24:54,2025-06-08 01:02:00,UTC+01:00,Used a sauna?,false,
2025-06-07 00:24:54,2025-06-08 01:02:00,UTC+01:00,Engaged in sexual activity?,false,
2025-06-07 00:24:54,2025-06-08 01:02:00,UTC+01:00,Ate takeout?,false,
2025-06-07 00:24:54,2025-06-08 01:02:00,UTC+01:00,Took vitamin D?,false,
2025-06-07 00:24:54,2025-06-08 01:02:00,UTC+01:00,Took a zinc supplement?,false,
2025-06-04 00:49:42,2025-06-05 00:11:09,UTC+01:00,Have any alcoholic drinks?,false,
2025-06-04 00:49:42,2025-06-05 00:11:09,UTC+01:00,Experienced bloating?,false,
2025-06-04 00:49:42,2025-06-05 00:11:09,UTC+01:00,Wore blue-light blocking glasses before bed?,false,
2025-06-04 00:49:42,2025-06-05 00:11:09,UTC+01:00,Ate breakfast?,false,
2025-06-04 00:49:42,2025-06-05 00:11:09,UTC+01:00,Consumed caffeine?,false,
2025-06-04 00:49:42,2025-06-05 00:11:09,UTC+01:00,Consumed carbohydrates?,false,
2025-06-04 00:49:42,2025-06-05 00:11:09,UTC+01:00,Consumed chicken/poultry?,false,
2025-06-04 00:49:42,2025-06-05 00:11:09,UTC+01:00,Avoided processed foods?,false,
2025-06-04 00:49:42,2025-06-05 00:11:09,UTC+01:00,Took creatine?,false,
2025-06-04 00:49:42,2025-06-05 00:11:09,UTC+01:00,Experienced decreased libido?,false,
2025-06-04 00:49:42,2025-06-05 00:11:09,UTC+01:00,Took fish oil?,false,
2025-06-04 00:49:42,2025-06-05 00:11:09,UTC+01:00,Ate home-cooked food?,false,
2025-06-04 00:49:42,2025-06-05 00:11:09,UTC+01:00,Took a hot shower before bed?,false,
2025-06-04 00:49:42,2025-06-05 00:11:09,UTC+01:00,Hydrated sufficiently?,false,
2025-06-04 00:49:42,2025-06-05 00:11:09,UTC+01:00,Experienced increased libido?,false,
2025-06-04 00:49:42,2025-06-05 00:11:09,UTC+01:00,Ate food close to bedtime?,false,
2025-06-04 00:49:42,2025-06-05 00:11:09,UTC+01:00,Masturbated?,false,
2025-06-04 00:49:42,2025-06-05 00:11:09,UTC+01:00,Consumed meat?,false,
2025-06-04 00:49:42,2025-06-05 00:11:09,UTC+01:00,Wore mouth tape while sleeping?,false,
2025-06-04 00:49:42,2025-06-05 00:11:09,UTC+01:00,Consumed nuts?,false,
2025-06-04 00:49:42,2025-06-05 00:11:09,UTC+01:00,Took omega 3 supplement?,false,
2025-06-04 00:49:42,2025-06-05 00:11:09,UTC+01:00,Walked after a meal?,false,
2025-06-04 00:49:42,2025-06-05 00:11:09,UTC+01:00,Used a sauna?,false,
2025-06-04 00:49:42,2025-06-05 00:11:09,UTC+01:00,Engaged in sexual activity?,false,
2025-06-04 00:49:42,2025-06-05 00:11:09,UTC+01:00,Ate takeout?,false,
2025-06-04 00:49:42,2025-06-05 00:11:09,UTC+01:00,Took vitamin D?,false,
2025-06-04 00:49:42,2025-06-05 00:11:09,UTC+01:00,Took a zinc supplement?,false,
2025-06-03 00:44:31,2025-06-04 00:49:42,UTC+01:00,Have any alcoholic drinks?,false,
2025-06-03 00:44:31,2025-06-04 00:49:42,UTC+01:00,Experienced bloating?,false,
2025-06-03 00:44:31,2025-06-04 00:49:42,UTC+01:00,Wore blue-light blocking glasses before bed?,false,
2025-06-03 00:44:31,2025-06-04 00:49:42,UTC+01:00,Ate breakfast?,false,
2025-06-03 00:44:31,2025-06-04 00:49:42,UTC+01:00,Consumed caffeine?,false,
2025-06-03 00:44:31,2025-06-04 00:49:42,UTC+01:00,Consumed carbohydrates?,false,
2025-06-03 00:44:31,2025-06-04 00:49:42,UTC+01:00,Consumed chicken/poultry?,false,
2025-06-03 00:44:31,2025-06-04 00:49:42,UTC+01:00,Avoided processed foods?,false,
2025-06-03 00:44:31,2025-06-04 00:49:42,UTC+01:00,Took creatine?,false,
2025-06-03 00:44:31,2025-06-04 00:49:42,UTC+01:00,Experienced decreased libido?,false,
2025-06-03 00:44:31,2025-06-04 00:49:42,UTC+01:00,Took fish oil?,false,
2025-06-03 00:44:31,2025-06-04 00:49:42,UTC+01:00,Ate home-cooked food?,false,
2025-06-03 00:44:31,2025-06-04 00:49:42,UTC+01:00,Took a hot shower before bed?,false,
2025-06-03 00:44:31,2025-06-04 00:49:42,UTC+01:00,Hydrated sufficiently?,false,
2025-06-03 00:44:31,2025-06-04 00:49:42,UTC+01:00,Experienced increased libido?,false,
2025-06-03 00:44:31,2025-06-04 00:49:42,UTC+01:00,Ate food close to bedtime?,false,
2025-06-03 00:44:31,2025-06-04 00:49:42,UTC+01:00,Masturbated?,false,
2025-06-03 00:44:31,2025-06-04 00:49:42,UTC+01:00,Consumed meat?,false,
2025-06-03 00:44:31,2025-06-04 00:49:42,UTC+01:00,Wore mouth tape while sleeping?,false,
2025-06-03 00:44:31,2025-06-04 00:49:42,UTC+01:00,Consumed nuts?,false,
2025-06-03 00:44:31,2025-06-04 00:49:42,UTC+01:00,Took omega 3 supplement?,false,
2025-06-03 00:44:31,2025-06-04 00:49:42,UTC+01:00,Walked after a meal?,false,
2025-06-03 00:44:31,2025-06-04 00:49:42,UTC+01:00,Used a sauna?,false,
2025-06-03 00:44:31,2025-06-04 00:49:42,UTC+01:00,Engaged in sexual activity?,false,
2025-06-03 00:44:31,2025-06-04 00:49:42,UTC+01:00,Ate takeout?,false,
2025-06-03 00:44:31,2025-06-04 00:49:42,UTC+01:00,Took vitamin D?,false,
2025-06-03 00:44:31,2025-06-04 00:49:42,UTC+01:00,Took a zinc supplement?,false,
2025-06-02 00:54:11,2025-06-03 00:44:31,UTC+01:00,Have any alcoholic drinks?,false,
2025-06-02 00:54:11,2025-06-03 00:44:31,UTC+01:00,Experienced bloating?,false,
2025-06-02 00:54:11,2025-06-03 00:44:31,UTC+01:00,Wore blue-light blocking glasses before bed?,false,
2025-06-02 00:54:11,2025-06-03 00:44:31,UTC+01:00,Ate breakfast?,false,
2025-06-02 00:54:11,2025-06-03 00:44:31,UTC+01:00,Consumed caffeine?,false,
2025-06-02 00:54:11,2025-06-03 00:44:31,UTC+01:00,Consumed carbohydrates?,false,
2025-06-02 00:54:11,2025-06-03 00:44:31,UTC+01:00,Consumed chicken/poultry?,false,
2025-06-02 00:54:11,2025-06-03 00:44:31,UTC+01:00,Avoided processed foods?,false,
2025-06-02 00:54:11,2025-06-03 00:44:31,UTC+01:00,Took creatine?,false,
2025-06-02 00:54:11,2025-06-03 00:44:31,UTC+01:00,Experienced decreased libido?,false,
2025-06-02 00:54:11,2025-06-03 00:44:31,UTC+01:00,Took fish oil?,false,
2025-06-02 00:54:11,2025-06-03 00:44:31,UTC+01:00,Ate home-cooked food?,false,
2025-06-02 00:54:11,2025-06-03 00:44:31,UTC+01:00,Took a hot shower before bed?,false,
2025-06-02 00:54:11,2025-06-03 00:44:31,UTC+01:00,Hydrated sufficiently?,false,
2025-06-02 00:54:11,2025-06-03 00:44:31,UTC+01:00,Experienced increased libido?,false,
2025-06-02 00:54:11,2025-06-03 00:44:31,UTC+01:00,Ate food close to bedtime?,false,
2025-06-02 00:54:11,2025-06-03 00:44:31,UTC+01:00,Masturbated?,false,
2025-06-02 00:54:11,2025-06-03 00:44:31,UTC+01:00,Consumed meat?,false,
2025-06-02 00:54:11,2025-06-03 00:44:31,UTC+01:00,Wore mouth tape while sleeping?,false,
2025-06-02 00:54:11,2025-06-03 00:44:31,UTC+01:00,Consumed nuts?,false,
2025-06-02 00:54:11,2025-06-03 00:44:31,UTC+01:00,Took omega 3 supplement?,false,
2025-06-02 00:54:11,2025-06-03 00:44:31,UTC+01:00,Walked after a meal?,false,
2025-06-02 00:54:11,2025-06-03 00:44:31,UTC+01:00,Used a sauna?,false,
2025-06-02 00:54:11,2025-06-03 00:44:31,UTC+01:00,Engaged in sexual activity?,false,
2025-06-02 00:54:11,2025-06-03 00:44:31,UTC+01:00,Ate takeout?,false,
2025-06-02 00:54:11,2025-06-03 00:44:31,UTC+01:00,Took vitamin D?,false,
2025-06-02 00:54:11,2025-06-03 00:44:31,UTC+01:00,Took a zinc supplement?,false,
2025-05-31 00:22:18,2025-06-01 02:32:09,UTC+01:00,Have any alcoholic drinks?,false,
2025-05-31 00:22:18,2025-06-01 02:32:09,UTC+01:00,Experienced bloating?,false,
2025-05-31 00:22:18,2025-06-01 02:32:09,UTC+01:00,Wore blue-light blocking glasses before bed?,false,
2025-05-31 00:22:18,2025-06-01 02:32:09,UTC+01:00,Ate breakfast?,false,
2025-05-31 00:22:18,2025-06-01 02:32:09,UTC+01:00,Consumed caffeine?,false,
2025-05-31 00:22:18,2025-06-01 02:32:09,UTC+01:00,Consumed carbohydrates?,false,
2025-05-31 00:22:18,2025-06-01 02:32:09,UTC+01:00,Consumed chicken/poultry?,false,
2025-05-31 00:22:18,2025-06-01 02:32:09,UTC+01:00,Avoided processed foods?,false,
2025-05-31 00:22:18,2025-06-01 02:32:09,UTC+01:00,Took creatine?,false,
2025-05-31 00:22:18,2025-06-01 02:32:09,UTC+01:00,Experienced decreased libido?,false,
2025-05-31 00:22:18,2025-06-01 02:32:09,UTC+01:00,Took fish oil?,false,
2025-05-31 00:22:18,2025-06-01 02:32:09,UTC+01:00,Ate home-cooked food?,false,
2025-05-31 00:22:18,2025-06-01 02:32:09,UTC+01:00,Took a hot shower before bed?,false,
2025-05-31 00:22:18,2025-06-01 02:32:09,UTC+01:00,Hydrated sufficiently?,false,
2025-05-31 00:22:18,2025-06-01 02:32:09,UTC+01:00,Experienced increased libido?,false,
2025-05-31 00:22:18,2025-06-01 02:32:09,UTC+01:00,Ate food close to bedtime?,false,
2025-05-31 00:22:18,2025-06-01 02:32:09,UTC+01:00,Masturbated?,false,
2025-05-31 00:22:18,2025-06-01 02:32:09,UTC+01:00,Consumed meat?,false,
2025-05-31 00:22:18,2025-06-01 02:32:09,UTC+01:00,Wore mouth tape while sleeping?,false,
2025-05-31 00:22:18,2025-06-01 02:32:09,UTC+01:00,Consumed nuts?,false,
2025-05-31 00:22:18,2025-06-01 02:32:09,UTC+01:00,Took omega 3 supplement?,false,
2025-05-31 00:22:18,2025-06-01 02:32:09,UTC+01:00,Walked after a meal?,false,
2025-05-31 00:22:18,2025-06-01 02:32:09,UTC+01:00,Used a sauna?,false,
2025-05-31 00:22:18,2025-06-01 02:32:09,UTC+01:00,Engaged in sexual activity?,false,
2025-05-31 00:22:18,2025-06-01 02:32:09,UTC+01:00,Ate takeout?,false,
2025-05-31 00:22:18,2025-06-01 02:32:09,UTC+01:00,Took vitamin D?,false,
2025-05-31 00:22:18,2025-06-01 02:32:09,UTC+01:00,Took a zinc supplement?,false,
2025-05-29 01:34:22,2025-05-30 01:23:04,UTC+01:00,Have any alcoholic drinks?,false,
2025-05-29 01:34:22,2025-05-30 01:23:04,UTC+01:00,Consumed caffeine?,true,
2025-05-29 01:34:22,2025-05-30 01:23:04,UTC+01:00,Engaged in sexual activity?,false,
2025-05-29 01:34:22,2025-05-30 01:23:04,UTC+01:00,Ate food close to bedtime?,false,
2025-05-29 01:34:22,2025-05-30 01:23:04,UTC+01:00,Consumed meat?,false,
2025-05-29 01:34:22,2025-05-30 01:23:04,UTC+01:00,Wore blue-light blocking glasses before bed?,false,
2025-05-29 01:34:22,2025-05-30 01:23:04,UTC+01:00,Used a sauna?,false,
2025-05-29 01:34:22,2025-05-30 01:23:04,UTC+01:00,Masturbated?,true,
2025-05-29 01:34:22,2025-05-30 01:23:04,UTC+01:00,Hydrated sufficiently?,false,
2025-05-29 01:34:22,2025-05-30 01:23:04,UTC+01:00,Experienced bloating?,false,
2025-05-29 01:34:22,2025-05-30 01:23:04,UTC+01:00,Consumed carbohydrates?,true,
2025-05-29 01:34:22,2025-05-30 01:23:04,UTC+01:00,Avoided processed foods?,true,
2025-05-29 01:34:22,2025-05-30 01:23:04,UTC+01:00,Took creatine?,false,
2025-05-29 01:34:22,2025-05-30 01:23:04,UTC+01:00,Took fish oil?,false,
2025-05-29 01:34:22,2025-05-30 01:23:04,UTC+01:00,Took vitamin D?,false,
2025-05-29 01:34:22,2025-05-30 01:23:04,UTC+01:00,Took a zinc supplement?,false,
2025-05-29 01:34:22,2025-05-30 01:23:04,UTC+01:00,Wore mouth tape while sleeping?,false,
2025-05-29 01:34:22,2025-05-30 01:23:04,UTC+01:00,Took a hot shower before bed?,false,
2025-05-29 01:34:22,2025-05-30 01:23:04,UTC+01:00,Experienced increased libido?,false,
2025-05-29 01:34:22,2025-05-30 01:23:04,UTC+01:00,Experienced decreased libido?,false,
2025-05-29 01:34:22,2025-05-30 01:23:04,UTC+01:00,Ate breakfast?,false,
2025-05-29 01:34:22,2025-05-30 01:23:04,UTC+01:00,Ate home-cooked food?,false,
2025-05-29 01:34:22,2025-05-30 01:23:04,UTC+01:00,Ate takeout?,true,
2025-05-29 01:34:22,2025-05-30 01:23:04,UTC+01:00,Walked after a meal?,false,
2025-05-29 01:34:22,2025-05-30 01:23:04,UTC+01:00,Consumed chicken/poultry?,false,
2025-05-29 01:34:22,2025-05-30 01:23:04,UTC+01:00,Consumed nuts?,false,
2025-05-29 01:34:22,2025-05-30 01:23:04,UTC+01:00,Took omega 3 supplement?,false,
2025-05-28 00:30:22,2025-05-29 01:34:22,UTC+01:00,Have any alcoholic drinks?,false,
2025-05-28 00:30:22,2025-05-29 01:34:22,UTC+01:00,Experienced bloating?,false,
2025-05-28 00:30:22,2025-05-29 01:34:22,UTC+01:00,Wore blue-light blocking glasses before bed?,false,
2025-05-28 00:30:22,2025-05-29 01:34:22,UTC+01:00,Ate breakfast?,false,
2025-05-28 00:30:22,2025-05-29 01:34:22,UTC+01:00,Consumed caffeine?,true,
2025-05-28 00:30:22,2025-05-29 01:34:22,UTC+01:00,Consumed carbohydrates?,true,
2025-05-28 00:30:22,2025-05-29 01:34:22,UTC+01:00,Consumed chicken/poultry?,true,
2025-05-28 00:30:22,2025-05-29 01:34:22,UTC+01:00,Avoided processed foods?,false,
2025-05-28 00:30:22,2025-05-29 01:34:22,UTC+01:00,Took creatine?,false,
2025-05-28 00:30:22,2025-05-29 01:34:22,UTC+01:00,Experienced decreased libido?,true,
2025-05-28 00:30:22,2025-05-29 01:34:22,UTC+01:00,Took fish oil?,false,
2025-05-28 00:30:22,2025-05-29 01:34:22,UTC+01:00,Ate home-cooked food?,false,
2025-05-28 00:30:22,2025-05-29 01:34:22,UTC+01:00,Took a hot shower before bed?,true,
2025-05-28 00:30:22,2025-05-29 01:34:22,UTC+01:00,Hydrated sufficiently?,true,
2025-05-28 00:30:22,2025-05-29 01:34:22,UTC+01:00,Experienced increased libido?,false,
2025-05-28 00:30:22,2025-05-29 01:34:22,UTC+01:00,Ate food close to bedtime?,false,
2025-05-28 00:30:22,2025-05-29 01:34:22,UTC+01:00,Masturbated?,false,
2025-05-28 00:30:22,2025-05-29 01:34:22,UTC+01:00,Consumed meat?,true,
2025-05-28 00:30:22,2025-05-29 01:34:22,UTC+01:00,Wore mouth tape while sleeping?,false,
2025-05-28 00:30:22,2025-05-29 01:34:22,UTC+01:00,Consumed nuts?,true,
2025-05-28 00:30:22,2025-05-29 01:34:22,UTC+01:00,Took omega 3 supplement?,false,
2025-05-28 00:30:22,2025-05-29 01:34:22,UTC+01:00,Walked after a meal?,false,
2025-05-28 00:30:22,2025-05-29 01:34:22,UTC+01:00,Used a sauna?,false,
2025-05-28 00:30:22,2025-05-29 01:34:22,UTC+01:00,Engaged in sexual activity?,false,
2025-05-28 00:30:22,2025-05-29 01:34:22,UTC+01:00,Ate takeout?,false,
2025-05-28 00:30:22,2025-05-29 01:34:22,UTC+01:00,Took vitamin D?,false,
2025-05-28 00:30:22,2025-05-29 01:34:22,UTC+01:00,Took a zinc supplement?,false,
2025-05-27 01:05:15,2025-05-28 00:30:22,UTC+01:00,Have any alcoholic drinks?,false,
2025-05-27 01:05:15,2025-05-28 00:30:22,UTC+01:00,Consumed caffeine?,false,
2025-05-27 01:05:15,2025-05-28 00:30:22,UTC+01:00,Engaged in sexual activity?,false,
2025-05-27 01:05:15,2025-05-28 00:30:22,UTC+01:00,Ate food close to bedtime?,false,
2025-05-27 01:05:15,2025-05-28 00:30:22,UTC+01:00,Ate breakfast?,false,
2025-05-27 01:05:15,2025-05-28 00:30:22,UTC+01:00,Consumed meat?,false,
2025-05-27 01:05:15,2025-05-28 00:30:22,UTC+01:00,Experienced bloating?,false,
2025-05-27 01:05:15,2025-05-28 00:30:22,UTC+01:00,Ate home-cooked food?,false,
2025-05-27 01:05:15,2025-05-28 00:30:22,UTC+01:00,Consumed carbohydrates?,false,
2025-05-27 01:05:15,2025-05-28 00:30:22,UTC+01:00,Ate takeout?,false,
2025-05-27 01:05:15,2025-05-28 00:30:22,UTC+01:00,Avoided processed foods?,false,
2025-05-27 01:05:15,2025-05-28 00:30:22,UTC+01:00,Wore blue-light blocking glasses before bed?,false,
2025-05-27 01:05:15,2025-05-28 00:30:22,UTC+01:00,Took a zinc supplement?,false,
2025-05-27 01:05:15,2025-05-28 00:30:22,UTC+01:00,Experienced increased libido?,false,
2025-05-27 01:05:15,2025-05-28 00:30:22,UTC+01:00,Wore mouth tape while sleeping?,false,
2025-05-27 01:05:15,2025-05-28 00:30:22,UTC+01:00,Experienced decreased libido?,false,
2025-05-27 01:05:15,2025-05-28 00:30:22,UTC+01:00,Took creatine?,false,
2025-05-27 01:05:15,2025-05-28 00:30:22,UTC+01:00,Took fish oil?,false,
2025-05-27 01:05:15,2025-05-28 00:30:22,UTC+01:00,Walked after a meal?,false,
2025-05-27 01:05:15,2025-05-28 00:30:22,UTC+01:00,Consumed chicken/poultry?,false,
2025-05-27 01:05:15,2025-05-28 00:30:22,UTC+01:00,Consumed nuts?,false,
2025-05-27 01:05:15,2025-05-28 00:30:22,UTC+01:00,Took vitamin D?,false,
2025-05-27 01:05:15,2025-05-28 00:30:22,UTC+01:00,Took omega 3 supplement?,false,
2025-05-27 01:05:15,2025-05-28 00:30:22,UTC+01:00,Took a hot shower before bed?,false,
2025-05-27 01:05:15,2025-05-28 00:30:22,UTC+01:00,Used a sauna?,false,
2025-05-27 01:05:15,2025-05-28 00:30:22,UTC+01:00,Masturbated?,false,
2025-05-27 01:05:15,2025-05-28 00:30:22,UTC+01:00,Hydrated sufficiently?,false,
2025-05-25 23:46:13,2025-05-27 01:05:15,UTC+01:00,Have any alcoholic drinks?,false,
2025-05-25 23:46:13,2025-05-27 01:05:15,UTC+01:00,Experienced bloating?,false,
2025-05-25 23:46:13,2025-05-27 01:05:15,UTC+01:00,Wore blue-light blocking glasses before bed?,false,
2025-05-25 23:46:13,2025-05-27 01:05:15,UTC+01:00,Ate breakfast?,false,
2025-05-25 23:46:13,2025-05-27 01:05:15,UTC+01:00,Consumed caffeine?,true,
2025-05-25 23:46:13,2025-05-27 01:05:15,UTC+01:00,Tracked your calories?,false,
2025-05-25 23:46:13,2025-05-27 01:05:15,UTC+01:00,Consumed carbohydrates?,true,
2025-05-25 23:46:13,2025-05-27 01:05:15,UTC+01:00,Consumed chicken/poultry?,true,
2025-05-25 23:46:13,2025-05-27 01:05:15,UTC+01:00,Avoided processed foods?,false,
2025-05-25 23:46:13,2025-05-27 01:05:15,UTC+01:00,Took creatine?,false,
2025-05-25 23:46:13,2025-05-27 01:05:15,UTC+01:00,Experienced decreased libido?,false,
2025-05-25 23:46:13,2025-05-27 01:05:15,UTC+01:00,Took fish oil?,false,
2025-05-25 23:46:13,2025-05-27 01:05:15,UTC+01:00,Ate home-cooked food?,false,
2025-05-25 23:46:13,2025-05-27 01:05:15,UTC+01:00,Took a hot shower before bed?,false,
2025-05-25 23:46:13,2025-05-27 01:05:15,UTC+01:00,Hydrated sufficiently?,false,
2025-05-25 23:46:13,2025-05-27 01:05:15,UTC+01:00,Experienced increased libido?,false,
2025-05-25 23:46:13,2025-05-27 01:05:15,UTC+01:00,Ate food close to bedtime?,true,
2025-05-25 23:46:13,2025-05-27 01:05:15,UTC+01:00,Masturbated?,true,
2025-05-25 23:46:13,2025-05-27 01:05:15,UTC+01:00,Consumed meat?,true,
2025-05-25 23:46:13,2025-05-27 01:05:15,UTC+01:00,Wore mouth tape while sleeping?,false,
2025-05-25 23:46:13,2025-05-27 01:05:15,UTC+01:00,Consumed nuts?,false,
2025-05-25 23:46:13,2025-05-27 01:05:15,UTC+01:00,Took omega 3 supplement?,false,
2025-05-25 23:46:13,2025-05-27 01:05:15,UTC+01:00,Walked after a meal?,true,
2025-05-25 23:46:13,2025-05-27 01:05:15,UTC+01:00,Used a sauna?,false,
2025-05-25 23:46:13,2025-05-27 01:05:15,UTC+01:00,Engaged in sexual activity?,false,
2025-05-25 23:46:13,2025-05-27 01:05:15,UTC+01:00,Ate takeout?,true,
2025-05-25 23:46:13,2025-05-27 01:05:15,UTC+01:00,Took vitamin D?,false,
2025-05-25 23:46:13,2025-05-27 01:05:15,UTC+01:00,Took a zinc supplement?,false,
2025-05-25 00:04:06,2025-05-25 23:46:13,UTC+01:00,Have any alcoholic drinks?,false,
2025-05-25 00:04:06,2025-05-25 23:46:13,UTC+01:00,Experienced bloating?,false,
2025-05-25 00:04:06,2025-05-25 23:46:13,UTC+01:00,Wore blue-light blocking glasses before bed?,false,
2025-05-25 00:04:06,2025-05-25 23:46:13,UTC+01:00,Ate breakfast?,false,
2025-05-25 00:04:06,2025-05-25 23:46:13,UTC+01:00,Consumed caffeine?,true,
2025-05-25 00:04:06,2025-05-25 23:46:13,UTC+01:00,Tracked your calories?,false,
2025-05-25 00:04:06,2025-05-25 23:46:13,UTC+01:00,Consumed carbohydrates?,true,
2025-05-25 00:04:06,2025-05-25 23:46:13,UTC+01:00,Consumed chicken/poultry?,false,
2025-05-25 00:04:06,2025-05-25 23:46:13,UTC+01:00,Avoided processed foods?,false,
2025-05-25 00:04:06,2025-05-25 23:46:13,UTC+01:00,Took creatine?,false,
2025-05-25 00:04:06,2025-05-25 23:46:13,UTC+01:00,Experienced decreased libido?,false,
2025-05-25 00:04:06,2025-05-25 23:46:13,UTC+01:00,Took fish oil?,false,
2025-05-25 00:04:06,2025-05-25 23:46:13,UTC+01:00,Ate home-cooked food?,false,
2025-05-25 00:04:06,2025-05-25 23:46:13,UTC+01:00,Took a hot shower before bed?,true,
2025-05-25 00:04:06,2025-05-25 23:46:13,UTC+01:00,Hydrated sufficiently?,false,
2025-05-25 00:04:06,2025-05-25 23:46:13,UTC+01:00,Experienced increased libido?,false,
2025-05-25 00:04:06,2025-05-25 23:46:13,UTC+01:00,Ate food close to bedtime?,false,
2025-05-25 00:04:06,2025-05-25 23:46:13,UTC+01:00,Masturbated?,true,
2025-05-25 00:04:06,2025-05-25 23:46:13,UTC+01:00,Consumed meat?,false,
2025-05-25 00:04:06,2025-05-25 23:46:13,UTC+01:00,Wore mouth tape while sleeping?,false,
2025-05-25 00:04:06,2025-05-25 23:46:13,UTC+01:00,Consumed nuts?,false,
2025-05-25 00:04:06,2025-05-25 23:46:13,UTC+01:00,Took omega 3 supplement?,false,
2025-05-25 00:04:06,2025-05-25 23:46:13,UTC+01:00,Walked after a meal?,true,
2025-05-25 00:04:06,2025-05-25 23:46:13,UTC+01:00,Used a sauna?,false,
2025-05-25 00:04:06,2025-05-25 23:46:13,UTC+01:00,Engaged in sexual activity?,false,
2025-05-25 00:04:06,2025-05-25 23:46:13,UTC+01:00,Ate takeout?,true,
2025-05-25 00:04:06,2025-05-25 23:46:13,UTC+01:00,Took vitamin D?,false,
2025-05-25 00:04:06,2025-05-25 23:46:13,UTC+01:00,Took a zinc supplement?,false,
2025-05-24 01:21:34,2025-05-25 00:04:06,UTC+01:00,Have any alcoholic drinks?,false,
2025-05-24 01:21:34,2025-05-25 00:04:06,UTC+01:00,Experienced bloating?,true,
2025-05-24 01:21:34,2025-05-25 00:04:06,UTC+01:00,Wore blue-light blocking glasses before bed?,false,
2025-05-24 01:21:34,2025-05-25 00:04:06,UTC+01:00,Ate breakfast?,false,
2025-05-24 01:21:34,2025-05-25 00:04:06,UTC+01:00,Consumed caffeine?,true,
2025-05-24 01:21:34,2025-05-25 00:04:06,UTC+01:00,Tracked your calories?,false,
2025-05-24 01:21:34,2025-05-25 00:04:06,UTC+01:00,Consumed carbohydrates?,true,
2025-05-24 01:21:34,2025-05-25 00:04:06,UTC+01:00,Took creatine?,false,
2025-05-24 01:21:34,2025-05-25 00:04:06,UTC+01:00,Took fish oil?,false,
2025-05-24 01:21:34,2025-05-25 00:04:06,UTC+01:00,Took a hot shower before bed?,false,
2025-05-24 01:21:34,2025-05-25 00:04:06,UTC+01:00,Hydrated sufficiently?,false,
2025-05-24 01:21:34,2025-05-25 00:04:06,UTC+01:00,Ate food close to bedtime?,true,
2025-05-24 01:21:34,2025-05-25 00:04:06,UTC+01:00,Masturbated?,true,
2025-05-24 01:21:34,2025-05-25 00:04:06,UTC+01:00,Wore mouth tape while sleeping?,false,
2025-05-24 01:21:34,2025-05-25 00:04:06,UTC+01:00,Consumed nuts?,false,
2025-05-24 01:21:34,2025-05-25 00:04:06,UTC+01:00,Took omega 3 supplement?,false,
2025-05-24 01:21:34,2025-05-25 00:04:06,UTC+01:00,Walked after a meal?,false,
2025-05-24 01:21:34,2025-05-25 00:04:06,UTC+01:00,Used a sauna?,false,
2025-05-24 01:21:34,2025-05-25 00:04:06,UTC+01:00,Engaged in sexual activity?,false,
2025-05-24 01:21:34,2025-05-25 00:04:06,UTC+01:00,Ate takeout?,true,
2025-05-24 01:21:34,2025-05-25 00:04:06,UTC+01:00,Took vitamin D?,false,
2025-05-24 01:21:34,2025-05-25 00:04:06,UTC+01:00,Took a zinc supplement?,false,
2025-05-22 23:00:46,2025-05-24 01:21:34,UTC+01:00,Have any alcoholic drinks?,false,
2025-05-22 23:00:46,2025-05-24 01:21:34,UTC+01:00,Experienced bloating?,true,
2025-05-22 23:00:46,2025-05-24 01:21:34,UTC+01:00,Wore blue-light blocking glasses before bed?,false,
2025-05-22 23:00:46,2025-05-24 01:21:34,UTC+01:00,Ate breakfast?,false,
2025-05-22 23:00:46,2025-05-24 01:21:34,UTC+01:00,Consumed caffeine?,false,
2025-05-22 23:00:46,2025-05-24 01:21:34,UTC+01:00,Tracked your calories?,false,
2025-05-22 23:00:46,2025-05-24 01:21:34,UTC+01:00,Consumed carbohydrates?,true,
2025-05-22 23:00:46,2025-05-24 01:21:34,UTC+01:00,Took creatine?,false,
2025-05-22 23:00:46,2025-05-24 01:21:34,UTC+01:00,Took fish oil?,false,
2025-05-22 23:00:46,2025-05-24 01:21:34,UTC+01:00,Took a hot shower before bed?,false,
2025-05-22 23:00:46,2025-05-24 01:21:34,UTC+01:00,Hydrated sufficiently?,false,
2025-05-22 23:00:46,2025-05-24 01:21:34,UTC+01:00,Ate food close to bedtime?,true,
2025-05-22 23:00:46,2025-05-24 01:21:34,UTC+01:00,Masturbated?,true,
2025-05-22 23:00:46,2025-05-24 01:21:34,UTC+01:00,Wore mouth tape while sleeping?,false,
2025-05-22 23:00:46,2025-05-24 01:21:34,UTC+01:00,Consumed nuts?,false,
2025-05-22 23:00:46,2025-05-24 01:21:34,UTC+01:00,Took omega 3 supplement?,false,
2025-05-22 23:00:46,2025-05-24 01:21:34,UTC+01:00,Walked after a meal?,true,
2025-05-22 23:00:46,2025-05-24 01:21:34,UTC+01:00,Used a sauna?,false,
2025-05-22 23:00:46,2025-05-24 01:21:34,UTC+01:00,Engaged in sexual activity?,false,
2025-05-22 23:00:46,2025-05-24 01:21:34,UTC+01:00,Ate takeout?,true,
2025-05-22 23:00:46,2025-05-24 01:21:34,UTC+01:00,Took vitamin D?,false,
2025-05-22 23:00:46,2025-05-24 01:21:34,UTC+01:00,Took a zinc supplement?,false,
2025-05-22 00:38:25,2025-05-22 23:00:46,UTC+01:00,Have any alcoholic drinks?,true,
2025-05-22 00:38:25,2025-05-22 23:00:46,UTC+01:00,Experienced bloating?,false,
2025-05-22 00:38:25,2025-05-22 23:00:46,UTC+01:00,Wore blue-light blocking glasses before bed?,false,
2025-05-22 00:38:25,2025-05-22 23:00:46,UTC+01:00,Ate breakfast?,false,
2025-05-22 00:38:25,2025-05-22 23:00:46,UTC+01:00,Consumed caffeine?,true,
2025-05-22 00:38:25,2025-05-22 23:00:46,UTC+01:00,Tracked your calories?,false,
2025-05-22 00:38:25,2025-05-22 23:00:46,UTC+01:00,Consumed carbohydrates?,true,
2025-05-22 00:38:25,2025-05-22 23:00:46,UTC+01:00,Took creatine?,false,
2025-05-22 00:38:25,2025-05-22 23:00:46,UTC+01:00,Took fish oil?,false,
2025-05-22 00:38:25,2025-05-22 23:00:46,UTC+01:00,Took a hot shower before bed?,false,
2025-05-22 00:38:25,2025-05-22 23:00:46,UTC+01:00,Hydrated sufficiently?,false,
2025-05-22 00:38:25,2025-05-22 23:00:46,UTC+01:00,Ate food close to bedtime?,false,
2025-05-22 00:38:25,2025-05-22 23:00:46,UTC+01:00,Masturbated?,true,
2025-05-22 00:38:25,2025-05-22 23:00:46,UTC+01:00,Wore mouth tape while sleeping?,false,
2025-05-22 00:38:25,2025-05-22 23:00:46,UTC+01:00,Consumed nuts?,false,
2025-05-22 00:38:25,2025-05-22 23:00:46,UTC+01:00,Took omega 3 supplement?,false,
2025-05-22 00:38:25,2025-05-22 23:00:46,UTC+01:00,Walked after a meal?,false,
2025-05-22 00:38:25,2025-05-22 23:00:46,UTC+01:00,Used a sauna?,false,
2025-05-22 00:38:25,2025-05-22 23:00:46,UTC+01:00,Engaged in sexual activity?,false,
2025-05-22 00:38:25,2025-05-22 23:00:46,UTC+01:00,Ate takeout?,true,
2025-05-22 00:38:25,2025-05-22 23:00:46,UTC+01:00,Took vitamin D?,false,
2025-05-22 00:38:25,2025-05-22 23:00:46,UTC+01:00,Took a zinc supplement?,false,
2025-05-20 23:43:49,2025-05-22 00:38:25,UTC+01:00,Experienced bloating?,false,
2025-05-20 23:43:49,2025-05-22 00:38:25,UTC+01:00,Wore blue-light blocking glasses before bed?,false,
2025-05-20 23:43:49,2025-05-22 00:38:25,UTC+01:00,Ate breakfast?,false,
2025-05-20 23:43:49,2025-05-22 00:38:25,UTC+01:00,Consumed caffeine?,true,
2025-05-20 23:43:49,2025-05-22 00:38:25,UTC+01:00,Tracked your calories?,false,
2025-05-20 23:43:49,2025-05-22 00:38:25,UTC+01:00,Consumed carbohydrates?,false,
2025-05-20 23:43:49,2025-05-22 00:38:25,UTC+01:00,Took creatine?,false,
2025-05-20 23:43:49,2025-05-22 00:38:25,UTC+01:00,Took fish oil?,false,
2025-05-20 23:43:49,2025-05-22 00:38:25,UTC+01:00,Took a hot shower before bed?,false,
2025-05-20 23:43:49,2025-05-22 00:38:25,UTC+01:00,Hydrated sufficiently?,true,
2025-05-20 23:43:49,2025-05-22 00:38:25,UTC+01:00,Ate food close to bedtime?,true,
2025-05-20 23:43:49,2025-05-22 00:38:25,UTC+01:00,Masturbated?,false,
2025-05-20 23:43:49,2025-05-22 00:38:25,UTC+01:00,Wore mouth tape while sleeping?,false,
2025-05-20 23:43:49,2025-05-22 00:38:25,UTC+01:00,Consumed nuts?,false,
2025-05-20 23:43:49,2025-05-22 00:38:25,UTC+01:00,Took omega 3 supplement?,false,
2025-05-20 23:43:49,2025-05-22 00:38:25,UTC+01:00,Walked after a meal?,false,
2025-05-20 23:43:49,2025-05-22 00:38:25,UTC+01:00,Used a sauna?,false,
2025-05-20 23:43:49,2025-05-22 00:38:25,UTC+01:00,Engaged in sexual activity?,false,
2025-05-20 23:43:49,2025-05-22 00:38:25,UTC+01:00,Ate takeout?,true,
2025-05-20 23:43:49,2025-05-22 00:38:25,UTC+01:00,Took vitamin D?,false,
2025-05-20 23:43:49,2025-05-22 00:38:25,UTC+01:00,Took a zinc supplement?,false,
2025-05-20 00:58:27,2025-05-20 23:43:49,UTC+01:00,Experienced bloating?,false,
2025-05-20 00:58:27,2025-05-20 23:43:49,UTC+01:00,Wore blue-light blocking glasses before bed?,false,
2025-05-20 00:58:27,2025-05-20 23:43:49,UTC+01:00,Ate breakfast?,true,
2025-05-20 00:58:27,2025-05-20 23:43:49,UTC+01:00,Consumed caffeine?,true,
2025-05-20 00:58:27,2025-05-20 23:43:49,UTC+01:00,Tracked your calories?,false,
2025-05-20 00:58:27,2025-05-20 23:43:49,UTC+01:00,Consumed carbohydrates?,false,
2025-05-20 00:58:27,2025-05-20 23:43:49,UTC+01:00,Took creatine?,false,
2025-05-20 00:58:27,2025-05-20 23:43:49,UTC+01:00,Took fish oil?,false,
2025-05-20 00:58:27,2025-05-20 23:43:49,UTC+01:00,Took a hot shower before bed?,false,
2025-05-20 00:58:27,2025-05-20 23:43:49,UTC+01:00,Hydrated sufficiently?,true,
2025-05-20 00:58:27,2025-05-20 23:43:49,UTC+01:00,Ate food close to bedtime?,true,
2025-05-20 00:58:27,2025-05-20 23:43:49,UTC+01:00,Masturbated?,false,
2025-05-20 00:58:27,2025-05-20 23:43:49,UTC+01:00,Wore mouth tape while sleeping?,false,
2025-05-20 00:58:27,2025-05-20 23:43:49,UTC+01:00,Consumed nuts?,false,
2025-05-20 00:58:27,2025-05-20 23:43:49,UTC+01:00,Took omega 3 supplement?,false,
2025-05-20 00:58:27,2025-05-20 23:43:49,UTC+01:00,Walked after a meal?,true,
2025-05-20 00:58:27,2025-05-20 23:43:49,UTC+01:00,Used a sauna?,false,
2025-05-20 00:58:27,2025-05-20 23:43:49,UTC+01:00,Engaged in sexual activity?,false,
2025-05-20 00:58:27,2025-05-20 23:43:49,UTC+01:00,Ate takeout?,false,
2025-05-20 00:58:27,2025-05-20 23:43:49,UTC+01:00,Took vitamin D?,false,
2025-05-20 00:58:27,2025-05-20 23:43:49,UTC+01:00,Took a zinc supplement?,false,
2025-05-18 23:56:50,2025-05-20 00:58:27,UTC+01:00,Experienced bloating?,false,
2025-05-18 23:56:50,2025-05-20 00:58:27,UTC+01:00,Wore blue-light blocking glasses before bed?,false,
2025-05-18 23:56:50,2025-05-20 00:58:27,UTC+01:00,Ate breakfast?,false,
2025-05-18 23:56:50,2025-05-20 00:58:27,UTC+01:00,Consumed caffeine?,false,
2025-05-18 23:56:50,2025-05-20 00:58:27,UTC+01:00,Tracked your calories?,false,
2025-05-18 23:56:50,2025-05-20 00:58:27,UTC+01:00,Consumed carbohydrates?,false,
2025-05-18 23:56:50,2025-05-20 00:58:27,UTC+01:00,Took creatine?,false,
2025-05-18 23:56:50,2025-05-20 00:58:27,UTC+01:00,Took fish oil?,false,
2025-05-18 23:56:50,2025-05-20 00:58:27,UTC+01:00,Took a hot shower before bed?,false,
2025-05-18 23:56:50,2025-05-20 00:58:27,UTC+01:00,Hydrated sufficiently?,false,
2025-05-18 23:56:50,2025-05-20 00:58:27,UTC+01:00,Ate food close to bedtime?,false,
2025-05-18 23:56:50,2025-05-20 00:58:27,UTC+01:00,Masturbated?,false,
2025-05-18 23:56:50,2025-05-20 00:58:27,UTC+01:00,Wore mouth tape while sleeping?,false,
2025-05-18 23:56:50,2025-05-20 00:58:27,UTC+01:00,Consumed nuts?,false,
2025-05-18 23:56:50,2025-05-20 00:58:27,UTC+01:00,Took omega 3 supplement?,false,
2025-05-18 23:56:50,2025-05-20 00:58:27,UTC+01:00,Walked after a meal?,false,
2025-05-18 23:56:50,2025-05-20 00:58:27,UTC+01:00,Used a sauna?,false,
2025-05-18 23:56:50,2025-05-20 00:58:27,UTC+01:00,Engaged in sexual activity?,false,
2025-05-18 23:56:50,2025-05-20 00:58:27,UTC+01:00,Ate takeout?,false,
2025-05-18 23:56:50,2025-05-20 00:58:27,UTC+01:00,Took vitamin D?,false,
2025-05-18 23:56:50,2025-05-20 00:58:27,UTC+01:00,Took a zinc supplement?,false,
